image,amusement_Mean,amusement_Std,anger_Mean,anger_Std,attachment love_Mean,attachment love_Std,awe_Mean,awe_Std,craving_Mean,craving_Std,disgust_Mean,disgust_Std,excitement_Mean,excitement_Std,fear_Mean,fear_Std,joy_Mean,joy_Std,neutral_Mean,neutral_Std,nurturant love_Mean,nurturant love_Std,sadness_Mean,sadness_Std,positive_Mean,positive_Std,negative_Mean,negative_Std,calm_Mean,calm_Std,aroused_Mean,aroused_Std,motivated to approach_Mean,motivated to approach_Std,motivated to avoid_Mean,motivated to avoid_Std
amusement_new_10.jpg,6.5,0.5051,1.08,0.274,5.9,0.4629,4.32,1.5444,2.14,0.3505,1.26,0.4431,4.88,1.1891,1.04,0.1979,5.98,0.3774,4.86,1.1068,5.64,0.6627,2.0,0.0,6.44,0.5014,1.2,0.4041,5.1,0.9313,3.9,1.233,5.64,0.6312,1.94,0.2399
amusement_new_11.jpg,6.6,0.4949,1.1,0.303,5.1,0.8864,4.78,1.0554,2.0,0.0,1.0,0.0,6.12,0.5584,1.0,0.0,6.7,0.4629,4.58,0.8827,5.34,0.7174,1.06,0.2399,6.92,0.274,1.04,0.1979,3.7,0.8864,5.12,0.8722,6.44,0.5014,1.8,0.4041
amusement_new_12.jpg,6.44,0.5014,2.04,0.1979,2.0,0.0,4.42,1.0708,1.72,0.4536,5.0,0.9258,6.02,0.4734,5.28,0.8581,5.64,0.6627,3.54,0.8134,1.76,0.4314,1.92,0.274,4.22,1.0934,2.84,0.8172,2.0,0.0,5.42,0.6417,5.12,0.4798,5.46,0.7616
amusement_new_13.jpg,6.92,0.274,1.0,0.0,5.9,0.4629,5.46,0.6764,3.58,1.4441,1.0,0.0,6.8,0.4041,1.0,0.0,7.0,0.0,2.52,0.9311,5.78,0.5455,1.0,0.0,7.0,0.0,1.0,0.0,3.64,1.0254,5.66,0.6581,6.76,0.4314,1.28,0.4536
amusement_new_14.jpg,7.0,0.0,1.0,0.0,6.18,0.5226,6.44,0.5014,2.4,0.6389,1.0,0.0,6.3,0.5803,1.0,0.0,6.98,0.1414,4.66,0.7722,6.3,0.5803,1.2,0.4041,7.0,0.0,1.0,0.0,5.62,0.6667,5.18,0.8734,6.24,0.5555,1.26,0.4431
amusement_new_15.jpg,6.92,0.274,1.08,0.274,5.96,0.402,5.22,1.1119,2.0,0.0,1.3,0.4629,5.84,0.4677,1.76,0.4314,6.44,0.5014,4.64,0.8981,5.88,0.4798,1.34,0.4785,6.6,0.4949,1.28,0.4536,5.18,0.8965,4.78,1.1119,5.84,0.4677,2.0,0.0
amusement_new_15_midj_af.jpg,5.78,0.5455,1.04,0.1979,5.58,0.6417,4.72,1.1436,2.0,0.0,1.0,0.0,5.28,0.6074,1.6,0.4949,5.96,0.3476,4.7,0.7354,5.86,0.4953,1.76,0.4314,6.42,0.4986,1.26,0.4431,5.54,0.6455,5.1,0.8144,5.84,0.4677,2.0,0.0
amusement_new_15_midj_as.jpg,6.36,0.6312,1.0,0.0,5.98,0.5147,5.58,0.6728,2.0,0.0,1.0,0.0,4.8,1.0498,1.04,0.1979,6.5,0.5051,4.8,0.9035,6.16,0.5095,1.76,0.4314,6.7,0.4629,1.2,0.4041,6.0,0.4949,3.76,1.0012,5.62,0.6667,1.76,0.4314
amusement_new_15_midj_euna.jpg,6.92,0.274,1.06,0.2399,5.96,0.402,5.14,1.1068,2.0,0.0,1.28,0.4536,5.78,0.6158,1.72,0.4536,6.44,0.5014,4.64,0.8981,5.86,0.4953,1.28,0.4536,6.6,0.4949,1.34,0.4785,5.18,0.8965,4.76,1.135,5.88,0.4352,2.0,0.0
amusement_new_15_midj_sa.jpg,6.86,0.3505,1.0,0.0,6.16,0.5095,5.68,0.8192,2.0,0.0,1.0,0.0,5.68,0.6528,1.0,0.0,6.7,0.4629,5.02,0.8204,6.36,0.4849,1.0,0.0,6.92,0.274,1.24,0.4314,4.68,1.0962,5.14,1.1068,5.96,0.402,1.76,0.4314
amusement_new_16.jpg,6.6,0.4949,1.0,0.0,5.96,0.402,2.06,0.2399,6.26,0.4431,1.0,0.0,5.84,0.4677,1.0,0.0,6.92,0.274,4.8,1.2454,6.24,0.5555,1.0,0.0,6.96,0.1979,1.0,0.0,5.62,0.6667,3.12,1.0812,6.14,0.3505,1.2,0.4041
amusement_new_16_midj_af.jpg,6.76,0.4314,1.0,0.0,5.54,0.6455,3.96,1.1241,6.96,0.1979,1.0,0.0,5.88,0.4352,1.0,0.0,6.86,0.3505,3.82,0.9409,5.92,0.4445,1.0,0.0,6.96,0.1979,1.08,0.274,4.02,0.9998,4.26,1.1395,6.36,0.4849,1.28,0.4536
amusement_new_16_midj_as.jpg,6.86,0.3505,1.0,0.0,5.58,0.6417,4.7,1.233,6.5,0.5051,1.0,0.0,5.64,0.6627,1.0,0.0,6.8,0.4041,4.28,0.9485,6.04,0.4499,1.0,0.0,6.96,0.1979,1.1,0.303,4.7,0.8144,3.82,1.024,6.24,0.5555,1.48,0.5047
amusement_new_16_midj_euna.jpg,6.5,0.5051,1.0,0.0,5.96,0.402,2.1,0.303,6.2,0.4041,1.0,0.0,5.84,0.4677,1.0,0.0,6.94,0.2399,4.66,1.2875,6.18,0.5226,1.0,0.0,6.96,0.1979,1.0,0.0,5.62,0.6667,3.12,1.0812,6.14,0.3505,1.2,0.4041
amusement_new_16_midj_sa.jpg,6.92,0.274,1.0,0.0,5.9,0.544,2.38,0.7253,6.76,0.4314,1.0,0.0,6.12,0.5206,1.0,0.0,6.96,0.1979,4.54,1.2651,6.08,0.4882,1.0,0.0,7.0,0.0,1.0,0.0,2.94,0.7117,4.44,1.2149,6.42,0.4986,1.26,0.4431
amusement_new_17.jpg,6.92,0.274,1.0,0.0,6.04,0.4499,2.9,0.8391,2.0,0.0,1.0,0.0,5.98,0.3774,1.0,0.0,6.7,0.4629,4.32,0.9134,5.92,0.4445,1.2,0.4041,6.8,0.4041,1.06,0.2399,4.02,0.9998,5.18,0.8497,6.04,0.4499,2.0,0.0
amusement_new_19.jpg,6.76,0.4314,1.0,0.0,5.92,0.4445,4.62,1.4553,5.94,0.3731,1.34,0.4785,5.54,0.8134,1.0,0.0,6.14,0.4522,5.04,0.9249,5.9,0.4629,1.54,0.5035,6.5,0.5051,1.06,0.2399,4.54,1.1287,4.24,1.2382,5.64,0.6312,1.8,0.4041
amusement_new_21.jpg,6.44,0.5014,1.2,0.4041,5.98,0.3774,3.34,0.8478,2.0,0.0,1.06,0.2399,3.48,0.8628,1.72,0.4536,5.96,0.3476,4.34,0.8234,5.74,0.5272,1.86,0.3505,6.04,0.4499,1.08,0.274,4.7,0.789,3.62,0.8781,5.42,0.6728,1.86,0.3505
amusement_new_22.jpg,6.08,0.6652,1.2,0.4041,4.82,1.1551,2.62,0.8053,1.34,0.4785,1.34,0.4785,2.5,0.6468,1.1,0.303,4.76,1.135,4.18,1.0631,5.3,1.1294,2.0,0.0,5.28,1.0698,1.8,0.4041,5.54,0.7343,3.2,0.8081,4.84,1.0947,2.0,0.0
amusement_new_24.jpg,6.86,0.3505,1.86,0.3505,4.94,0.8901,3.66,1.0616,2.0,0.0,2.0,0.0,5.92,0.4445,1.04,0.1979,6.42,0.4986,4.22,0.7083,4.0,1.0302,1.1,0.303,6.76,0.4314,1.76,0.4314,4.48,0.9528,2.88,0.6893,5.9,0.544,1.94,0.2399
amusement_new_25.jpg,6.86,0.3505,1.0,0.0,5.58,0.7025,4.94,1.3463,3.96,1.4978,5.08,1.2591,5.68,0.6528,2.0,0.0,6.42,0.4986,4.28,1.1073,5.92,0.5284,1.42,0.4986,6.3,0.5803,1.26,0.4431,5.68,0.6833,4.16,1.2513,5.96,0.402,2.22,0.4647
amusement_new_26.jpg,6.02,0.5529,1.1,0.303,5.2,0.7559,6.06,0.5115,2.3,0.4629,1.08,0.274,4.98,0.7951,1.22,0.4185,6.04,0.4499,4.74,0.7775,5.48,0.7068,1.96,0.1979,6.42,0.4986,1.34,0.4785,6.16,0.5095,3.44,0.8369,5.74,0.5272,1.96,0.1979
amusement_new_27.jpg,7.0,0.0,1.0,0.0,6.44,0.5014,2.26,0.6642,2.0,0.0,1.0,0.0,6.92,0.274,1.0,0.0,7.0,0.0,2.02,0.1414,6.3,0.5803,1.0,0.0,7.0,0.0,1.0,0.0,2.0,0.0,5.62,0.6667,6.58,0.4986,1.2,0.4041
amusement_new_30.jpg,6.3,0.5803,1.0,0.0,5.12,0.799,3.04,0.6047,2.22,0.4185,2.0,0.0,5.14,0.7827,1.0,0.0,6.42,0.4986,4.34,0.8478,5.68,0.5511,1.04,0.1979,6.24,0.5555,1.04,0.1979,6.06,0.5859,3.34,0.7722,5.8,0.4949,1.38,0.4903
amusement_new_31.jpg,5.88,0.4352,1.04,0.1979,5.6,0.6389,5.54,0.6455,2.04,0.1979,1.0,0.0,6.42,0.4986,1.2,0.4041,6.96,0.1979,3.44,0.951,5.78,0.5455,1.04,0.1979,6.96,0.1979,1.0,0.0,3.8,0.8806,5.8,0.4949,6.58,0.4986,1.84,0.3703
amusement_new_31_midj_af.jpg,4.98,1.02,1.0,0.0,5.96,0.402,6.6,0.4949,2.02,0.1414,1.0,0.0,6.44,0.5014,1.84,0.3703,6.96,0.1979,3.34,0.7722,6.36,0.4849,1.04,0.1979,6.96,0.1979,1.0,0.0,4.56,0.8369,5.92,0.3959,6.76,0.4314,1.84,0.3703
amusement_new_31_midj_as.jpg,5.88,0.4352,1.04,0.1979,5.9,0.4629,5.88,0.4352,2.0,0.0,1.0,0.0,6.3,0.4629,1.24,0.4314,6.6,0.4949,3.62,0.8303,6.04,0.4499,1.1,0.303,6.92,0.274,1.04,0.1979,3.48,0.7068,5.56,0.6115,6.58,0.4986,1.72,0.4536
amusement_new_31_midj_euna.jpg,5.86,0.4522,1.0,0.0,5.58,0.6417,5.54,0.6131,2.04,0.1979,1.0,0.0,6.42,0.4986,1.2,0.4041,6.96,0.1979,3.44,0.951,5.78,0.5455,1.04,0.1979,6.96,0.1979,1.0,0.0,3.8,0.8806,5.84,0.4677,6.58,0.4986,1.86,0.3505
amusement_new_31_midj_sa.jpg,6.42,0.4986,1.0,0.0,5.7,0.544,6.44,0.5014,2.1,0.303,1.0,0.0,6.58,0.4986,1.0,0.0,6.96,0.1979,4.62,1.1229,5.62,0.6667,1.0,0.0,6.96,0.1979,1.0,0.0,3.98,0.8204,5.94,0.3731,6.6,0.4949,1.28,0.4536
animals_173_h_midj.jpg,5.78,0.6158,1.0,0.0,4.9,1.165,5.84,0.4677,2.0,0.0,1.0,0.0,3.14,0.7001,1.0,0.0,6.14,0.3505,4.1,1.0926,5.26,0.8762,1.28,0.4536,6.5,0.5051,1.0,0.0,6.94,0.2399,2.7,0.6145,5.98,0.3188,1.84,0.3703
poshighnonsoc_11_midj.jpg,6.86,0.3505,1.0,0.0,6.12,0.4798,2.18,0.3881,2.0,0.0,1.0,0.0,6.44,0.5014,1.0,0.0,6.96,0.1979,4.7,1.1995,6.08,0.4882,1.0,0.0,6.98,0.1414,1.0,0.0,3.18,0.9409,5.1,1.0738,6.26,0.4431,1.08,0.274
poshighnonsoc_11_midj_af.jpg,5.46,0.6764,1.0,0.0,5.88,0.4352,2.94,0.5115,2.0,0.0,1.0,0.0,4.84,1.1132,1.0,0.0,6.5,0.5051,4.0,1.1066,5.56,0.7329,1.0,0.0,6.7,0.4629,1.0,0.0,5.9,0.4629,3.62,0.8781,5.98,0.3188,1.28,0.4536
poshighnonsoc_11_midj_as.jpg,5.98,0.3774,1.0,0.0,6.36,0.4849,2.48,0.5436,2.78,0.975,1.0,0.0,5.88,0.4352,1.0,0.0,6.96,0.1979,3.94,1.2683,6.42,0.4986,1.0,0.0,6.96,0.1979,1.0,0.0,5.54,0.7343,4.32,1.3005,6.44,0.5014,1.24,0.4314
poshighnonsoc_11_midj_euna.jpg,6.8,0.4041,1.0,0.0,6.12,0.4798,2.18,0.3881,2.0,0.0,1.0,0.0,6.44,0.5014,1.0,0.0,6.96,0.1979,4.7,1.1995,6.08,0.4882,1.0,0.0,6.98,0.1414,1.0,0.0,3.18,0.9409,5.04,1.0872,6.2,0.4041,1.08,0.274
poshighnonsoc_11_midj_sa.jpg,6.42,0.4986,1.0,0.0,5.82,0.5226,2.0,0.0,2.0,0.0,1.0,0.0,6.44,0.5014,1.0,0.0,6.92,0.274,3.18,1.0821,5.6,0.6701,1.0,0.0,6.92,0.274,1.0,0.0,2.0,0.0,5.62,0.6667,6.36,0.4849,1.24,0.4314
poshighnonsoc_19_midj.jpg,6.86,0.3505,1.0,0.0,6.04,0.4499,5.02,1.1692,2.18,0.3881,1.0,0.0,5.68,0.6528,1.0,0.0,6.86,0.3505,4.72,1.1959,6.04,0.4499,1.0,0.0,6.94,0.2399,1.0,0.0,3.84,0.9337,4.44,1.2149,5.98,0.3774,1.24,0.4314
poshighnonsoc_19_midj_af.jpg,5.0,0.8806,1.0,0.0,5.98,0.3774,3.24,0.7969,5.04,0.8797,1.0,0.0,2.14,0.3505,1.0,0.0,6.02,0.3188,4.74,0.8526,6.14,0.4522,1.42,0.4986,6.44,0.5014,1.0,0.0,6.3,0.5803,2.74,0.487,5.66,0.5194,1.38,0.4903
poshighnonsoc_19_midj_as.jpg,6.32,0.5869,1.0,0.0,5.64,0.6627,5.14,1.1068,2.0,0.0,1.0,0.0,2.92,0.7516,1.0,0.0,5.98,0.3774,4.74,0.7775,5.74,0.5272,1.88,0.3283,6.44,0.5014,1.04,0.1979,6.24,0.5555,3.2,0.833,5.58,0.6417,1.84,0.3703
poshighnonsoc_19_midj_euna.jpg,6.58,0.4986,1.08,0.274,5.8,0.7825,4.48,1.111,2.06,0.2399,1.6,0.4949,2.6,0.7284,1.04,0.1979,5.64,0.6627,5.18,0.8003,5.88,0.6893,2.18,0.3881,6.3,0.5803,1.28,0.4536,5.88,0.6893,2.6,0.7284,5.28,0.834,1.96,0.1979
poshighnonsoc_19_midj_sa.jpg,6.5,0.5051,1.0,0.0,5.92,0.4445,4.68,1.0962,3.24,0.7969,1.02,0.1414,4.88,0.9179,1.04,0.1979,6.0,0.3499,4.6,0.8081,5.88,0.4798,2.0,0.0,6.44,0.5014,1.22,0.4185,5.4,0.6999,3.6,0.8806,5.8,0.4949,1.8,0.4041
9340_midj.jpg,1.72,0.4536,3.1,0.6145,1.04,0.1979,1.22,0.4185,3.2,0.9476,6.42,0.4986,1.38,0.4903,2.02,0.1414,1.08,0.274,3.12,0.5938,1.0,0.0,5.66,0.7174,1.22,0.4185,5.8,0.6389,2.0,0.0,2.48,0.5047,2.0,0.0,6.3,0.5803
anger_new_1.jpg,5.4,0.6999,1.84,0.3703,2.68,0.5127,5.06,0.7931,4.62,0.7796,2.06,0.2399,5.32,0.6528,2.02,0.1414,4.62,0.7796,3.6,0.6701,2.36,0.4849,3.08,0.5284,4.58,0.7309,2.34,0.5194,4.3,0.789,4.62,0.8053,4.98,0.6848,2.52,0.5436
anger_new_10.jpg,2.0,0.0,2.0,0.0,2.26,0.487,3.04,0.7814,5.24,0.6565,1.22,0.4185,3.8,0.6999,2.14,0.3505,3.42,0.6417,4.02,0.5529,1.88,0.3283,3.46,0.6764,4.22,0.5817,2.5,0.5803,4.28,0.6713,3.92,0.7239,3.88,0.799,3.26,0.9216
anger_new_11.jpg,1.04,0.1979,4.5,1.2495,1.28,0.4536,1.92,0.274,1.34,0.4785,6.96,0.1979,1.92,0.274,2.9,0.544,1.0,0.0,3.18,0.5226,1.0,0.0,6.76,0.4314,1.22,0.4185,6.92,0.274,2.02,0.1414,3.78,1.0934,2.14,0.3505,6.92,0.274
anger_new_11_midj_af.jpg,1.24,0.4314,2.82,0.7197,1.88,0.3283,2.3,0.4629,1.84,0.3703,6.5,0.5051,2.0,0.0,2.1,0.303,1.86,0.3505,3.56,0.644,1.34,0.4785,6.5,0.5051,2.0,0.0,6.32,0.5869,3.18,0.6289,3.3,0.7354,2.88,0.3854,6.7,0.4629
anger_new_11_midj_as.jpg,2.0,0.0,3.08,0.8533,1.84,0.3703,2.0,0.0,3.2,1.4142,6.44,0.5014,2.0,0.0,2.0,0.0,1.86,0.3505,3.64,0.7217,1.1,0.303,5.96,0.6376,2.0,0.0,6.02,0.6224,2.4,0.4949,3.34,0.7722,2.96,0.3476,6.04,0.6688
anger_new_11_midj_euna.jpg,1.04,0.1979,4.5,1.2495,1.28,0.4536,1.92,0.274,1.36,0.4849,6.96,0.1979,1.92,0.274,2.9,0.544,1.0,0.0,3.18,0.5226,1.0,0.0,6.76,0.4314,1.22,0.4185,6.92,0.274,2.02,0.1414,3.78,1.0934,2.14,0.3505,6.92,0.274
anger_new_11_midj_sa.jpg,1.26,0.4431,3.2,0.7284,1.86,0.3505,2.3,0.4629,1.96,0.1979,6.74,0.4431,2.0,0.0,2.02,0.1414,1.48,0.5047,3.3,0.5051,1.26,0.4431,6.5,0.5051,1.8,0.4041,6.7,0.4629,2.66,0.5194,3.32,0.7939,2.88,0.3854,6.76,0.4314
anger_new_13.jpg,6.5,0.5051,1.08,0.274,6.12,0.4798,4.18,1.1373,2.0,0.0,1.0,0.0,6.5,0.5051,1.08,0.274,6.92,0.274,3.4,0.8806,6.04,0.4499,1.06,0.2399,6.94,0.2399,1.0,0.0,2.14,0.3505,5.8,0.4949,6.44,0.5014,1.48,0.5047
anger_new_14.jpg,6.1,0.5803,3.68,1.2526,2.14,0.3505,2.0,0.0,1.84,0.3703,3.48,1.1993,5.62,0.6667,3.4,0.9476,3.96,1.1421,2.72,0.536,2.14,0.3505,2.1,0.303,2.8,0.8571,3.84,1.3456,2.0,0.0,5.38,0.8781,4.3,1.1473,5.24,1.1877
anger_new_14_midj_af.jpg,6.8,0.4041,4.96,1.2115,2.04,0.1979,3.2,1.1066,2.0,0.0,3.7,1.3286,6.8,0.4041,4.04,1.3845,5.84,0.6809,2.14,0.3505,1.94,0.2399,1.06,0.2399,4.96,1.1058,2.74,0.9649,1.22,0.4185,5.94,0.7398,4.92,1.2095,4.0,1.4286
anger_new_14_midj_as.jpg,6.58,0.4986,6.92,0.274,1.2,0.4041,4.98,1.4213,1.26,0.4431,5.14,1.2456,6.7,0.4629,6.58,0.4986,1.84,0.3703,1.88,0.3283,1.0,0.0,1.08,0.274,1.38,0.4903,6.6,0.4949,1.0,0.0,6.7,0.4629,3.74,1.6011,6.94,0.2399
anger_new_14_midj_euna.jpg,6.08,0.5657,3.68,1.2526,2.14,0.3505,2.0,0.0,1.84,0.3703,3.6,1.2936,5.54,0.706,3.3,0.953,3.96,1.1421,2.72,0.536,2.14,0.3505,2.1,0.303,2.86,0.8332,3.72,1.2623,2.0,0.0,5.38,0.8781,4.3,1.1473,5.26,1.192
anger_new_14_midj_sa.jpg,6.7,0.4629,2.0,0.0,2.84,0.7918,3.64,1.3056,2.0,0.0,1.94,0.2399,6.44,0.5014,1.96,0.1979,6.3,0.5803,2.96,0.8797,2.86,0.9691,1.04,0.1979,6.12,0.5584,1.6,0.4949,2.0,0.0,5.72,0.6713,6.02,0.5529,2.02,0.1414
anger_new_15.jpg,5.34,0.6263,1.96,0.1979,5.4,0.6999,2.4,0.4949,2.0,0.0,1.22,0.4185,6.42,0.4986,2.04,0.1979,5.98,0.3774,3.3,0.7354,4.74,0.7775,2.0,0.0,5.92,0.4445,2.06,0.2399,2.0,0.0,5.86,0.4953,6.76,0.4314,2.02,0.1414
anger_new_2.jpg,1.08,0.274,1.72,0.4536,1.96,0.1979,2.0,0.0,1.1,0.303,5.62,0.8303,2.0,0.0,5.76,0.6565,1.26,0.4431,3.06,0.55,1.6,0.4949,3.48,1.0736,1.96,0.1979,4.62,1.0669,2.5,0.5803,2.14,0.3505,2.04,0.1979,5.78,0.8154
anger_new_3.jpg,1.0,0.0,4.24,1.1528,1.84,0.3703,2.22,0.4185,1.0,0.0,6.44,0.5014,2.0,0.0,6.92,0.274,1.0,0.0,2.22,0.4185,1.08,0.274,7.0,0.0,1.0,0.0,7.0,0.0,1.6,0.4949,5.68,0.7407,2.0,0.0,6.76,0.4314
anger_new_3_midj_af.jpg,1.0,0.0,5.14,1.1068,1.88,0.3283,2.0,0.0,1.0,0.0,4.32,1.1507,2.04,0.1979,6.86,0.3505,1.0,0.0,2.4,0.4949,1.22,0.4185,6.92,0.274,1.26,0.4431,6.96,0.1979,2.0,0.0,5.36,0.9848,2.0,0.0,6.6,0.4949
anger_new_3_midj_as.jpg,1.0,0.0,5.04,0.9467,1.84,0.3703,2.02,0.1414,1.0,0.0,4.18,1.0631,4.66,0.8478,6.44,0.5014,1.0,0.0,2.84,0.4219,1.0,0.0,6.3,0.6145,1.48,0.5047,6.8,0.4041,2.0,0.0,5.86,0.4953,3.26,0.7775,6.3,0.5803
anger_new_3_midj_euna.jpg,1.0,0.0,4.24,1.1528,1.84,0.3703,2.18,0.3881,1.0,0.0,6.44,0.5014,2.0,0.0,6.94,0.2399,1.0,0.0,2.22,0.4185,1.08,0.274,7.0,0.0,1.0,0.0,7.0,0.0,1.6,0.4949,5.62,0.8303,2.0,0.0,6.76,0.4314
anger_new_3_midj_sa.jpg,1.0,0.0,5.98,0.6543,1.6,0.4949,2.7,0.7071,1.0,0.0,4.94,0.9775,5.52,0.7887,6.32,0.5869,1.0,0.0,2.22,0.4185,1.0,0.0,6.2,0.6701,1.2,0.4041,6.96,0.1979,1.28,0.4536,6.5,0.5051,3.5,0.9091,6.3,0.5803
anger_new_4.jpg,5.78,0.5455,2.66,0.8478,2.8,0.5345,5.74,0.5272,2.0,0.0,3.32,1.0962,6.04,0.4499,2.18,0.3881,5.66,0.5194,3.58,0.7848,2.18,0.3881,2.3,0.4629,5.54,0.6455,2.78,0.864,2.06,0.2399,5.56,0.5014,5.74,0.5272,2.66,0.7982
anger_new_5.jpg,1.0,0.0,5.04,0.9467,1.22,0.4185,2.0,0.0,1.26,0.4431,6.86,0.3505,2.0,0.0,3.48,0.7624,1.08,0.274,3.14,0.5349,1.0,0.0,6.5,0.5051,1.24,0.4314,6.76,0.4314,2.0,0.0,4.56,0.951,2.06,0.2399,6.86,0.3505
anger_new_5_midj_af.jpg,1.2,0.4041,4.22,1.1119,1.88,0.3283,2.06,0.2399,2.0,0.0,6.58,0.4986,2.04,0.1979,2.62,0.5303,1.84,0.3703,3.3,0.5803,1.18,0.3881,6.24,0.5555,2.0,0.0,6.42,0.4986,2.88,0.3854,4.84,0.9553,2.52,0.5436,6.44,0.5014
anger_new_5_midj_as.jpg,1.08,0.274,5.1,0.9742,1.94,0.2399,3.72,0.9267,2.86,0.9478,6.6,0.4949,2.48,0.5436,5.06,0.843,1.24,0.4314,3.5,0.6468,1.2,0.4041,6.6,0.4949,1.8,0.4041,6.76,0.4314,2.88,0.3854,5.48,0.7068,2.88,0.3854,6.6,0.4949
anger_new_5_midj_euna.jpg,1.0,0.0,5.04,0.9467,1.22,0.4185,2.0,0.0,1.26,0.4431,6.8,0.4041,2.0,0.0,3.48,0.7624,1.08,0.274,3.14,0.5349,1.0,0.0,6.5,0.5051,1.24,0.4314,6.76,0.4314,2.0,0.0,4.56,0.951,2.1,0.303,6.8,0.4041
anger_new_5_midj_sa.jpg,1.0,0.0,4.24,1.0797,1.72,0.4536,2.4,0.4949,2.02,0.1414,6.76,0.4314,2.0,0.0,4.22,0.8873,1.2,0.4041,3.56,0.644,1.0,0.0,6.42,0.4986,1.6,0.4949,6.58,0.4986,2.82,0.3881,4.96,0.8797,2.48,0.5047,6.58,0.4986
anger_new_6.jpg,2.3,0.4629,1.94,0.2399,2.02,0.1414,2.02,0.1414,1.94,0.2399,1.3,0.4629,3.08,0.4882,1.84,0.3703,3.04,0.533,3.48,0.7068,1.66,0.4785,2.02,0.1414,3.84,0.9337,2.0,0.0,4.24,0.9596,2.84,0.4219,4.48,0.8862,2.18,0.3881
anger_new_8.jpg,4.22,1.1657,5.34,1.0422,1.24,0.4314,2.0,0.0,1.0,0.0,5.94,0.8901,5.04,0.9467,3.16,0.6503,1.72,0.4536,3.04,0.402,1.0,0.0,2.72,0.5729,1.8,0.4041,6.1,0.8391,1.8,0.4041,4.56,0.9723,3.16,0.7918,5.72,0.757
garbagedump2_midj.jpg,1.0,0.0,5.1,0.9313,1.0,0.0,1.8,0.4041,1.08,0.274,6.96,0.1979,1.22,0.4185,2.18,0.3881,1.0,0.0,3.0,0.6389,1.0,0.0,6.6,0.4949,1.04,0.1979,6.86,0.3505,2.0,0.0,3.3,0.7626,1.86,0.3505,6.92,0.274
garbagedump4_midj.jpg,1.2,0.4041,6.32,0.5869,1.0,0.0,1.38,0.4903,1.88,0.3283,7.0,0.0,1.26,0.4431,5.08,1.0467,1.0,0.0,3.88,0.799,1.0,0.0,6.92,0.274,1.0,0.0,7.0,0.0,2.0,0.0,4.08,0.9442,2.0,0.0,6.96,0.1979
h038_midj.jpg,1.0,0.0,1.96,0.1979,1.94,0.2399,2.22,0.4185,1.92,0.274,5.78,0.6158,1.8,0.4041,3.16,0.6503,1.28,0.4536,3.4,0.6389,2.06,0.2399,6.04,0.533,1.86,0.3505,5.76,0.716,3.24,0.6565,2.0,0.0,2.0,0.0,5.58,0.7848
landscapes_026_h_midj.jpg,1.0,0.0,5.04,1.1058,1.04,0.1979,1.54,0.5035,1.6,0.4949,6.96,0.1979,1.42,0.4986,3.76,1.2545,1.0,0.0,2.26,0.7775,1.0,0.0,6.6,0.4949,1.0,0.0,6.86,0.3505,1.72,0.4536,3.3,0.8864,1.92,0.274,6.96,0.1979
landscapes_139_h_midj.jpg,2.0,0.0,2.88,0.3854,1.1,0.303,1.76,0.4314,5.9,0.4165,6.94,0.2399,1.88,0.3283,2.0,0.0,1.04,0.1979,3.1,0.5051,1.0,0.0,5.02,1.1156,1.1,0.303,6.22,0.6481,2.0,0.0,2.82,0.3881,2.0,0.0,6.7,0.4629
landscapes_139_h_midj_af.jpg,1.8,0.4041,3.24,0.716,1.08,0.274,2.0,0.0,2.18,0.3881,6.58,0.4986,1.96,0.1979,2.14,0.3505,1.0,0.0,3.28,0.6074,1.0,0.0,6.12,0.5206,1.24,0.4314,5.84,0.6809,2.0,0.0,3.14,0.6064,2.0,0.0,6.18,0.5226
landscapes_139_h_midj_as.jpg,1.48,0.5047,3.9,1.1112,1.84,0.3703,2.44,0.5406,5.36,0.6627,6.44,0.5014,1.86,0.3505,2.52,0.5436,1.2,0.4041,3.78,0.79,1.1,0.303,6.42,0.4986,1.34,0.4785,5.94,0.5115,2.74,0.6943,3.12,0.5938,2.0,0.0,6.3,0.5803
landscapes_139_h_midj_euna.jpg,2.0,0.0,2.86,0.4522,1.1,0.303,1.76,0.4314,5.94,0.3731,6.92,0.274,1.88,0.3283,2.0,0.0,1.04,0.1979,3.1,0.5051,1.0,0.0,5.2,1.0302,1.1,0.303,6.22,0.6481,2.0,0.0,2.74,0.4431,2.0,0.0,6.6,0.4949
landscapes_139_h_midj_sa.jpg,1.0,0.0,5.52,0.7068,1.0,0.0,1.96,0.1979,1.88,0.3283,6.96,0.1979,1.22,0.4185,3.14,0.6064,1.0,0.0,3.08,0.4882,1.0,0.0,6.6,0.4949,1.04,0.1979,6.92,0.274,2.0,0.0,3.32,0.6833,1.94,0.2399,6.86,0.3505
people_127_h_midj.jpg,2.02,0.1414,6.58,0.4986,1.2,0.4041,1.84,0.3703,1.0,0.0,6.3,0.5803,5.34,1.0994,6.6,0.4949,1.2,0.4041,2.0,0.0,1.0,0.0,6.28,0.6402,1.1,0.303,6.96,0.1979,1.72,0.4536,6.16,0.5481,2.0,0.0,6.8,0.4041
picture3_midj.jpg,2.8,0.8571,6.14,0.5349,2.3,0.4629,1.84,0.3703,1.0,0.0,2.88,0.8722,4.52,0.8142,5.5,0.7354,1.92,0.274,2.48,0.5047,2.1,0.303,3.74,0.7775,2.0,0.0,6.0,0.4949,2.0,0.0,5.54,0.6455,2.44,0.5406,5.76,0.6565
2340_midj.jpg,6.58,0.4986,1.0,0.0,6.96,0.1979,2.3,0.4629,1.84,0.3703,1.0,0.0,5.64,0.6627,1.0,0.0,7.0,0.0,2.96,1.3087,6.98,0.1414,1.0,0.0,7.0,0.0,1.0,0.0,3.42,0.7025,3.38,0.8303,6.44,0.5014,1.0,0.0
2340_midj_af.jpg,5.68,0.6528,1.0,0.0,6.96,0.1979,4.96,1.1599,1.86,0.3505,1.0,0.0,3.4,0.8806,1.0,0.0,6.94,0.2399,4.36,1.3516,6.96,0.1979,2.02,0.1414,7.0,0.0,1.0,0.0,4.96,0.8562,2.78,0.7365,6.06,0.2399,1.08,0.274
2340_midj_as.jpg,6.3,0.5803,1.0,0.0,6.98,0.1414,3.86,1.1782,2.0,0.0,1.0,0.0,5.58,0.6417,1.0,0.0,7.0,0.0,3.88,1.7916,6.96,0.1979,1.0,0.0,7.0,0.0,1.0,0.0,3.4,0.7559,2.6,0.7284,6.42,0.4986,1.0,0.0
2340_midj_euna.jpg,6.58,0.4986,1.0,0.0,6.96,0.1979,2.5,0.6468,1.84,0.3703,1.0,0.0,5.62,0.6667,1.0,0.0,7.0,0.0,2.78,0.975,6.98,0.1414,1.0,0.0,7.0,0.0,1.0,0.0,3.38,0.7253,3.38,0.8053,6.44,0.5014,1.04,0.1979
2340_midj_sa.jpg,6.6,0.4949,1.0,0.0,6.96,0.1979,4.98,1.4213,2.0,0.0,1.0,0.0,6.04,0.4499,1.0,0.0,7.0,0.0,2.38,1.0669,6.96,0.1979,1.0,0.0,7.0,0.0,1.0,0.0,3.38,0.7796,3.06,1.0184,6.14,0.3505,1.04,0.1979
2398_midj.jpg,5.64,0.5253,1.2,0.4041,5.9,0.4165,4.58,0.7584,3.96,1.1421,1.0,0.0,5.7,0.5051,1.2,0.4041,6.44,0.5014,4.84,0.6503,5.78,0.5455,1.2,0.4041,6.7,0.4629,1.24,0.4314,5.54,0.6455,4.7,0.7354,5.98,0.3774,1.34,0.4785
2560_midj.jpg,4.96,0.7273,1.34,0.4785,6.26,0.4431,5.48,0.6465,6.04,0.1979,1.0,0.0,4.92,0.6952,1.04,0.1979,6.44,0.5014,5.26,0.7231,6.42,0.4986,1.84,0.3703,6.96,0.1979,1.28,0.4536,6.24,0.5555,4.86,0.8809,5.96,0.3476,1.48,0.5047
2580_midj.jpg,3.22,0.5817,1.84,0.3703,4.28,0.8816,2.66,0.5194,1.26,0.4431,1.0,0.0,3.78,0.6481,1.2,0.4041,4.98,0.769,4.54,0.706,2.8,0.5345,2.94,0.5115,5.74,0.5272,1.88,0.3283,6.06,0.5859,3.9,0.6776,4.16,0.8889,2.0,0.0
attachment_love_new_2_midj_af.jpg,2.74,0.487,1.0,0.0,6.96,0.1979,5.62,0.6667,2.1,0.303,1.0,0.0,3.38,0.7253,1.0,0.0,6.86,0.3505,4.02,1.0398,6.96,0.1979,1.2,0.4041,6.98,0.1414,1.0,0.0,6.28,0.6074,3.56,0.7602,5.94,0.3731,1.26,0.4431
attachment_love_new_2_midj_as.jpg,4.18,1.0437,1.0,0.0,6.96,0.1979,4.82,1.2237,2.0,0.0,1.0,0.0,3.7,0.8631,1.0,0.0,6.96,0.1979,4.58,1.2631,6.96,0.1979,1.04,0.1979,7.0,0.0,1.0,0.0,6.58,0.4986,2.78,0.5067,5.98,0.3774,1.08,0.274
attachment_love_new_2_midj_euna.jpg,3.84,1.0373,1.0,0.0,6.96,0.1979,4.9,1.0546,2.0,0.0,1.0,0.0,4.02,0.8449,1.0,0.0,6.94,0.2399,4.46,1.4737,6.98,0.1414,1.24,0.4314,7.0,0.0,1.0,0.0,6.44,0.6749,3.18,0.6606,5.96,0.402,1.38,0.4903
attachment_love_new_2_midj_sa.jpg,3.56,0.8122,1.0,0.0,6.96,0.1979,5.1,0.8144,2.0,0.0,1.0,0.0,3.34,0.6884,1.0,0.0,6.76,0.4314,4.92,1.14,6.96,0.1979,1.54,0.5035,6.98,0.1414,1.04,0.1979,6.8,0.4041,3.32,0.7126,5.92,0.4445,1.24,0.4314
attachment_love_new_3_midj_af.jpg,5.58,0.6417,1.0,0.0,7.0,0.0,5.8,0.4949,2.76,0.6869,1.0,0.0,4.52,1.015,1.0,0.0,7.0,0.0,2.88,1.0622,6.96,0.1979,1.0,0.0,7.0,0.0,1.0,0.0,6.32,0.5869,4.18,1.1373,6.44,0.5014,1.06,0.2399
attachment_love_new_3_midj_as.jpg,5.54,0.6455,1.0,0.0,6.96,0.1979,5.22,0.8873,2.3,0.4629,1.0,0.0,2.84,0.4219,1.0,0.0,6.96,0.1979,4.7,1.4463,6.96,0.1979,1.0,0.0,7.0,0.0,1.0,0.0,6.76,0.4314,2.44,0.5406,6.42,0.4986,1.08,0.274
attachment_love_new_3_midj_euna.jpg,6.24,0.5555,1.0,0.0,7.0,0.0,5.38,0.901,2.02,0.1414,1.0,0.0,3.82,1.1899,1.0,0.0,7.0,0.0,2.18,0.3881,7.0,0.0,1.0,0.0,7.0,0.0,1.0,0.0,6.76,0.4314,3.64,1.4107,6.44,0.5014,1.0,0.0
attachment_love_new_3_midj_sa.jpg,4.44,0.8609,1.0,0.0,6.96,0.1979,5.58,0.6417,2.4,0.4949,1.0,0.0,3.88,0.9398,1.0,0.0,6.92,0.274,3.82,1.0039,6.94,0.2399,1.28,0.4536,6.98,0.1414,1.0,0.0,6.3,0.5803,3.28,0.757,6.3,0.4629,1.24,0.4314
attachment_love_new_8_midj_af.jpg,2.44,0.5014,1.0,0.0,6.92,0.274,5.98,0.3774,2.72,0.4536,1.0,0.0,3.36,0.6928,1.0,0.0,6.08,0.4445,4.1,1.0926,6.96,0.1979,2.02,0.1414,6.92,0.274,1.24,0.4314,6.6,0.4949,3.26,0.6943,5.96,0.3476,1.48,0.5047
attachment_love_new_8_midj_as.jpg,4.04,0.9681,1.0,0.0,6.96,0.1979,5.54,0.6455,3.1,0.5803,1.0,0.0,3.3,0.7354,1.0,0.0,6.96,0.1979,4.72,1.1436,6.98,0.1414,1.28,0.4536,7.0,0.0,1.0,0.0,6.96,0.1979,2.78,0.5817,6.2,0.4041,1.28,0.4536
attachment_love_new_8_midj_euna.jpg,4.84,0.9337,1.0,0.0,6.86,0.3505,5.68,0.5511,3.26,1.192,1.0,0.0,5.02,0.769,1.0,0.0,6.96,0.1979,4.18,1.207,6.92,0.274,1.08,0.274,6.98,0.1414,1.0,0.0,6.76,0.4314,5.06,0.8184,6.44,0.5014,1.28,0.4536
attachment_love_new_8_midj_sa.jpg,5.32,0.6528,1.0,0.0,6.94,0.2399,5.74,0.6328,2.7,0.6145,1.0,0.0,5.5,0.6145,1.0,0.0,6.96,0.1979,4.04,1.3845,6.96,0.1979,1.0,0.0,7.0,0.0,1.0,0.0,6.58,0.4986,4.18,1.0039,6.44,0.5014,1.1,0.303
attachmentlove_new_1.jpg,5.98,0.3774,1.0,0.0,6.76,0.4314,5.54,0.6131,6.14,0.3505,1.0,0.0,5.88,0.4352,1.0,0.0,7.0,0.0,4.24,1.7209,6.8,0.4041,1.0,0.0,7.0,0.0,1.0,0.0,5.46,0.706,5.46,0.6764,6.44,0.5014,1.08,0.274
attachmentlove_new_10.jpg,2.0,0.0,1.0,0.0,6.96,0.1979,6.98,0.1414,2.28,0.5729,1.0,0.0,3.9,0.9742,1.0,0.0,6.96,0.1979,3.44,0.8122,6.44,0.5014,2.0,0.0,7.0,0.0,1.04,0.1979,6.98,0.1414,5.62,0.6667,6.44,0.5014,1.76,0.4314
attachmentlove_new_12.jpg,2.0,0.0,1.0,0.0,7.0,0.0,3.32,0.8676,2.0,0.0,1.0,0.0,2.18,0.3881,1.08,0.274,6.5,0.5051,3.04,0.7273,6.8,0.4041,2.0,0.0,6.96,0.1979,1.04,0.1979,6.04,0.6987,5.1,0.8631,5.68,0.6833,1.54,0.5035
attachmentlove_new_2.jpg,3.84,1.0373,1.0,0.0,6.96,0.1979,4.9,1.0546,2.0,0.0,1.0,0.0,4.02,0.8449,1.0,0.0,6.94,0.2399,4.46,1.4737,6.98,0.1414,1.24,0.4314,7.0,0.0,1.0,0.0,6.44,0.6749,3.18,0.6606,5.96,0.402,1.38,0.4903
attachmentlove_new_3.jpg,6.24,0.5555,1.0,0.0,7.0,0.0,5.38,0.901,2.02,0.1414,1.0,0.0,3.82,1.1899,1.0,0.0,7.0,0.0,2.18,0.3881,7.0,0.0,1.0,0.0,7.0,0.0,1.0,0.0,6.76,0.4314,3.62,1.4412,6.5,0.5051,1.0,0.0
attachmentlove_new_5.jpg,1.86,0.3505,1.0,0.0,7.0,0.0,4.28,1.1436,2.0,0.0,1.0,0.0,2.0,0.0,1.0,0.0,6.86,0.3505,2.46,0.7343,7.0,0.0,2.38,0.5675,7.0,0.0,1.0,0.0,6.3,0.6145,3.54,0.9521,5.9,0.4165,1.26,0.4431
attachmentlove_new_7.jpg,4.84,1.0568,1.0,0.0,6.92,0.274,5.46,0.7616,5.98,0.3774,1.08,0.274,4.92,0.7516,1.0,0.0,7.0,0.0,4.74,1.3219,6.96,0.1979,1.0,0.0,7.0,0.0,1.04,0.1979,6.6,0.4949,3.54,0.8855,6.5,0.5051,1.48,0.5047
attachmentlove_new_8.jpg,4.84,0.9337,1.0,0.0,6.86,0.3505,5.68,0.5511,3.26,1.192,1.0,0.0,5.02,0.769,1.0,0.0,6.96,0.1979,4.18,1.207,6.92,0.274,1.08,0.274,6.98,0.1414,1.0,0.0,6.76,0.4314,5.06,0.8184,6.44,0.5014,1.28,0.4536
attachmentlove_new_9.jpg,2.0,0.0,1.0,0.0,6.3,0.5803,6.04,0.4499,2.0,0.0,1.0,0.0,2.14,0.3505,1.2,0.4041,6.36,0.4849,6.2,0.6701,6.3,0.5803,2.0,0.0,6.92,0.274,1.22,0.4185,7.0,0.0,2.88,0.3854,5.84,0.4677,1.72,0.4536
maps134_midj.jpg,4.64,1.3365,1.0,0.0,6.76,0.4314,5.32,0.9134,1.54,0.5035,1.0,0.0,5.84,0.4677,1.0,0.0,6.98,0.1414,4.76,1.4365,6.16,0.5095,1.0,0.0,7.0,0.0,1.0,0.0,4.98,0.9581,4.02,1.0784,6.36,0.4849,1.04,0.1979
maps138_midj.jpg,2.0,0.0,1.04,0.1979,5.54,0.7343,4.48,0.9739,1.1,0.303,1.0,0.0,3.48,0.8628,1.94,0.2399,6.42,0.4986,3.98,1.02,5.64,0.7217,1.96,0.1979,6.92,0.274,1.54,0.5035,5.3,0.7354,3.36,0.7217,6.18,0.5226,2.0,0.0
maps158_midj.jpg,5.78,0.6158,1.0,0.0,6.96,0.1979,4.78,1.0934,2.0,0.0,1.0,0.0,5.9,0.4165,1.0,0.0,7.0,0.0,3.04,0.6376,6.96,0.1979,1.22,0.4185,7.0,0.0,1.0,0.0,3.48,0.7068,5.28,0.9267,6.44,0.5014,1.34,0.4785
maps158_midj_af.jpg,2.74,0.7775,1.0,0.0,6.96,0.1979,4.94,0.8901,1.84,0.3703,1.0,0.0,4.6,0.9689,1.92,0.274,6.96,0.1979,2.84,0.4219,6.8,0.4041,1.76,0.4314,6.96,0.1979,1.1,0.303,3.54,0.7879,4.42,1.0515,6.08,0.4882,1.84,0.3703
maps158_midj_as.jpg,2.0,0.0,1.0,0.0,6.98,0.1414,5.32,0.6528,2.02,0.1414,1.0,0.0,4.64,0.8751,1.22,0.4185,6.6,0.4949,3.42,0.8352,6.72,0.4536,2.18,0.3881,6.94,0.2399,1.28,0.4536,5.62,0.6667,4.98,0.9998,6.18,0.5226,1.84,0.3703
maps158_midj_euna.jpg,5.78,0.6158,1.0,0.0,6.98,0.1414,4.82,1.1192,2.0,0.0,1.0,0.0,5.88,0.4352,1.0,0.0,7.0,0.0,3.04,0.6376,6.94,0.2399,1.22,0.4185,7.0,0.0,1.0,0.0,3.48,0.7068,5.2,0.9476,6.42,0.4986,1.34,0.4785
maps158_midj_sa.jpg,1.96,0.1979,1.1,0.303,7.0,0.0,4.56,0.9723,2.0,0.0,1.0,0.0,3.3,0.7354,1.76,0.4314,6.3,0.5803,3.32,0.7126,6.92,0.274,3.28,0.757,6.94,0.2399,1.54,0.5035,4.8,0.9035,5.04,1.0294,6.04,0.4499,1.92,0.274
maps236_midj.jpg,3.82,0.9409,1.42,0.4986,4.78,0.91,3.44,0.8369,1.22,0.4185,1.2,0.4041,3.28,0.757,2.1,0.303,6.04,0.4499,4.18,0.7475,2.88,0.8241,2.0,0.0,6.44,0.5014,2.04,0.1979,4.98,0.769,4.16,0.8889,5.92,0.4445,2.18,0.3881
picture197_mid.jpg,6.86,0.3505,1.24,0.4314,2.54,0.6455,1.94,0.2399,1.88,0.3283,1.04,0.1979,6.6,0.4949,1.54,0.5035,6.94,0.2399,2.72,0.6074,2.02,0.1414,1.0,0.0,6.6,0.4949,1.34,0.4785,2.0,0.0,5.38,0.6966,6.04,0.4499,1.26,0.4431
posmidsoc_3_midj.jpg,4.46,0.7879,1.04,0.1979,6.04,0.4499,2.66,0.5194,1.72,0.4536,1.0,0.0,4.42,0.7584,1.0,0.0,6.26,0.4431,4.7,0.8144,6.24,0.5555,1.86,0.3505,6.86,0.3505,1.08,0.274,5.64,0.5628,3.62,0.7253,5.84,0.4677,1.34,0.4785
wedding4_midj.jpg,2.02,0.1414,1.0,0.0,6.58,0.4986,6.0,0.3499,5.74,0.6328,1.0,0.0,5.6,0.6389,1.0,0.0,6.96,0.1979,4.24,1.2545,6.34,0.4785,1.0,0.0,6.96,0.1979,1.0,0.0,6.86,0.3505,3.8,1.3401,6.06,0.2399,1.26,0.4431
awe_new_1.jpg,1.1,0.303,1.0,0.0,4.16,0.9553,7.0,0.0,2.0,0.0,1.0,0.0,3.32,0.7677,2.0,0.0,6.1,0.4165,5.02,0.9792,5.28,0.834,2.0,0.0,6.94,0.2399,1.22,0.4185,7.0,0.0,5.48,0.7351,6.3,0.4629,2.0,0.0
awe_new_1_midj_af.jpg,2.0,0.0,1.0,0.0,3.62,0.753,7.0,0.0,2.04,0.1979,1.0,0.0,5.54,0.6131,1.1,0.303,6.96,0.1979,5.16,0.9337,2.88,0.3283,1.34,0.4785,7.0,0.0,1.04,0.1979,6.96,0.1979,5.84,0.4219,6.8,0.4041,1.88,0.3283
awe_new_1_midj_as.jpg,1.84,0.3703,1.0,0.0,5.2,0.8081,7.0,0.0,2.0,0.0,1.0,0.0,5.18,0.919,1.1,0.303,6.96,0.1979,5.22,0.9322,5.74,0.6328,1.28,0.4536,7.0,0.0,1.0,0.0,7.0,0.0,5.92,0.3959,6.5,0.5051,1.88,0.3283
awe_new_1_midj_euna.jpg,1.1,0.303,1.0,0.0,4.16,0.9553,7.0,0.0,2.0,0.0,1.0,0.0,3.34,0.7722,2.0,0.0,6.1,0.4165,4.96,1.0093,5.28,0.834,1.96,0.1979,6.94,0.2399,1.22,0.4185,7.0,0.0,5.32,0.8192,6.3,0.4629,2.0,0.0
awe_new_1_midj_sa.jpg,1.06,0.2399,1.0,0.0,3.42,0.6728,6.96,0.1979,2.0,0.0,1.0,0.0,2.94,0.3136,2.18,0.3881,5.76,0.4764,5.36,0.6928,4.58,0.9495,2.0,0.0,6.5,0.5051,1.28,0.4536,7.0,0.0,5.2,0.7825,5.88,0.3854,2.0,0.0
awe_new_2.jpg,1.04,0.1979,1.0,0.0,2.04,0.1979,7.0,0.0,1.34,0.4785,1.0,0.0,5.08,0.9223,2.0,0.0,5.74,0.5272,5.06,1.0184,2.0,0.0,2.18,0.3881,6.58,0.4986,1.24,0.4314,7.0,0.0,5.3,0.9313,5.88,0.4352,2.0,0.0
awe_new_3.jpg,1.04,0.1979,1.2,0.4041,2.1,0.303,7.0,0.0,1.72,0.4536,1.0,0.0,6.04,0.4499,4.94,1.3001,6.5,0.5051,5.08,1.2095,2.0,0.0,2.0,0.0,6.96,0.1979,1.6,0.4949,6.92,0.274,5.86,0.4522,6.44,0.5014,2.04,0.1979
awe_new_4.jpg,1.1,0.303,1.2,0.4041,1.88,0.3283,7.0,0.0,1.2,0.4041,1.1,0.303,2.9,0.4165,2.02,0.1414,4.22,0.8873,5.1,0.9091,1.88,0.3283,3.62,0.8781,5.48,0.7068,2.0,0.0,7.0,0.0,3.12,0.5938,5.04,0.8071,3.24,1.0797
awe_new_5.jpg,1.08,0.274,1.0,0.0,3.3,0.7354,7.0,0.0,1.88,0.3283,1.0,0.0,3.58,0.8352,1.84,0.3703,7.0,0.0,6.4,0.7284,2.86,0.9478,1.84,0.3703,7.0,0.0,1.0,0.0,7.0,0.0,4.36,1.2081,6.76,0.4314,1.76,0.4314
awe_new_6.jpg,2.04,0.1979,1.54,0.5035,2.98,0.2466,6.96,0.1979,2.0,0.0,1.0,0.0,5.4,0.6389,1.54,0.5035,6.44,0.5014,4.74,1.0063,2.02,0.1414,2.0,0.0,6.6,0.4949,1.38,0.4903,6.58,0.4986,5.08,0.8291,6.06,0.2399,2.0,0.0
awe_new_7.jpg,2.0,0.0,1.0,0.0,5.08,0.8291,7.0,0.0,2.0,0.0,1.0,0.0,4.04,1.049,1.08,0.274,6.96,0.1979,5.26,1.2747,3.42,1.1445,1.84,0.3703,7.0,0.0,1.0,0.0,7.0,0.0,4.9,0.9313,6.42,0.4986,1.84,0.3703
awe_new_8.jpg,1.08,0.274,1.48,0.5047,2.0,0.0,7.0,0.0,2.02,0.1414,1.0,0.0,5.58,0.6417,4.16,1.1843,6.0,0.3499,4.72,0.9697,1.96,0.1979,2.14,0.3505,6.26,0.4431,2.0,0.0,6.92,0.274,5.52,0.6141,5.98,0.3774,2.32,0.6207
awe_new_8_midj_af.jpg,2.0,0.0,1.0,0.0,2.98,0.2466,7.0,0.0,2.0,0.0,1.0,0.0,5.9,0.4165,2.0,0.0,6.96,0.1979,5.94,0.8184,2.88,0.3283,1.84,0.3703,7.0,0.0,1.04,0.1979,7.0,0.0,5.62,0.4903,6.6,0.4949,1.8,0.4041
awe_new_8_midj_as.jpg,2.0,0.0,1.0,0.0,2.98,0.2466,7.0,0.0,2.0,0.0,1.0,0.0,5.88,0.4352,2.14,0.3505,6.96,0.1979,5.8,0.7284,3.14,0.5718,1.84,0.3703,7.0,0.0,1.0,0.0,7.0,0.0,5.8,0.4518,6.6,0.4949,1.92,0.274
awe_new_8_midj_euna.jpg,1.08,0.274,1.42,0.4986,2.0,0.0,7.0,0.0,2.02,0.1414,1.0,0.0,5.58,0.6417,4.16,1.1843,6.0,0.3499,4.72,0.9697,1.96,0.1979,2.14,0.3505,6.3,0.4629,2.0,0.0,6.94,0.2399,5.5,0.6145,5.98,0.3774,2.38,0.7253
awe_new_8_midj_sa.jpg,2.0,0.0,1.0,0.0,2.86,0.3505,7.0,0.0,2.3,0.4629,1.0,0.0,5.98,0.3774,2.0,0.0,6.96,0.1979,5.72,0.6713,2.22,0.4185,1.88,0.3283,7.0,0.0,1.08,0.274,6.96,0.1979,5.96,0.3476,6.5,0.5051,1.92,0.274
lake12_midj.jpg,1.92,0.274,1.0,0.0,3.5,0.6468,7.0,0.0,2.1,0.303,1.0,0.0,5.5,0.6145,1.88,0.3283,6.98,0.1414,6.08,0.7239,3.28,0.8091,1.6,0.4949,7.0,0.0,1.0,0.0,7.0,0.0,5.52,0.6141,6.8,0.4041,1.42,0.4986
lake2_midj.jpg,1.88,0.3283,1.0,0.0,4.64,0.8981,7.0,0.0,2.0,0.0,1.0,0.0,2.88,0.3854,1.0,0.0,6.96,0.1979,6.28,0.6402,3.74,1.1031,1.1,0.303,7.0,0.0,1.0,0.0,7.0,0.0,3.52,0.8628,6.76,0.4314,1.88,0.3283
landscapes_121_h_midj.jpg,2.02,0.1414,1.06,0.2399,4.52,0.7351,6.96,0.1979,2.14,0.3505,1.0,0.0,4.16,0.8889,1.86,0.3505,6.92,0.274,6.22,0.6481,3.52,0.9528,2.0,0.0,6.98,0.1414,1.2,0.4041,7.0,0.0,4.28,1.0506,6.5,0.5051,1.88,0.3283
landscapes_140_v_midj.jpg,2.0,0.0,1.0,0.0,5.06,0.8901,6.96,0.1979,4.86,1.2938,1.0,0.0,5.54,0.6131,1.88,0.3283,6.76,0.4314,5.52,0.7624,3.7,1.1473,2.0,0.0,6.96,0.1979,1.2,0.4041,6.96,0.1979,5.34,0.8234,6.3,0.4629,2.0,0.0
landscapes_154_h_midj.jpg,1.1,0.303,1.1,0.303,2.66,0.4785,7.0,0.0,2.0,0.0,1.0,0.0,4.74,0.7775,2.0,0.0,6.06,0.2399,5.04,1.0093,2.0,0.0,2.14,0.3505,6.44,0.5014,1.42,0.4986,7.0,0.0,4.8,0.9476,6.14,0.3505,2.0,0.0
landscapes_180_h_midj.jpg,2.02,0.1414,1.0,0.0,3.54,0.8381,6.96,0.1979,4.96,1.428,1.0,0.0,5.98,0.3774,1.88,0.3283,7.0,0.0,6.1,0.8391,2.86,0.5349,1.08,0.274,7.0,0.0,1.0,0.0,6.92,0.274,5.84,0.4677,6.96,0.1979,1.88,0.3283
p045_midj.jpg,1.0,0.0,1.06,0.2399,2.0,0.0,7.0,0.0,1.22,0.4185,1.0,0.0,5.06,0.843,2.66,0.6263,5.94,0.3731,4.68,0.957,2.0,0.0,3.2,0.6389,6.04,0.4499,2.0,0.0,6.96,0.1979,5.5,0.6145,5.6,0.6389,3.6,1.2936
p067_midj.jpg,2.0,0.0,1.0,0.0,4.68,0.8676,6.96,0.1979,2.22,0.4185,1.0,0.0,2.44,0.5014,1.0,0.0,6.96,0.1979,5.36,1.0053,4.44,1.0134,1.84,0.3703,7.0,0.0,1.0,0.0,7.0,0.0,2.98,0.2466,6.36,0.4849,1.6,0.4949
p070_midj.jpg,2.0,0.0,1.0,0.0,3.24,0.5911,7.0,0.0,2.0,0.0,1.0,0.0,5.98,0.3774,2.9,1.233,6.92,0.274,4.24,1.318,2.92,0.4882,1.34,0.4785,7.0,0.0,1.0,0.0,6.96,0.1979,5.9,0.4165,6.6,0.4949,2.0,0.0
p070_midj_af.jpg,2.0,0.0,1.0,0.0,3.6,0.7284,7.0,0.0,2.02,0.1414,1.0,0.0,5.96,0.3476,2.02,0.1414,6.96,0.1979,5.5,0.9742,3.32,0.7939,1.84,0.3703,7.0,0.0,1.0,0.0,7.0,0.0,5.92,0.3959,6.76,0.4314,1.88,0.3283
p070_midj_as.jpg,2.0,0.0,1.0,0.0,5.24,0.744,7.0,0.0,2.18,0.3881,1.0,0.0,5.9,0.4165,1.84,0.3703,7.0,0.0,5.5,0.7354,5.68,0.6528,2.0,0.0,7.0,0.0,1.0,0.0,7.0,0.0,5.96,0.3476,6.7,0.4629,1.84,0.3703
p070_midj_euna.jpg,2.0,0.0,1.0,0.0,3.24,0.5911,7.0,0.0,2.0,0.0,1.0,0.0,5.98,0.3774,2.96,1.2771,6.94,0.2399,4.2,1.3093,2.92,0.4882,1.28,0.4536,7.0,0.0,1.0,0.0,6.96,0.1979,5.9,0.4165,6.7,0.4629,2.0,0.0
p070_midj_sa.jpg,2.0,0.0,1.48,0.5047,3.06,0.3731,7.0,0.0,2.0,0.0,1.0,0.0,6.26,0.4431,3.76,1.1528,5.98,0.3188,4.24,1.2048,2.1,0.303,2.3,0.4629,6.5,0.5051,1.94,0.2399,5.86,0.5718,6.06,0.2399,6.14,0.3505,2.3,0.544
p092_midj.jpg,2.0,0.0,1.0,0.0,3.84,0.7103,7.0,0.0,2.72,0.4536,1.0,0.0,5.56,0.6115,1.88,0.3283,6.92,0.274,4.36,1.1386,3.7,0.8864,1.84,0.3703,7.0,0.0,1.0,0.0,6.98,0.1414,5.52,0.6141,6.5,0.5051,1.88,0.3283
p092_midj_af.jpg,2.02,0.1414,1.0,0.0,3.6,0.6701,7.0,0.0,4.02,1.3626,1.0,0.0,5.62,0.4903,1.08,0.274,7.0,0.0,4.94,0.9775,3.36,0.8271,1.24,0.4314,7.0,0.0,1.0,0.0,6.96,0.1979,5.58,0.4986,6.92,0.274,1.54,0.5035
p092_midj_as.jpg,2.02,0.1414,1.0,0.0,3.8,0.6999,7.0,0.0,2.92,0.4882,1.0,0.0,5.44,0.6115,1.76,0.4314,6.86,0.3505,4.82,0.8734,4.3,0.9949,2.0,0.0,6.98,0.1414,1.1,0.303,6.86,0.3505,5.44,0.6115,6.44,0.5014,1.88,0.3283
p092_midj_euna.jpg,2.0,0.0,1.0,0.0,3.3,0.5803,7.0,0.0,2.14,0.3505,1.0,0.0,5.44,0.6115,2.0,0.0,6.44,0.5014,4.32,1.0388,3.2,0.6389,2.0,0.0,7.0,0.0,1.1,0.303,6.96,0.1979,5.4,0.6061,6.42,0.4986,2.0,0.0
p092_midj_sa.jpg,2.0,0.0,1.0,0.0,3.96,0.8562,7.0,0.0,3.04,0.9889,1.0,0.0,5.84,0.4677,1.84,0.3703,7.0,0.0,5.62,1.0476,4.6,1.2778,1.28,0.4536,7.0,0.0,1.0,0.0,7.0,0.0,5.7,0.5051,6.92,0.274,1.26,0.4431
poshighnonsoc_14_midj.jpg,2.0,0.0,1.0,0.0,3.16,0.5841,7.0,0.0,1.86,0.3505,1.0,0.0,5.9,0.4165,2.14,0.3505,6.26,0.4431,5.32,0.9355,2.48,0.5047,2.14,0.3505,6.96,0.1979,1.34,0.4785,6.76,0.4314,5.9,0.4165,6.42,0.4986,2.0,0.0
poshighnonsoc_14_midj_af.jpg,2.62,0.5303,1.0,0.0,4.16,0.8889,7.0,0.0,2.22,0.4185,1.0,0.0,5.9,0.4165,2.06,0.2399,6.94,0.2399,5.52,0.9528,3.04,0.6376,2.0,0.0,7.0,0.0,1.2,0.4041,6.96,0.1979,5.94,0.3731,6.42,0.4986,2.0,0.0
poshighnonsoc_14_midj_as.jpg,2.0,0.0,1.0,0.0,3.26,0.6328,7.0,0.0,2.0,0.0,1.0,0.0,5.74,0.6328,2.0,0.0,6.8,0.4041,6.18,0.5956,4.32,1.3161,2.0,0.0,7.0,0.0,1.04,0.1979,7.0,0.0,5.96,0.3476,6.44,0.5014,2.0,0.0
poshighnonsoc_14_midj_euna.jpg,2.0,0.0,1.0,0.0,3.14,0.5349,7.0,0.0,1.88,0.3283,1.0,0.0,5.9,0.4165,2.14,0.3505,6.26,0.4431,5.38,0.8781,2.62,0.5303,2.14,0.3505,6.96,0.1979,1.42,0.4986,6.76,0.4314,5.88,0.4352,6.42,0.4986,2.0,0.0
poshighnonsoc_14_midj_sa.jpg,2.0,0.0,1.0,0.0,3.04,0.3476,7.0,0.0,2.0,0.0,1.0,0.0,5.98,0.3774,2.18,0.3881,6.96,0.1979,5.62,1.2271,2.72,0.6074,1.42,0.4986,7.0,0.0,1.0,0.0,6.96,0.1979,5.94,0.3731,6.7,0.4629,1.86,0.3505
poshighnonsoc_7_midj.jpg,2.18,0.3881,1.0,0.0,5.88,0.3854,6.96,0.1979,2.04,0.1979,1.0,0.0,5.94,0.3731,1.1,0.303,6.96,0.1979,5.14,1.0104,5.28,1.011,2.0,0.0,7.0,0.0,1.0,0.0,6.96,0.1979,5.94,0.3136,6.3,0.4629,1.84,0.3703
0147_midj.jpg,2.0,0.0,1.0,0.0,3.3,0.7354,2.22,0.4185,6.58,0.4986,1.0,0.0,2.72,0.4536,1.0,0.0,6.06,0.2399,4.14,0.926,4.16,1.0759,1.1,0.303,6.42,0.4986,1.04,0.1979,4.7,0.7354,2.44,0.5014,5.98,0.3774,1.22,0.4185
0325_midj.jpg,2.44,0.5014,1.0,0.0,3.88,0.7183,2.18,0.3881,6.92,0.274,1.26,0.4431,4.98,0.6848,1.0,0.0,6.2,0.4041,4.12,0.8953,3.86,0.926,1.04,0.1979,6.44,0.5014,1.0,0.0,4.66,0.7453,2.62,0.5303,6.06,0.2399,1.26,0.4431
7330_midj.jpg,2.18,0.3881,1.0,0.0,5.26,0.8992,5.9,0.5803,7.0,0.0,1.06,0.2399,5.9,0.4165,1.0,0.0,6.76,0.4314,3.2,0.6701,5.2,0.9476,1.0,0.0,6.96,0.1979,1.04,0.1979,3.44,0.7866,3.3,0.9949,6.7,0.4629,1.48,0.5047
7405_midj.jpg,2.0,0.0,1.0,0.0,4.8,0.6061,2.66,0.5194,6.92,0.274,1.0,0.0,3.6,0.7559,1.0,0.0,6.36,0.4849,3.9,0.7071,3.96,0.7814,1.08,0.274,6.58,0.4986,1.0,0.0,4.8,0.6999,2.52,0.5047,6.2,0.4041,1.2,0.4041
7405_midj_af.jpg,2.0,0.0,1.0,0.0,4.66,0.7453,2.84,0.4219,6.7,0.4629,1.0,0.0,3.48,0.7351,1.0,0.0,6.14,0.3505,4.02,0.769,4.46,0.9304,1.24,0.4314,6.36,0.4849,1.04,0.1979,4.72,0.757,2.88,0.3854,5.96,0.3476,1.24,0.4314
7405_midj_as.jpg,2.0,0.0,1.0,0.0,3.04,0.3476,2.8,0.6999,6.92,0.274,1.34,0.4785,3.82,0.8254,1.0,0.0,5.96,0.3476,3.52,0.6465,2.62,0.5303,1.1,0.303,6.14,0.3505,1.04,0.1979,4.48,0.7351,3.14,0.6064,6.0,0.3499,1.48,0.5047
7405_midj_euna.jpg,2.0,0.0,1.0,0.0,4.8,0.6061,2.66,0.4785,6.92,0.274,1.0,0.0,3.62,0.753,1.0,0.0,6.42,0.4986,3.9,0.7071,3.96,0.7814,1.08,0.274,6.6,0.4949,1.0,0.0,4.8,0.6999,2.62,0.5303,6.2,0.4041,1.22,0.4185
7405_midj_sa.jpg,2.18,0.3881,1.0,0.0,5.56,0.5014,4.2,1.1429,6.96,0.1979,1.0,0.0,5.66,0.5194,1.0,0.0,6.5,0.5051,4.38,1.1045,5.3,0.8391,1.04,0.1979,6.86,0.3505,1.0,0.0,4.58,0.8593,4.06,1.0956,6.58,0.4986,1.26,0.4431
craving_new_1.jpg,2.02,0.1414,1.34,0.4785,2.18,0.3881,2.0,0.0,7.0,0.0,1.84,0.3703,5.64,0.5253,1.0,0.0,6.06,0.2399,4.16,0.8889,2.02,0.1414,1.2,0.4041,6.44,0.5014,1.38,0.4903,3.18,0.8734,5.32,0.6528,6.5,0.5051,1.76,0.4314
craving_new_10.jpg,2.54,0.6131,1.08,0.274,5.04,0.7273,5.06,0.8184,7.0,0.0,1.34,0.4785,5.88,0.4352,1.0,0.0,6.92,0.274,4.6,1.3702,4.06,1.0956,1.2,0.4041,6.96,0.1979,1.1,0.303,4.68,0.8676,5.56,0.644,6.58,0.4986,1.72,0.4536
craving_new_11.jpg,2.0,0.0,1.0,0.0,5.6,0.4949,5.9,0.4165,7.0,0.0,1.0,0.0,5.46,0.6455,1.0,0.0,6.6,0.4949,3.62,0.753,5.08,0.8533,1.0,0.0,6.96,0.1979,1.0,0.0,5.18,0.6289,3.72,0.9044,6.42,0.4986,1.2,0.4041
craving_new_12.jpg,2.4,0.4949,1.0,0.0,5.74,0.5272,5.84,0.6181,7.0,0.0,1.0,0.0,5.6,0.6389,1.0,0.0,6.96,0.1979,4.12,0.8953,5.74,0.5272,1.0,0.0,7.0,0.0,1.0,0.0,4.68,0.8676,4.98,1.2534,6.76,0.4314,1.2,0.4041
craving_new_13.jpg,1.86,0.3505,1.0,0.0,4.42,0.7848,4.24,0.9161,6.86,0.3505,1.2,0.4041,3.28,0.6074,1.0,0.0,6.04,0.1979,3.62,0.8781,4.76,0.8466,1.04,0.1979,6.42,0.4986,1.0,0.0,5.4,0.6389,3.2,0.6701,6.04,0.1979,1.2,0.4041
craving_new_14.jpg,2.0,0.0,1.04,0.1979,5.14,0.5718,4.62,1.0859,6.96,0.1979,1.32,0.4712,4.52,0.8142,1.0,0.0,6.2,0.4041,4.22,0.8873,5.14,0.5718,1.22,0.4185,6.6,0.4949,1.1,0.303,4.92,0.5284,4.2,1.1429,6.42,0.4986,1.54,0.5035
craving_new_15.jpg,2.0,0.0,1.0,0.0,4.84,0.9553,5.64,0.6312,7.0,0.0,1.38,0.4903,5.8,0.4518,1.0,0.0,6.04,0.1979,3.36,0.6627,2.18,0.3881,1.0,0.0,6.7,0.4629,1.04,0.1979,3.48,0.7624,5.52,0.6141,6.42,0.4986,1.2,0.4041
craving_new_16.jpg,2.0,0.0,1.04,0.1979,3.56,0.8369,4.36,1.2898,7.0,0.0,1.88,0.3283,5.56,0.6115,1.0,0.0,6.04,0.1979,3.28,0.6074,2.14,0.3505,1.0,0.0,6.44,0.5014,1.06,0.2399,3.28,0.6074,3.94,1.1502,6.2,0.4041,1.42,0.4986
craving_new_1_midj_af.jpg,2.0,0.0,1.0,0.0,4.0,0.7825,3.72,0.9267,6.8,0.4041,1.0,0.0,3.58,0.7584,1.0,0.0,6.06,0.2399,3.88,0.799,4.64,0.8981,1.1,0.303,6.42,0.4986,1.04,0.1979,4.48,0.7624,3.24,0.6869,6.04,0.1979,1.26,0.4431
craving_new_1_midj_as.jpg,2.02,0.1414,1.0,0.0,4.5,0.8391,4.32,0.9988,6.76,0.4314,1.1,0.303,4.66,0.7722,1.0,0.0,6.06,0.2399,4.2,0.8806,4.6,0.9258,1.04,0.1979,6.44,0.5014,1.04,0.1979,5.1,0.6145,4.94,0.8184,6.06,0.2399,1.26,0.4431
craving_new_1_midj_euna.jpg,2.02,0.1414,1.34,0.4785,2.18,0.3881,2.0,0.0,7.0,0.0,1.84,0.3703,5.64,0.5253,1.0,0.0,6.06,0.2399,4.16,0.8889,2.02,0.1414,1.2,0.4041,6.44,0.5014,1.38,0.4903,3.18,0.8734,5.32,0.6528,6.5,0.5051,1.72,0.4536
craving_new_1_midj_sa.jpg,2.4,0.4949,1.04,0.1979,3.96,0.7814,5.04,0.8071,6.96,0.1979,1.38,0.4903,5.56,0.5014,1.0,0.0,6.42,0.4986,4.1,1.0351,3.54,0.8855,1.2,0.4041,6.76,0.4314,1.08,0.274,4.58,0.7309,5.48,0.6141,6.2,0.4041,1.34,0.4785
craving_new_2.jpg,2.0,0.0,1.0,0.0,4.64,0.7762,5.28,0.834,6.98,0.1414,1.0,0.0,5.06,0.7117,1.0,0.0,6.58,0.4986,3.96,0.8797,4.48,1.2329,1.38,0.4903,6.96,0.1979,1.04,0.1979,4.0,0.7825,3.32,0.9134,6.58,0.4986,1.48,0.5047
craving_new_2_midj_af.jpg,2.0,0.0,1.04,0.1979,5.2,0.6061,4.92,0.8769,6.96,0.1979,1.0,0.0,3.98,0.8919,1.0,0.0,6.06,0.2399,4.4,0.8571,5.52,0.6465,1.1,0.303,6.6,0.4949,1.0,0.0,5.06,0.55,5.02,0.7951,6.2,0.4041,1.24,0.4314
craving_new_2_midj_as.jpg,2.0,0.0,1.0,0.0,4.94,0.8901,5.84,0.4677,7.0,0.0,1.04,0.1979,5.7,0.5051,1.0,0.0,6.42,0.4986,3.54,0.706,4.48,1.2329,1.0,0.0,6.92,0.274,1.0,0.0,4.58,0.8593,5.6,0.6389,6.42,0.4986,1.24,0.4314
craving_new_2_midj_euna.jpg,2.0,0.0,1.04,0.1979,4.92,0.8533,4.92,0.7783,6.96,0.1979,1.0,0.0,4.98,0.7951,1.0,0.0,6.42,0.4986,4.32,1.1856,3.96,1.3242,1.08,0.274,6.7,0.4629,1.04,0.1979,5.3,0.6776,4.2,1.1429,6.3,0.4629,1.36,0.9205
craving_new_2_midj_sa.jpg,2.0,0.0,1.04,0.1979,5.28,0.6074,5.42,0.6417,7.0,0.0,1.0,0.0,5.38,0.6024,1.0,0.0,6.58,0.4986,4.5,0.8391,4.6,1.1429,1.04,0.1979,6.96,0.1979,1.0,0.0,5.16,0.5481,5.12,0.799,6.58,0.4986,1.2,0.4041
craving_new_3.jpg,3.34,1.3494,1.08,0.274,4.92,1.122,6.6,0.4949,6.98,0.1414,1.26,0.4431,6.42,0.4986,1.0,0.0,6.96,0.1979,4.98,1.1865,5.02,1.2696,1.2,0.4041,6.96,0.1979,1.08,0.274,5.62,0.6667,5.78,0.6158,6.94,0.2399,1.54,0.5035
craving_new_3_midj_af.jpg,2.0,0.0,1.0,0.0,4.58,0.7848,5.04,0.8071,6.92,0.274,1.22,0.4185,4.74,0.7775,1.0,0.0,6.36,0.4849,4.54,0.706,4.76,0.8466,1.2,0.4041,6.6,0.4949,1.1,0.303,5.26,0.6328,4.92,0.8533,6.26,0.4431,1.24,0.4314
craving_new_3_midj_as.jpg,2.14,0.3505,1.0,0.0,3.62,0.8781,5.04,0.8071,6.96,0.1979,1.0,0.0,5.44,0.6115,1.0,0.0,6.3,0.4629,3.88,0.799,3.14,0.9037,1.04,0.1979,6.76,0.4314,1.04,0.1979,4.72,0.757,5.2,0.7825,6.3,0.4629,1.2,0.4041
craving_new_3_midj_euna.jpg,2.0,0.0,1.04,0.1979,5.14,0.5718,4.62,1.0859,6.96,0.1979,1.28,0.4536,4.52,0.8142,1.0,0.0,6.2,0.4041,4.22,0.8873,5.12,0.5938,1.22,0.4185,6.6,0.4949,1.1,0.303,4.92,0.5284,4.2,1.1429,6.42,0.4986,1.54,0.5035
craving_new_3_midj_sa.jpg,2.0,0.0,1.04,0.1979,3.98,0.8204,3.26,0.6943,6.6,0.4949,1.62,0.4903,3.36,0.6627,1.0,0.0,5.94,0.3136,3.96,0.7814,4.54,0.8134,1.38,0.4903,6.2,0.4041,1.1,0.303,4.5,0.7071,3.76,0.8221,5.94,0.3136,1.38,0.4903
craving_new_4.jpg,2.38,0.4903,1.2,0.4041,5.44,0.6749,5.68,0.6833,6.98,0.1414,1.42,0.4986,5.8,0.4949,1.0,0.0,6.92,0.274,4.96,0.9026,3.54,0.9304,1.22,0.4185,6.96,0.1979,1.1,0.303,5.36,0.6928,5.58,0.6417,6.76,0.4314,1.54,0.5035
craving_new_4_midj_af.jpg,2.0,0.0,1.0,0.0,3.5,0.6468,3.02,0.3774,6.7,0.4629,1.84,0.3703,3.26,0.5997,1.0,0.0,6.04,0.1979,3.68,0.6528,3.64,0.7217,1.24,0.4314,6.14,0.3505,1.2,0.4041,5.08,0.5284,3.22,0.6481,6.04,0.1979,1.28,0.4536
craving_new_4_midj_as.jpg,4.46,1.2651,1.04,0.1979,5.74,0.5272,6.24,0.5555,7.0,0.0,1.8,0.4041,6.04,0.4499,1.0,0.0,6.96,0.1979,4.64,0.9848,5.46,0.706,1.34,0.4785,7.0,0.0,1.08,0.274,5.8,0.4949,5.64,0.6312,6.8,0.4041,1.48,0.5047
craving_new_4_midj_euna.jpg,2.4,0.4949,1.0,0.0,5.74,0.5272,5.84,0.6181,7.0,0.0,1.0,0.0,5.6,0.6389,1.0,0.0,6.96,0.1979,4.12,0.8953,5.72,0.536,1.0,0.0,7.0,0.0,1.0,0.0,4.68,0.8676,5.06,1.2357,6.76,0.4314,1.2,0.4041
craving_new_4_midj_sa.jpg,2.14,0.3505,1.0,0.0,5.64,0.5253,4.52,1.015,6.96,0.1979,1.0,0.0,4.7,0.7354,1.0,0.0,6.76,0.4314,4.48,0.7351,5.58,0.6417,1.24,0.4314,6.96,0.1979,1.1,0.303,4.98,0.769,3.78,0.975,6.42,0.4986,1.48,0.5047
craving_new_5.jpg,2.0,0.0,1.0,0.0,5.32,0.6833,5.28,0.9044,6.96,0.1979,1.0,0.0,4.34,0.9817,1.0,0.0,6.44,0.5014,3.6,0.6701,5.0,0.8806,1.04,0.1979,6.86,0.3505,1.0,0.0,4.94,0.8184,3.8,1.088,6.42,0.4986,1.2,0.4041
craving_new_6.jpg,2.0,0.0,1.2,0.4041,4.1,1.0926,4.52,1.0925,7.0,0.0,1.0,0.0,5.32,0.6528,1.0,0.0,6.14,0.3505,3.94,0.8668,2.44,0.5406,1.2,0.4041,6.76,0.4314,1.06,0.2399,4.54,0.7616,4.2,1.1429,6.44,0.5014,1.42,0.4986
craving_new_7.jpg,2.3,0.4629,1.0,0.0,5.66,0.5194,5.84,0.4677,6.96,0.1979,1.0,0.0,5.58,0.6417,1.0,0.0,6.92,0.274,4.28,1.0506,5.54,0.6455,1.04,0.1979,6.96,0.1979,1.0,0.0,5.5,0.7354,4.88,1.1364,6.44,0.5014,1.38,0.4903
craving_new_8.jpg,2.0,0.0,1.04,0.1979,4.92,0.8533,4.98,0.8204,6.96,0.1979,1.0,0.0,4.98,0.7951,1.0,0.0,6.42,0.4986,4.32,1.1856,3.92,1.2911,1.08,0.274,6.7,0.4629,1.04,0.1979,5.3,0.6776,4.08,1.1036,6.3,0.4629,1.36,0.9205
craving_new_9.jpg,2.0,0.0,1.0,0.0,4.94,0.8901,5.84,0.4677,7.0,0.0,1.04,0.1979,5.7,0.5051,1.0,0.0,6.42,0.4986,3.54,0.706,4.48,1.2329,1.0,0.0,6.92,0.274,1.0,0.0,4.58,0.8593,5.6,0.6389,6.42,0.4986,1.24,0.4314
1119_bodyproducts_midj.jpg,1.48,0.5047,3.7,1.2164,1.0,0.0,1.0,0.0,1.1,0.303,7.0,0.0,1.0,0.0,4.36,1.3056,1.0,0.0,2.74,0.6642,1.0,0.0,6.24,0.5555,1.04,0.1979,6.98,0.1414,1.24,0.4314,2.04,0.1979,1.34,0.4785,7.0,0.0
1120_bodyproducts_midj.jpg,4.3,1.1294,4.32,1.2362,1.2,0.4041,1.34,0.4785,3.38,0.9666,6.96,0.1979,2.0,0.0,2.02,0.1414,1.42,0.4986,2.98,0.5147,1.02,0.1414,4.3,1.2164,1.38,0.4903,6.32,0.5869,2.0,0.0,3.48,0.9089,2.06,0.2399,6.5,0.5051
1139_bodyproducts_midj.jpg,1.84,0.3703,3.62,1.3231,1.0,0.0,1.2,0.4041,1.0,0.0,7.0,0.0,1.0,0.0,5.56,1.091,1.0,0.0,2.66,1.0994,1.0,0.0,5.2,1.3553,1.0,0.0,7.0,0.0,1.38,0.4903,1.88,0.3283,1.0,0.0,7.0,0.0
1209_death_midj_af.jpg,1.0,0.0,2.5,0.6468,1.0,0.0,4.22,1.2824,1.2,0.4041,6.96,0.1979,1.0,0.0,6.08,0.5657,1.0,0.0,3.96,1.2115,1.0,0.0,7.0,0.0,1.0,0.0,7.0,0.0,2.0,0.0,2.02,0.1414,1.0,0.0,6.96,0.1979
1209_death_midj_as.jpg,1.48,0.5047,2.14,0.3505,1.04,0.1979,5.66,0.6884,1.1,0.303,6.86,0.3505,2.0,0.0,6.6,0.4949,1.0,0.0,3.64,0.7217,1.0,0.0,6.96,0.1979,1.2,0.4041,6.94,0.2399,2.96,0.4499,4.02,1.0784,1.88,0.3283,6.92,0.274
1209_death_midj_euna.jpg,1.0,0.0,2.82,0.8965,1.0,0.0,5.2,1.178,1.08,0.274,7.0,0.0,1.24,0.4314,6.92,0.274,1.0,0.0,2.02,0.1414,1.0,0.0,7.0,0.0,1.0,0.0,7.0,0.0,1.76,0.4314,3.9,1.6444,1.08,0.274,7.0,0.0
1209_death_midj_sa.jpg,1.0,0.0,2.02,0.1414,1.28,0.4536,5.26,0.9216,1.0,0.0,6.6,0.4949,1.0,0.0,5.6,0.9035,1.0,0.0,3.38,0.7253,1.22,0.4185,7.0,0.0,1.0,0.0,6.96,0.1979,2.82,0.7197,2.02,0.1414,1.06,0.2399,6.96,0.1979
1271_hygiene_midj.jpg,1.04,0.1979,4.16,1.1493,1.0,0.0,1.08,0.274,1.0,0.0,6.96,0.1979,1.0,0.0,5.98,0.3774,1.0,0.0,3.58,0.7848,1.0,0.0,6.92,0.274,1.0,0.0,7.0,0.0,1.48,0.5047,2.14,0.3505,1.8,0.4041,7.0,0.0
a100_midj.jpg,1.1,0.303,2.22,0.4185,1.38,0.4903,2.1,0.303,5.12,1.023,6.92,0.274,2.0,0.0,4.94,1.2683,1.26,0.4431,2.84,0.6181,1.08,0.274,5.84,0.6809,1.38,0.4903,6.28,0.6074,2.0,0.0,3.58,0.9916,2.02,0.1414,6.6,0.4949
animal_carcass_5_midj_af.jpg,1.0,0.0,2.14,0.3505,1.0,0.0,2.96,0.8797,1.2,0.4041,6.96,0.1979,1.08,0.274,4.8,1.2454,1.0,0.0,3.46,0.706,1.0,0.0,6.96,0.1979,1.06,0.2399,6.96,0.1979,2.18,0.3881,2.18,0.3881,1.34,0.4785,6.96,0.1979
animal_carcass_5_midj_as.jpg,1.0,0.0,3.6,0.8806,1.04,0.1979,5.14,0.8574,1.0,0.0,6.92,0.274,2.0,0.0,6.96,0.1979,1.0,0.0,2.52,0.5436,1.0,0.0,7.0,0.0,1.0,0.0,7.0,0.0,2.0,0.0,5.08,1.122,1.54,0.5035,7.0,0.0
animal_carcass_5_midj_euna.jpg,1.0,0.0,2.22,0.4185,1.0,0.0,2.56,0.8843,1.0,0.0,6.96,0.1979,1.0,0.0,6.28,0.6402,1.0,0.0,3.42,1.3415,1.0,0.0,7.0,0.0,1.0,0.0,7.0,0.0,2.0,0.0,3.62,1.3834,1.04,0.1979,7.0,0.0
animal_carcass_5_midj_sa.jpg,1.0,0.0,2.02,0.1414,1.48,0.5047,4.72,1.1436,1.38,0.4903,6.14,0.6704,1.06,0.2399,5.9,0.7626,1.0,0.0,3.48,0.6773,1.44,0.5014,6.98,0.1414,1.08,0.274,6.96,0.1979,4.52,1.1292,2.0,0.0,1.84,0.3703,6.92,0.274
animalcarcass5_midj.jpg,1.0,0.0,2.22,0.4185,1.04,0.1979,2.66,0.8715,1.0,0.0,6.96,0.1979,1.0,0.0,6.28,0.6402,1.0,0.0,3.28,1.2461,1.0,0.0,7.0,0.0,1.0,0.0,7.0,0.0,2.0,0.0,3.62,1.3834,1.04,0.1979,7.0,0.0
cockroach1_midj.jpg,2.1,0.303,1.86,0.3505,1.28,0.4536,2.14,0.3505,1.34,0.4785,5.74,0.6328,2.0,0.0,2.48,0.5436,1.84,0.3703,2.86,0.4522,1.18,0.3881,1.8,0.4041,2.02,0.1414,2.82,0.7197,2.52,0.5436,2.4,0.4949,2.4,0.4949,5.38,0.9666
deadbodies3_midj.jpg,1.0,0.0,3.14,0.7001,1.0,0.0,1.88,0.3283,1.0,0.0,6.96,0.1979,1.0,0.0,6.96,0.1979,1.0,0.0,2.0,0.0,1.0,0.0,7.0,0.0,1.0,0.0,7.0,0.0,1.0,0.0,2.68,0.8676,1.0,0.0,7.0,0.0
dr08.alunmcdonald_oxfam-ccbyncnd2.0_midj.jpg,1.84,0.3703,2.0,0.0,1.76,0.4314,3.78,0.8873,2.0,0.0,6.02,0.5529,1.94,0.2399,3.02,0.9366,1.38,0.4903,3.48,0.6773,1.48,0.5047,6.22,0.6481,2.0,0.0,5.26,0.7231,4.38,0.8545,2.18,0.3881,2.0,0.0,5.66,0.8234
dr32.padre_djacy_brasileiro-ccbyncnd2.0_midj.jpg,1.0,0.0,2.0,0.0,1.0,0.0,4.16,1.1843,1.04,0.1979,7.0,0.0,1.0,0.0,5.0,1.1952,1.0,0.0,4.34,1.1713,1.0,0.0,6.96,0.1979,1.0,0.0,7.0,0.0,2.42,0.9708,1.76,0.4314,1.04,0.1979,6.96,0.1979
dr32_padre_djacy_brasileiro-ccbyncnd2_0_midj_af.jpg,1.0,0.0,2.0,0.0,1.0,0.0,3.54,1.0343,1.08,0.274,6.96,0.1979,1.0,0.0,4.16,1.2513,1.0,0.0,4.02,0.9998,1.0,0.0,6.96,0.1979,1.04,0.1979,6.98,0.1414,3.0,1.2289,1.76,0.4314,1.04,0.1979,6.94,0.2399
dr32_padre_djacy_brasileiro-ccbyncnd2_0_midj_as.jpg,1.0,0.0,2.02,0.1414,1.94,0.2399,5.78,1.0746,1.42,0.4986,6.6,0.4949,1.22,0.4185,4.04,1.3845,1.0,0.0,3.5,0.7626,1.86,0.3505,6.96,0.1979,1.6,0.4949,6.96,0.1979,4.14,1.125,2.04,0.1979,1.84,0.3703,6.96,0.1979
dr32_padre_djacy_brasileiro-ccbyncnd2_0_midj_euna.jpg,1.0,0.0,2.02,0.1414,1.0,0.0,6.1,0.544,1.06,0.2399,6.24,0.5555,2.0,0.0,6.5,0.5051,1.0,0.0,3.76,0.716,1.0,0.0,6.86,0.3505,1.34,0.4785,6.76,0.4314,4.5,0.789,4.66,0.8947,2.0,0.0,6.7,0.4629
dr32_padre_djacy_brasileiro-ccbyncnd2_0_midj_sa.jpg,1.0,0.0,2.06,0.2399,1.0,0.0,5.62,0.6667,1.1,0.303,6.92,0.274,1.06,0.2399,5.46,0.8621,1.0,0.0,4.18,1.0039,1.0,0.0,6.96,0.1979,1.08,0.274,6.96,0.1979,2.64,0.7217,2.04,0.1979,1.48,0.5047,6.94,0.2399
dr42.oxfam_international-ccbyncnd2.0_midj.jpg,1.0,0.0,2.02,0.1414,1.24,0.4314,4.86,1.1068,1.34,0.4785,6.3,0.5803,1.2,0.4041,3.08,0.8533,1.0,0.0,3.56,0.644,1.08,0.274,6.94,0.2399,1.28,0.4536,6.8,0.4041,2.82,0.5956,2.14,0.3505,2.0,0.0,6.8,0.4041
h022_midj.jpg,1.0,0.0,2.0,0.0,1.0,0.0,2.4,0.4949,1.0,0.0,6.96,0.1979,1.0,0.0,6.86,0.3505,1.0,0.0,2.8,0.7284,1.0,0.0,7.0,0.0,1.0,0.0,7.0,0.0,2.0,0.0,2.18,0.3881,1.0,0.0,7.0,0.0
maps325_midj.jpg,1.0,0.0,2.26,0.7775,1.0,0.0,2.78,1.6449,1.0,0.0,7.0,0.0,1.2,0.4041,7.0,0.0,1.0,0.0,2.1,0.7071,1.0,0.0,7.0,0.0,1.0,0.0,7.0,0.0,1.2,0.4041,2.2,0.7559,1.0,0.0,7.0,0.0
maps325_midj_af.jpg,1.0,0.0,2.02,0.1414,1.04,0.1979,1.88,0.3283,1.0,0.0,7.0,0.0,1.0,0.0,6.94,0.2399,1.0,0.0,1.96,0.1979,1.2,0.4041,7.0,0.0,1.0,0.0,7.0,0.0,2.22,0.91,1.72,0.4536,1.1,0.303,7.0,0.0
maps325_midj_as.jpg,1.0,0.0,2.02,0.1414,1.04,0.1979,5.0,1.8406,1.0,0.0,7.0,0.0,1.24,0.4314,6.86,0.3505,1.0,0.0,2.0,0.0,1.24,0.4314,6.96,0.1979,1.0,0.0,7.0,0.0,1.92,0.274,3.86,1.8518,1.34,0.4785,7.0,0.0
maps325_midj_euna.jpg,1.0,0.0,2.26,0.7775,1.0,0.0,2.78,1.6449,1.0,0.0,7.0,0.0,1.2,0.4041,7.0,0.0,1.0,0.0,2.1,0.7071,1.0,0.0,7.0,0.0,1.0,0.0,7.0,0.0,1.2,0.4041,2.24,0.7709,1.0,0.0,7.0,0.0
maps325_midj_sa.jpg,1.0,0.0,2.14,0.3505,1.04,0.1979,1.96,0.1979,1.0,0.0,7.0,0.0,1.0,0.0,6.7,0.4629,1.0,0.0,2.04,0.1979,1.06,0.2399,7.0,0.0,1.0,0.0,7.0,0.0,1.88,0.3283,1.72,0.4536,1.34,0.4785,7.0,0.0
maps349_midj.jpg,1.0,0.0,2.3,0.4629,1.0,0.0,1.2,0.4041,1.0,0.0,7.0,0.0,1.0,0.0,6.96,0.1979,1.0,0.0,2.04,0.1979,1.0,0.0,7.0,0.0,1.0,0.0,7.0,0.0,1.2,0.4041,1.4,0.4949,1.0,0.0,7.0,0.0
neghighnonsoc_7_midj.jpg,1.0,0.0,2.84,1.1493,1.0,0.0,3.06,1.7192,1.06,0.2399,7.0,0.0,1.1,0.303,7.0,0.0,1.0,0.0,1.64,0.9205,1.0,0.0,7.0,0.0,1.0,0.0,7.0,0.0,1.0,0.0,3.58,1.8962,1.0,0.0,7.0,0.0
neghighnonsoc_7_midj_af.jpg,1.0,0.0,2.84,1.1493,1.0,0.0,3.06,1.7192,1.06,0.2399,7.0,0.0,1.1,0.303,7.0,0.0,1.0,0.0,1.64,0.9205,1.0,0.0,7.0,0.0,1.0,0.0,7.0,0.0,1.0,0.0,3.66,1.9125,1.0,0.0,7.0,0.0
neghighnonsoc_7_midj_as.jpg,1.2,0.4041,3.26,1.0844,1.38,0.4903,3.28,1.2943,3.8,1.5518,7.0,0.0,1.06,0.2399,5.8,0.7825,1.0,0.0,2.24,0.7709,1.0,0.0,6.76,0.4764,1.0,0.0,7.0,0.0,1.54,0.5035,2.14,0.3505,1.34,0.4785,6.96,0.1979
neghighnonsoc_7_midj_euna.jpg,1.08,0.274,2.22,0.4185,2.1,0.303,2.0,0.0,5.02,1.2696,7.0,0.0,1.0,0.0,5.04,1.428,1.0,0.0,3.16,0.6503,1.96,0.2828,6.92,0.274,1.06,0.2399,7.0,0.0,4.0,1.2454,1.86,0.3505,1.54,0.5035,6.96,0.1979
neghighnonsoc_7_midj_sa.jpg,1.42,0.4986,2.06,0.2399,2.04,0.1979,3.68,1.5178,2.84,1.2014,6.86,0.3505,1.38,0.4903,3.76,1.6606,1.2,0.4041,3.18,0.6289,1.88,0.3283,6.18,0.8497,1.6,0.4949,6.86,0.3505,4.46,1.2157,2.0,0.0,2.02,0.1414,6.76,0.4314
neghighnonsoc_8_midj.jpg,1.0,0.0,2.1,0.303,1.04,0.1979,2.0,0.0,1.96,0.3476,7.0,0.0,1.04,0.1979,5.48,1.1993,1.0,0.0,2.14,0.3505,1.0,0.0,6.96,0.1979,1.0,0.0,7.0,0.0,1.84,0.3703,2.02,0.1414,1.08,0.274,7.0,0.0
people_198_h_midj.jpg,1.0,0.0,2.06,0.2399,1.0,0.0,1.54,0.5035,1.0,0.0,7.0,0.0,1.0,0.0,6.94,0.2399,1.0,0.0,2.24,0.7709,1.04,0.1979,7.0,0.0,1.0,0.0,7.0,0.0,1.8,0.4041,1.84,0.3703,1.0,0.0,7.0,0.0
people_218_v_mid.jpg,1.0,0.0,2.04,0.1979,1.0,0.0,1.54,0.5035,1.0,0.0,7.0,0.0,1.0,0.0,6.98,0.1414,1.0,0.0,2.24,0.7709,1.0,0.0,7.0,0.0,1.0,0.0,7.0,0.0,1.2,0.4041,1.72,0.4536,1.0,0.0,7.0,0.0
people_364_v_mid.jpg,1.0,0.0,1.48,0.5047,1.0,0.0,1.84,0.3703,1.0,0.0,7.0,0.0,1.0,0.0,6.96,0.1979,1.0,0.0,5.52,2.1212,1.0,0.0,7.0,0.0,1.0,0.0,7.0,0.0,2.64,1.4675,1.24,0.4314,1.0,0.0,7.0,0.0
test_a.jpg,4.36,2.5295,5.28,1.9171,1.0,0.0,1.94,0.8184,1.0,0.0,7.0,0.0,1.22,0.4185,7.0,0.0,1.0,0.0,1.32,0.9134,1.0,0.0,6.96,0.1979,1.0,0.0,7.0,0.0,1.0,0.0,5.54,1.9713,1.32,0.9134,7.0,0.0
8465_midj.jpg,2.6,0.7284,1.04,0.1979,3.12,0.5584,6.5,0.5051,2.66,0.6263,1.0,0.0,6.7,0.4629,1.8,0.4041,6.42,0.4986,3.42,0.7584,2.0,0.0,1.1,0.303,6.44,0.5014,1.06,0.2399,3.72,0.9485,6.04,0.4499,6.44,0.5014,1.96,0.1979
8540_midj.jpg,4.28,1.3099,1.0,0.0,5.96,0.402,5.68,0.6528,2.0,0.0,1.0,0.0,6.86,0.3505,1.0,0.0,7.0,0.0,4.12,1.3037,5.72,0.6713,1.0,0.0,7.0,0.0,1.0,0.0,4.32,1.0583,5.14,0.8574,6.44,0.5014,1.34,0.4785
8540_midj_af.jpg,2.92,0.7516,1.0,0.0,5.9,0.4629,4.92,1.1753,2.06,0.2399,1.0,0.0,6.58,0.4986,1.0,0.0,6.96,0.1979,3.84,1.0759,5.56,0.7329,1.0,0.0,6.98,0.1414,1.0,0.0,3.86,0.926,4.66,1.239,6.42,0.4986,1.6,0.4949
8540_midj_as.jpg,5.06,1.0577,1.0,0.0,5.86,0.4953,5.92,0.4445,1.94,0.2399,1.0,0.0,6.8,0.4041,1.0,0.0,7.0,0.0,5.22,1.1657,5.8,0.6389,1.0,0.0,7.0,0.0,1.0,0.0,3.86,0.926,5.7,0.6145,6.6,0.4949,1.48,0.5047
8540_midj_euna.jpg,4.28,1.3099,1.0,0.0,5.96,0.402,5.74,0.6328,2.0,0.0,1.0,0.0,6.8,0.4041,1.0,0.0,7.0,0.0,4.02,1.3013,5.82,0.5226,1.0,0.0,7.0,0.0,1.0,0.0,4.46,0.9304,5.14,0.8574,6.44,0.5014,1.38,0.4903
8540_midj_sa.jpg,2.02,0.1414,1.0,0.0,5.1,0.7626,5.18,0.8734,2.0,0.0,1.0,0.0,6.08,0.5657,1.0,0.0,6.76,0.4314,4.54,0.7616,5.12,0.8485,1.6,0.4949,6.96,0.1979,1.2,0.4041,5.26,0.7231,3.84,0.9337,6.02,0.4734,1.86,0.3505
excitement_new_10.jpg,5.98,0.3774,1.34,0.4785,2.44,0.5406,6.7,0.4629,2.0,0.0,1.0,0.0,6.96,0.1979,5.36,0.6627,6.5,0.5051,3.44,0.7866,1.2,0.4041,1.28,0.4536,6.44,0.5014,1.48,0.5047,2.0,0.0,6.42,0.4986,6.42,0.4986,1.92,0.274
excitement_new_11.jpg,4.22,1.2824,5.0,1.3702,2.0,0.0,4.56,1.198,2.0,0.0,1.0,0.0,7.0,0.0,1.24,0.4314,6.98,0.1414,2.0,0.0,1.22,0.4185,1.0,0.0,6.96,0.1979,1.06,0.2399,1.22,0.4185,6.52,0.5047,6.96,0.1979,2.0,0.0
excitement_new_12.jpg,4.72,1.1436,1.86,0.3505,2.0,0.0,6.96,0.1979,2.0,0.0,1.02,0.1414,6.96,0.1979,6.12,0.6273,6.58,0.4986,3.38,0.8781,1.56,0.5014,1.94,0.2399,6.12,0.5584,2.1,0.303,2.22,0.4647,6.46,0.5035,5.86,0.4953,3.2,1.1952
excitement_new_13_midj_af.jpg,2.48,0.5436,2.0,0.0,2.14,0.3505,6.6,0.4949,2.02,0.1414,1.2,0.4041,6.6,0.4949,5.2,0.8081,5.56,0.6115,3.86,0.8084,2.0,0.0,2.0,0.0,5.84,0.4677,2.22,0.4185,3.16,0.5481,5.54,0.6131,6.04,0.4499,2.82,0.7475
excitement_new_13_midj_as.jpg,2.0,0.0,1.8,0.4041,2.76,0.6565,6.92,0.274,2.0,0.0,1.0,0.0,6.92,0.274,5.84,0.4677,6.0,0.3499,3.64,0.8514,2.06,0.2399,2.0,0.0,6.36,0.4849,2.0,0.0,3.16,0.5481,6.16,0.3703,6.7,0.4629,2.14,0.3505
excitement_new_13_midj_euna.jpg,2.0,0.0,2.0,0.0,2.0,0.0,6.3,0.4629,2.0,0.0,1.02,0.1414,6.92,0.274,6.08,0.4445,4.66,0.7453,3.74,0.8033,1.86,0.3505,2.02,0.1414,5.64,0.6627,3.14,0.8574,2.3,0.4629,6.26,0.4431,6.44,0.5014,4.14,1.1782
excitement_new_13_midj_sa.jpg,2.0,0.0,2.0,0.0,2.04,0.1979,6.42,0.4986,1.86,0.3505,1.08,0.274,6.76,0.4314,5.9,0.4629,4.3,0.789,3.78,0.79,1.92,0.274,2.0,0.0,5.5,0.6776,2.88,0.6893,2.88,0.3854,5.68,0.5127,6.44,0.5014,3.6,0.8806
excitement_new_14.jpg,5.64,0.6312,1.08,0.274,5.68,0.6528,6.7,0.4629,1.38,0.4903,1.0,0.0,7.0,0.0,1.0,0.0,7.0,0.0,2.0,0.0,3.16,1.4337,1.0,0.0,7.0,0.0,1.0,0.0,1.72,0.4536,6.8,0.4041,6.96,0.1979,1.22,0.4185
excitement_new_15.jpg,5.06,1.2191,2.0,0.0,2.8,0.7559,5.8,0.6389,2.0,0.0,1.0,0.0,7.0,0.0,1.0,0.0,7.0,0.0,2.0,0.0,1.8,0.4041,1.0,0.0,7.0,0.0,1.0,0.0,2.0,0.0,6.58,0.4986,6.86,0.3505,1.88,0.3283
excitement_new_16.jpg,5.14,0.8332,2.0,0.0,2.52,0.5436,6.76,0.4314,1.34,0.4785,1.0,0.0,6.98,0.1414,5.9,0.4165,6.0,0.3499,3.28,0.7296,1.3,0.4629,1.22,0.4185,6.2,0.4041,1.88,0.3283,2.0,0.0,6.72,0.4536,6.44,0.5014,2.66,0.7982
excitement_new_17.jpg,6.12,0.5584,1.42,0.4986,5.72,0.6713,6.5,0.5051,2.0,0.0,1.0,0.0,7.0,0.0,1.0,0.0,7.0,0.0,2.74,0.7775,5.62,0.8545,1.0,0.0,7.0,0.0,1.0,0.0,2.0,0.0,6.86,0.3505,6.96,0.1979,1.92,0.274
excitement_new_17_midj_af.jpg,5.64,0.6312,1.72,0.4536,4.2,1.1606,6.16,0.5095,2.0,0.0,1.0,0.0,6.98,0.1414,1.08,0.274,6.98,0.1414,2.22,0.4185,4.08,1.4405,1.0,0.0,7.0,0.0,1.04,0.1979,2.0,0.0,6.58,0.4986,6.8,0.4041,1.86,0.3505
excitement_new_17_midj_as.jpg,6.18,0.5226,1.72,0.4536,3.44,0.8843,6.42,0.4986,2.0,0.0,1.0,0.0,7.0,0.0,1.0,0.0,7.0,0.0,2.02,0.1414,2.18,0.3881,1.0,0.0,7.0,0.0,1.0,0.0,2.0,0.0,6.44,0.5014,6.96,0.1979,1.84,0.3703
excitement_new_17_midj_euna.jpg,6.1,0.544,1.42,0.4986,5.72,0.6713,6.5,0.5051,2.0,0.0,1.0,0.0,7.0,0.0,1.0,0.0,7.0,0.0,2.74,0.7775,5.62,0.8545,1.0,0.0,7.0,0.0,1.0,0.0,2.0,0.0,6.9,0.303,6.96,0.1979,1.92,0.274
excitement_new_17_midj_sa.jpg,6.42,0.4986,1.04,0.1979,5.04,0.9681,5.98,0.3774,2.0,0.0,1.0,0.0,6.96,0.1979,1.0,0.0,7.0,0.0,2.78,0.975,3.38,1.3231,1.0,0.0,7.0,0.0,1.0,0.0,2.0,0.0,6.04,0.4499,6.86,0.3505,1.72,0.4536
excitement_new_19.jpg,4.34,1.0022,2.06,0.2399,2.0,0.0,6.02,0.4734,1.84,0.3703,1.54,0.5035,7.0,0.0,6.02,0.4734,5.68,0.6528,2.72,0.6074,1.08,0.274,1.38,0.4903,5.9,0.4629,3.36,1.0835,1.84,0.3703,6.92,0.274,6.16,0.5095,4.54,1.4316
excitement_new_2.jpg,5.96,0.3476,1.86,0.3505,3.08,0.4882,5.76,0.4764,2.14,0.3505,1.0,0.0,6.5,0.5051,2.78,0.864,6.06,0.2399,3.38,0.7253,2.0,0.0,1.42,0.4986,5.98,0.3774,1.42,0.4986,2.14,0.3505,5.96,0.3476,6.0,0.2857,1.88,0.3283
excitement_new_20.jpg,5.64,0.6312,1.84,0.3703,2.66,0.5194,6.92,0.274,2.18,0.3881,1.0,0.0,6.98,0.1414,5.84,0.4677,6.7,0.4629,3.36,0.7494,1.38,0.4903,1.42,0.4986,6.5,0.5051,2.0,0.0,2.0,0.0,6.58,0.4986,6.7,0.4629,2.06,0.2399
excitement_new_21.jpg,5.54,0.6131,2.0,0.0,2.0,0.0,6.12,0.4798,2.0,0.0,1.0,0.0,6.94,0.2399,5.12,0.799,6.0,0.3499,3.14,0.5349,1.1,0.303,1.1,0.303,5.96,0.3476,1.54,0.5035,2.02,0.1414,6.1,0.303,6.3,0.4629,2.02,0.1414
excitement_new_22.jpg,5.54,0.6455,3.04,1.3242,2.22,0.4185,5.72,0.6713,1.6,0.4949,2.0,0.0,7.0,0.0,2.0,0.0,6.96,0.1979,2.06,0.2399,1.92,0.274,1.2,0.4041,6.92,0.274,2.02,0.1414,1.34,0.4785,6.94,0.2399,6.92,0.274,2.14,0.3505
excitement_new_22_midj_af.jpg,6.02,0.4734,1.8,0.4041,5.06,0.8901,5.76,0.6565,2.0,0.0,1.0,0.0,7.0,0.0,1.0,0.0,7.0,0.0,2.6,0.7284,5.02,1.1516,1.0,0.0,7.0,0.0,1.0,0.0,2.0,0.0,6.16,0.5095,6.76,0.4314,1.88,0.3283
excitement_new_22_midj_as.jpg,6.04,0.4499,1.0,0.0,3.24,0.716,5.32,1.0583,2.18,0.3881,1.0,0.0,6.96,0.1979,1.0,0.0,7.0,0.0,2.48,0.5436,2.62,0.5303,1.0,0.0,6.98,0.1414,1.04,0.1979,2.0,0.0,6.44,0.5014,6.92,0.274,1.86,0.3505
excitement_new_22_midj_euna.jpg,5.54,0.6455,3.16,1.3149,2.18,0.3881,5.72,0.6713,1.54,0.5035,2.0,0.0,7.0,0.0,2.0,0.0,6.96,0.1979,2.1,0.303,1.92,0.274,1.2,0.4041,6.92,0.274,2.02,0.1414,1.38,0.4903,6.96,0.1979,6.92,0.274,2.14,0.3505
excitement_new_22_midj_sa.jpg,5.84,0.4677,1.08,0.274,4.5,1.233,5.74,0.6328,2.0,0.0,1.0,0.0,6.98,0.1414,1.0,0.0,7.0,0.0,2.6,0.4949,2.22,0.4185,1.0,0.0,7.0,0.0,1.0,0.0,2.0,0.0,6.08,0.4445,6.92,0.274,1.84,0.3703
excitement_new_4.jpg,3.88,1.2395,1.84,0.3703,2.8,0.7284,6.96,0.1979,2.1,0.303,1.0,0.0,7.0,0.0,5.68,0.6528,6.92,0.274,2.76,0.6869,1.88,0.3283,1.24,0.4314,6.8,0.4041,1.88,0.3283,2.0,0.0,6.36,0.4849,6.92,0.274,2.02,0.1414
excitement_new_5.jpg,6.1,0.544,1.06,0.2399,3.2,1.2778,6.96,0.1979,2.0,0.0,1.0,0.0,7.0,0.0,5.24,1.0984,7.0,0.0,3.44,1.5407,2.0,0.0,1.0,0.0,7.0,0.0,1.2,0.4041,2.0,0.0,6.42,0.4986,6.92,0.274,1.94,0.2399
excitement_new_5_midj_af.jpg,6.32,0.5869,1.04,0.1979,3.36,1.0835,7.0,0.0,2.0,0.0,1.0,0.0,7.0,0.0,3.42,1.1445,7.0,0.0,2.02,0.1414,2.36,0.6312,1.0,0.0,7.0,0.0,1.0,0.0,2.0,0.0,6.44,0.5014,6.96,0.1979,1.54,0.5035
excitement_new_5_midj_as.jpg,5.92,0.4445,1.0,0.0,4.62,1.0079,6.92,0.274,2.14,0.3505,1.0,0.0,6.96,0.1979,3.12,1.023,7.0,0.0,3.0,1.0102,2.48,0.5436,1.0,0.0,6.98,0.1414,1.2,0.4041,2.14,0.3505,6.08,0.4882,6.6,0.4949,1.86,0.3505
excitement_new_5_midj_euna.jpg,6.12,0.4798,1.04,0.1979,3.84,1.1669,6.86,0.3505,2.0,0.0,1.0,0.0,6.96,0.1979,4.48,1.432,7.0,0.0,3.44,1.4165,2.02,0.1414,1.0,0.0,6.98,0.1414,1.06,0.2399,2.0,0.0,6.36,0.4849,6.86,0.3505,1.54,0.5035
excitement_new_5_midj_sa.jpg,5.74,0.6328,1.0,0.0,4.5,1.3439,6.76,0.4314,2.0,0.0,1.0,0.0,6.96,0.1979,2.02,0.1414,7.0,0.0,3.72,1.5913,2.1,0.303,1.0,0.0,6.98,0.1414,1.0,0.0,4.04,1.0683,6.0,0.3499,6.6,0.4949,1.48,0.5047
excitement_new_6.jpg,2.18,0.3881,2.14,0.3505,2.0,0.0,3.84,1.0174,1.42,0.4986,1.0,0.0,6.76,0.4314,2.84,0.7384,4.7,0.8631,3.56,0.7866,1.2,0.4041,1.34,0.4785,5.64,0.6627,1.88,0.3283,2.0,0.0,6.24,0.5555,6.3,0.5803,2.22,0.4185
excitement_new_7.jpg,3.04,0.6047,3.72,0.9485,2.18,0.3881,4.34,1.0022,1.1,0.303,1.04,0.1979,6.42,0.4986,3.78,0.8873,4.9,0.8391,3.6,0.7825,1.26,0.4431,1.88,0.3283,5.08,0.8291,2.48,0.5436,2.84,0.6181,5.92,0.3959,5.32,0.6528,3.84,0.9337
excitement_new_8.jpg,2.02,0.1414,1.04,0.1979,2.3,0.4629,6.16,0.5095,1.48,0.5047,1.0,0.0,6.44,0.5014,2.02,0.1414,5.78,0.6158,3.44,0.7866,2.52,0.5436,1.84,0.3703,6.02,0.4734,1.28,0.4536,3.8,0.8806,5.5,0.6145,5.8,0.4949,1.84,0.3703
excitement_new_9.jpg,5.58,0.6417,1.8,0.4041,2.02,0.1414,6.92,0.274,2.0,0.0,1.0,0.0,6.96,0.1979,4.7,1.0738,6.44,0.5014,3.48,0.8142,1.1,0.303,1.08,0.274,6.6,0.4949,1.84,0.3703,2.3,0.4629,6.26,0.4431,6.5,0.5051,2.02,0.1414
1120_midj.jpg,1.8,0.4041,2.44,0.993,1.0,0.0,4.6,1.5386,1.0,0.0,6.94,0.2399,5.22,1.2664,6.96,0.1979,1.0,0.0,2.0,0.0,1.0,0.0,1.88,0.3283,1.0,0.0,6.8,0.4041,1.0,0.0,5.98,0.3774,1.6,0.4949,7.0,0.0
1930_midj.jpg,1.72,0.4536,2.44,1.2803,1.0,0.0,6.42,0.4986,1.0,0.0,6.92,0.274,6.36,0.4849,7.0,0.0,1.0,0.0,2.0,0.0,1.0,0.0,1.88,0.3283,1.0,0.0,6.96,0.1979,1.0,0.0,6.72,0.4536,2.0,0.0,7.0,0.0
2770_midj.jpg,4.0,1.1952,3.86,1.2124,1.2,0.4041,5.64,0.6627,1.08,0.274,6.8,0.4041,3.36,1.0835,6.44,0.5014,1.22,0.4185,3.2,0.8081,1.0,0.0,2.92,0.8533,1.94,0.2399,5.82,0.5226,2.0,0.0,4.14,1.05,2.14,0.3505,6.44,0.5014
2811_midj.jpg,2.1,0.303,2.96,0.9026,1.34,0.4785,2.0,0.0,1.2,0.4041,2.84,0.8889,5.84,0.6809,6.68,0.5127,1.54,0.5035,2.18,0.3881,1.04,0.1979,2.18,0.3881,1.76,0.4314,6.18,0.7197,1.86,0.3505,5.58,0.7025,3.44,0.9723,6.3,0.6145
6250.1_midj.jpg,1.26,0.4431,6.0,0.833,1.2,0.4041,2.0,0.0,1.2,0.4041,2.48,0.5436,5.76,0.716,6.36,0.6312,1.08,0.274,2.74,0.487,1.0,0.0,3.2,0.6701,1.6,0.4949,6.36,0.6312,2.0,0.0,5.54,0.7343,3.02,0.8449,6.32,0.5869
6250.1_midj_af.jpg,1.04,0.1979,6.34,0.6581,1.1,0.303,2.0,0.0,1.0,0.0,2.68,0.8192,6.04,0.7548,6.58,0.4986,1.0,0.0,2.14,0.3505,1.0,0.0,3.44,1.0529,1.22,0.4185,6.86,0.3505,1.54,0.5035,6.12,0.5584,3.64,1.4251,6.7,0.4629
6250.1_midj_as.jpg,2.3,0.4629,3.44,0.8609,1.42,0.4986,2.14,0.3505,1.54,0.5035,2.44,0.5406,5.4,0.9689,6.0,0.6389,2.0,0.0,3.1,0.5051,1.0,0.0,2.02,0.1414,2.04,0.1979,5.2,1.0102,2.0,0.0,5.34,0.9607,3.4,0.8571,5.58,1.0708
6250.1_midj_euna.jpg,1.06,0.2399,4.7,1.1824,1.26,0.4431,2.02,0.1414,1.0,0.0,2.1,0.303,5.96,0.6688,6.92,0.274,1.04,0.1979,2.72,0.4536,1.0,0.0,4.32,1.1328,1.72,0.4536,6.8,0.4041,1.94,0.2399,5.78,0.6788,2.84,0.7656,6.58,0.4986
6250.1_midj_sa.jpg,1.26,0.4431,6.0,0.833,1.2,0.4041,2.0,0.0,1.2,0.4041,2.48,0.5436,5.76,0.716,6.36,0.6312,1.08,0.274,2.74,0.487,1.0,0.0,3.2,0.6701,1.6,0.4949,6.36,0.6312,2.0,0.0,5.54,0.7343,3.02,0.8449,6.32,0.5869
6370_midj.jpg,1.04,0.1979,4.58,1.0515,1.34,0.4785,2.14,0.3505,1.0,0.0,3.54,0.8134,3.1,0.6145,6.96,0.1979,1.04,0.1979,3.18,0.5226,1.0,0.0,3.94,0.9127,1.84,0.3703,6.24,0.5555,2.0,0.0,5.36,0.8981,2.02,0.1414,6.76,0.4314
6370_midj_af.jpg,1.1,0.303,6.98,0.1414,1.54,0.5035,2.18,0.3881,1.0,0.0,6.16,0.7656,4.58,1.1622,6.96,0.1979,1.0,0.0,2.74,0.5646,1.0,0.0,3.26,0.8992,1.54,0.5035,6.6,0.4949,1.94,0.2399,5.3,1.0926,2.78,0.8401,6.94,0.2399
6370_midj_as.jpg,1.0,0.0,6.68,0.5127,1.8,0.4041,2.6,0.7284,1.0,0.0,4.52,0.9739,3.34,0.7722,6.7,0.4629,1.0,0.0,3.1,0.5051,1.0,0.0,3.82,0.8003,2.0,0.0,6.1,0.544,2.0,0.0,5.24,0.9381,3.18,0.8734,6.58,0.4986
6370_midj_euna.jpg,1.04,0.1979,6.96,0.1979,1.76,0.4314,2.1,0.303,1.04,0.1979,4.26,1.1031,4.24,1.0797,6.32,0.5869,1.0,0.0,2.8,0.5345,1.0,0.0,3.42,0.9278,1.92,0.274,6.12,0.5584,2.0,0.0,5.82,0.7197,3.08,0.9223,6.58,0.4986
6370_midj_sa.jpg,1.04,0.1979,6.96,0.1979,1.28,0.4536,2.02,0.1414,1.0,0.0,4.28,1.0309,3.56,0.8122,6.44,0.5014,1.0,0.0,2.52,0.5436,1.0,0.0,3.32,0.7939,1.76,0.4314,6.3,0.5803,2.0,0.0,5.18,0.9833,2.14,0.3505,6.76,0.4314
a002_midj.jpg,3.74,1.5493,2.88,1.2061,2.0,0.0,2.14,0.3505,1.38,0.4903,6.94,0.2399,2.9,1.2976,6.12,0.5206,1.8,0.4041,2.86,0.8084,2.0,0.0,2.86,0.9691,1.88,0.3283,6.14,0.5349,2.0,0.0,4.76,1.4223,2.1,0.303,6.76,0.4314
animals_076_v_midj.jpg,3.24,1.3024,6.44,0.5014,1.8,0.4041,2.0,0.0,1.34,0.4785,6.44,0.5014,5.18,1.1192,6.58,0.4986,1.08,0.274,2.0,0.0,1.0,0.0,1.88,0.3283,1.42,0.4986,6.3,0.5803,1.04,0.1979,6.02,0.4734,2.34,0.7174,6.92,0.274
animals_076_v_midj_af.jpg,1.96,0.1979,6.96,0.1979,1.22,0.4185,5.62,0.7796,1.04,0.1979,5.46,0.9941,5.8,0.6389,6.92,0.274,1.0,0.0,1.88,0.3283,1.0,0.0,1.54,0.5035,1.08,0.274,6.3,0.5803,1.0,0.0,6.46,0.5035,3.02,1.1337,6.96,0.1979
animals_076_v_midj_as.jpg,2.0,0.0,6.94,0.2399,1.24,0.4314,5.3,1.2976,1.04,0.1979,4.68,1.6218,5.8,0.8081,6.92,0.274,1.0,0.0,2.0,0.0,1.0,0.0,1.0,0.0,1.22,0.4185,6.3,0.5803,1.0,0.0,6.72,0.4536,3.82,1.6622,7.0,0.0
animals_076_v_midj_euna.jpg,3.46,1.4028,6.44,0.5014,1.84,0.3703,2.0,0.0,1.28,0.4536,6.44,0.5014,5.18,1.1192,6.58,0.4986,1.08,0.274,2.0,0.0,1.0,0.0,1.86,0.3505,1.42,0.4986,6.3,0.5803,1.0,0.0,6.02,0.4734,2.38,0.7253,6.86,0.3505
animals_076_v_midj_sa.jpg,2.1,0.303,6.7,0.4629,1.54,0.5035,3.98,1.3626,1.0,0.0,4.68,1.3619,5.76,0.6565,6.44,0.5014,1.2,0.4041,1.94,0.2399,1.04,0.1979,1.08,0.274,1.8,0.4041,5.72,0.6713,1.0,0.0,6.42,0.4986,4.48,1.3438,6.86,0.3505
fear_new_1.jpg,1.0,0.0,3.62,0.8781,1.08,0.274,2.0,0.0,1.0,0.0,6.18,0.5226,5.82,0.5226,7.0,0.0,1.0,0.0,2.0,0.0,1.0,0.0,4.52,1.015,1.0,0.0,6.96,0.1979,1.0,0.0,6.44,0.5014,4.02,1.0971,6.86,0.3505
fear_new_2.jpg,1.84,0.3703,6.7,0.4629,1.0,0.0,2.0,0.0,1.0,0.0,7.0,0.0,6.58,0.4986,7.0,0.0,1.0,0.0,1.28,0.4536,1.0,0.0,3.46,1.0144,1.0,0.0,7.0,0.0,1.0,0.0,6.96,0.1979,2.0,0.0,7.0,0.0
fear_new_3.jpg,1.2,0.4041,2.0,0.0,2.0,0.0,3.86,0.9899,1.04,0.1979,2.18,0.3881,2.14,0.3505,6.94,0.2399,1.86,0.3505,4.02,0.769,1.3,0.4629,6.58,0.4986,2.0,0.0,6.18,0.5226,3.56,0.7866,5.2,0.8081,3.16,0.6503,6.92,0.274
fear_new_4.jpg,1.04,0.1979,2.06,0.2399,1.24,0.4314,3.36,0.8514,1.0,0.0,4.26,1.1395,2.8,0.6999,7.0,0.0,1.0,0.0,3.6,0.7284,1.0,0.0,6.18,0.7197,1.2,0.4041,6.92,0.274,2.0,0.0,5.18,0.6289,2.14,0.3505,6.98,0.1414
fear_new_5.jpg,1.0,0.0,2.14,0.3505,2.0,0.0,2.04,0.1979,1.0,0.0,3.84,1.1843,2.1,0.303,7.0,0.0,1.04,0.1979,2.0,0.0,1.48,0.5047,5.14,1.2618,1.24,0.4314,6.6,0.4949,2.0,0.0,5.82,0.7197,3.22,0.8873,6.92,0.274
fear_new_5_midj_af.jpg,1.0,0.0,3.4,1.1066,2.14,0.3505,3.28,1.4574,1.1,0.303,2.88,1.272,2.0,0.0,6.68,0.5127,1.08,0.274,2.78,0.7365,2.0,0.0,6.92,0.274,1.8,0.4041,6.58,0.5379,2.0,0.0,5.12,1.2229,4.46,1.2811,6.5,0.5051
fear_new_5_midj_as.jpg,1.26,0.4431,2.8,0.8571,4.2,1.0498,5.64,0.6627,1.92,0.274,3.54,1.328,4.96,0.8797,6.02,0.5529,2.0,0.0,3.16,0.5481,2.92,0.9864,6.04,0.6987,3.86,0.926,4.38,1.1761,3.12,0.799,5.58,0.7025,5.64,0.6312,5.84,0.6181
fear_new_5_midj_euna.jpg,1.06,0.2399,2.98,0.8687,2.9,0.7626,3.0,0.9689,1.96,0.1979,2.14,0.3505,3.48,1.015,5.8,0.6999,2.0,0.0,3.48,0.8628,2.02,0.1414,4.28,1.2461,2.3,0.4629,3.58,1.0319,2.86,0.8084,5.54,0.7343,5.32,0.8437,5.78,0.8154
fear_new_5_midj_sa.jpg,1.2,0.4041,5.58,0.7584,2.18,0.3881,4.88,1.2229,1.38,0.4903,4.22,1.1657,5.1,0.8864,6.58,0.4986,1.72,0.4536,2.96,0.402,1.66,0.4785,3.5,0.8631,2.0,0.0,5.68,0.6833,2.0,0.0,5.56,0.7602,5.54,0.6455,6.3,0.5803
fear_new_6.jpg,1.0,0.0,2.48,0.5436,1.1,0.303,3.14,1.05,1.0,0.0,6.22,0.6481,2.1,0.303,7.0,0.0,1.0,0.0,3.56,0.7866,1.0,0.0,6.68,0.5127,1.24,0.4314,6.98,0.1414,2.0,0.0,6.1,0.6145,2.4,0.4949,7.0,0.0
fear_new_7.jpg,1.0,0.0,2.14,0.3505,2.0,0.0,2.0,0.0,1.0,0.0,3.66,1.4654,2.0,0.0,7.0,0.0,1.0,0.0,2.0,0.0,1.48,0.5047,7.0,0.0,1.0,0.0,6.96,0.1979,1.48,0.5047,4.4,1.6162,2.0,0.0,6.8,0.4041
fear_new_8.jpg,1.04,0.1979,4.98,0.9366,1.1,0.303,2.04,0.1979,1.0,0.0,2.0,0.0,6.04,0.4499,6.96,0.1979,1.0,0.0,2.9,0.4165,1.0,0.0,3.4,0.7825,1.38,0.4903,6.58,0.4986,2.0,0.0,6.44,0.5014,2.48,0.5436,6.76,0.4314
fear_new_9.jpg,1.0,0.0,5.38,0.8053,1.34,0.4785,4.74,1.0844,1.0,0.0,3.12,1.0029,5.3,0.6776,7.0,0.0,1.0,0.0,2.14,0.3505,1.0,0.0,3.42,0.8593,1.2,0.4041,6.8,0.4041,1.86,0.3505,6.3,0.5803,4.0,1.2617,7.0,0.0
neghighsoc_24_midj.jpg,1.1,0.303,5.2,0.9897,2.0,0.0,4.78,1.148,2.0,0.0,4.62,1.3981,3.28,1.3407,6.8,0.4041,1.04,0.1979,3.16,0.8418,1.04,0.1979,6.86,0.3505,1.34,0.4785,6.96,0.1979,2.0,0.0,5.54,0.7343,2.0,0.0,6.86,0.3505
spider_052_midj.jpg,2.14,0.3505,2.04,0.1979,1.2,0.4041,5.48,1.0544,1.38,0.4903,6.96,0.1979,3.26,1.1747,6.44,0.5014,1.34,0.4785,3.24,0.7969,1.06,0.2399,2.0,0.0,1.76,0.4314,5.94,0.6824,1.96,0.1979,2.84,0.9553,2.06,0.2399,6.94,0.2399
spider_069_midj.jpg,1.92,0.274,2.1,0.303,1.04,0.1979,4.5,1.3887,1.0,0.0,7.0,0.0,2.22,0.4185,6.96,0.1979,1.0,0.0,2.52,0.5436,1.0,0.0,2.3,0.4629,1.2,0.4041,6.86,0.3505,1.88,0.3283,3.74,1.3822,2.0,0.0,7.0,0.0
spider_069_midj_af.jpg,1.08,0.274,2.0,0.0,1.0,0.0,3.18,1.1008,1.0,0.0,6.6,0.4949,2.0,0.0,6.42,0.4986,1.0,0.0,3.32,0.7126,1.0,0.0,2.14,0.3505,1.1,0.303,6.16,0.5095,2.0,0.0,5.0,1.1606,2.02,0.1414,6.7,0.4629
spider_069_midj_as.jpg,2.14,0.3505,2.0,0.0,1.34,0.4785,4.58,1.295,1.06,0.2399,5.98,0.3774,2.78,0.7637,5.6,0.6389,1.88,0.3283,3.3,0.7354,1.04,0.1979,1.8,0.4041,2.02,0.1414,5.02,0.8204,2.14,0.3505,3.84,1.3149,3.18,1.1008,6.04,0.4499
spider_069_midj_euna.jpg,2.18,0.3881,2.22,0.4185,1.1,0.303,5.84,0.6181,1.0,0.0,6.42,0.4986,4.36,1.3365,6.36,0.4849,1.06,0.2399,3.12,0.6273,1.04,0.1979,2.0,0.0,1.96,0.1979,5.76,0.6565,2.0,0.0,5.24,1.1528,2.74,0.6943,6.44,0.5014
spider_069_midj_sa.jpg,1.92,0.274,2.1,0.303,1.04,0.1979,4.6,1.3248,1.0,0.0,6.98,0.1414,2.22,0.4185,6.96,0.1979,1.0,0.0,2.52,0.5436,1.0,0.0,2.3,0.4629,1.2,0.4041,6.86,0.3505,1.88,0.3283,3.74,1.3822,2.0,0.0,6.98,0.1414
2347_midj.jpg,6.92,0.274,1.0,0.0,6.44,0.5014,2.9,0.8391,1.86,0.3505,1.0,0.0,6.8,0.4041,1.0,0.0,7.0,0.0,2.0,0.0,6.5,0.5051,1.0,0.0,7.0,0.0,1.0,0.0,2.0,0.0,5.18,0.8965,6.44,0.5014,1.04,0.1979
8461_midj.jpg,6.76,0.4314,1.0,0.0,6.6,0.4949,5.18,1.1192,5.22,1.2501,1.0,0.0,6.3,0.4629,1.0,0.0,7.0,0.0,3.72,1.5913,6.36,0.4849,1.0,0.0,7.0,0.0,1.0,0.0,4.9,1.1112,5.74,0.6328,6.3,0.4629,1.22,0.4185
amusement_new_1.jpg,6.96,0.1979,1.0,0.0,6.42,0.4986,4.82,1.2403,2.12,0.5938,1.0,0.0,7.0,0.0,1.0,0.0,7.0,0.0,2.0,0.0,5.08,1.3377,1.0,0.0,7.0,0.0,1.0,0.0,1.06,0.2399,5.88,0.659,6.92,0.274,1.24,0.4314
amusement_new_2.jpg,6.96,0.1979,1.0,0.0,6.86,0.3505,2.3,0.4629,4.22,1.2501,1.0,0.0,5.36,0.8514,1.0,0.0,7.0,0.0,2.02,0.1414,6.6,0.4949,1.0,0.0,7.0,0.0,1.0,0.0,2.18,0.3881,3.82,0.9409,6.42,0.4986,1.2,0.4041
amusement_new_2_midj_af.jpg,5.92,0.4445,1.0,0.0,6.86,0.3505,5.22,1.0934,5.9,0.4165,1.0,0.0,5.36,0.7494,1.0,0.0,6.98,0.1414,2.06,0.2399,6.8,0.4041,1.0,0.0,7.0,0.0,1.0,0.0,5.04,0.8797,4.04,1.1058,6.36,0.4849,1.08,0.274
amusement_new_2_midj_as.jpg,6.44,0.5014,1.0,0.0,6.7,0.4629,3.44,0.8609,6.0,0.2857,1.0,0.0,4.62,0.7796,1.0,0.0,6.96,0.1979,2.3,0.4629,6.5,0.5051,1.0,0.0,7.0,0.0,1.0,0.0,4.74,0.7775,3.8,0.9258,6.26,0.4431,1.1,0.303
amusement_new_2_midj_euna.jpg,6.96,0.1979,1.0,0.0,6.86,0.3505,2.22,0.4185,4.26,1.2586,1.0,0.0,5.4,0.833,1.0,0.0,7.0,0.0,2.02,0.1414,6.58,0.4986,1.0,0.0,7.0,0.0,1.0,0.0,2.18,0.3881,3.82,0.9409,6.42,0.4986,1.1,0.303
amusement_new_2_midj_sa.jpg,5.54,0.6131,1.0,0.0,6.92,0.274,5.54,0.6455,6.06,0.2399,1.0,0.0,5.06,0.7931,1.0,0.0,7.0,0.0,4.54,1.5806,6.94,0.2399,1.0,0.0,7.0,0.0,1.0,0.0,5.74,0.5272,4.2,1.1429,6.3,0.4629,1.24,0.4314
amusement_new_5.jpg,6.96,0.1979,1.0,0.0,6.44,0.5014,2.02,0.1414,4.72,1.011,1.0,0.0,6.3,0.5803,1.0,0.0,7.0,0.0,2.0,0.0,5.64,0.7217,1.0,0.0,7.0,0.0,1.0,0.0,2.0,0.0,4.28,1.1436,6.36,0.4849,1.2,0.4041
amusement_new_6.jpg,6.44,0.5014,1.0,0.0,6.08,0.4445,5.68,0.6528,5.62,0.8303,1.0,0.0,6.04,0.4499,1.04,0.1979,6.96,0.1979,2.84,1.2014,5.64,0.6928,1.0,0.0,6.96,0.1979,1.04,0.1979,3.1,0.5803,5.68,0.6528,6.26,0.4431,1.6,0.4949
amusement_new_7.jpg,6.98,0.1414,1.0,0.0,6.86,0.3505,2.1,0.303,2.0,0.0,1.0,0.0,6.18,0.5956,1.0,0.0,7.0,0.0,2.12,0.7183,6.08,0.7239,1.0,0.0,7.0,0.0,1.0,0.0,2.0,0.0,5.26,0.9216,6.44,0.5014,1.2,0.4041
amusement_new_8.jpg,6.96,0.1979,1.08,0.274,5.92,0.4445,2.0,0.0,1.88,0.3283,1.0,0.0,6.92,0.274,1.0,0.0,7.0,0.0,2.0,0.0,3.26,1.712,1.0,0.0,7.0,0.0,1.0,0.0,2.0,0.0,5.9,0.6776,6.44,0.5014,1.54,0.5035
joy_new_10.jpg,6.6,0.4949,1.0,0.0,6.96,0.1979,4.78,1.2664,5.84,0.5841,1.0,0.0,5.98,0.3774,1.0,0.0,7.0,0.0,2.02,0.1414,6.82,0.3881,1.0,0.0,7.0,0.0,1.0,0.0,4.42,1.3107,5.68,0.8192,6.7,0.4629,1.04,0.1979
joy_new_10_midj_af.jpg,6.7,0.4629,1.0,0.0,7.0,0.0,3.68,0.957,3.2,0.7284,1.0,0.0,5.06,0.843,1.0,0.0,7.0,0.0,2.18,0.3881,6.94,0.2399,1.0,0.0,7.0,0.0,1.0,0.0,5.06,0.843,4.3,1.1473,6.7,0.4629,1.24,0.4314
joy_new_10_midj_as.jpg,5.92,0.4445,1.0,0.0,6.94,0.2399,3.34,0.7722,4.34,1.239,1.0,0.0,3.9,0.8391,1.0,0.0,7.0,0.0,2.94,0.8668,6.6,0.4949,1.0,0.0,7.0,0.0,1.0,0.0,5.94,0.5115,4.0,1.0102,6.42,0.4986,1.28,0.4536
joy_new_10_midj_euna.jpg,6.6,0.4949,1.0,0.0,6.96,0.1979,4.64,1.2898,5.84,0.5841,1.0,0.0,5.98,0.3774,1.0,0.0,7.0,0.0,2.0,0.0,6.8,0.4041,1.0,0.0,7.0,0.0,1.0,0.0,4.34,1.2875,5.62,0.8303,6.7,0.4629,1.04,0.1979
joy_new_10_midj_sa.jpg,5.24,0.8704,1.0,0.0,6.98,0.1414,2.94,0.6197,5.12,0.799,1.0,0.0,3.14,0.5718,1.0,0.0,7.0,0.0,4.46,1.5546,6.94,0.2399,1.0,0.0,7.0,0.0,1.0,0.0,6.04,0.4499,3.34,0.9607,6.44,0.5014,1.1,0.303
joy_new_11.jpg,6.6,0.4949,1.0,0.0,6.0,0.3499,5.88,0.4352,5.28,1.1073,1.0,0.0,6.94,0.2399,1.0,0.0,7.0,0.0,3.62,1.6274,4.02,1.5713,1.0,0.0,7.0,0.0,1.0,0.0,2.04,0.1979,5.78,0.6158,6.7,0.4629,1.48,0.5047
joy_new_11_midj_af.jpg,6.44,0.5014,1.2,0.4041,5.6,0.5345,2.52,0.5436,3.94,0.8668,1.0,0.0,6.58,0.4986,1.0,0.0,6.94,0.2399,2.94,0.6197,2.3,0.4629,1.04,0.1979,6.94,0.2399,1.04,0.1979,2.02,0.1414,5.5,0.6776,5.92,0.4445,1.54,0.5035
joy_new_11_midj_as.jpg,6.96,0.1979,1.0,0.0,6.08,0.4882,4.4,1.2778,2.0,0.0,1.0,0.0,6.92,0.274,1.0,0.0,7.0,0.0,2.0,0.0,5.06,1.1851,1.0,0.0,7.0,0.0,1.0,0.0,1.96,0.1979,5.64,0.6627,6.42,0.4986,1.08,0.274
joy_new_11_midj_euna.jpg,6.7,0.4629,1.0,0.0,6.0,0.3499,5.84,0.4677,5.28,1.1073,1.0,0.0,6.92,0.274,1.0,0.0,7.0,0.0,3.68,1.6218,4.34,1.5066,1.0,0.0,7.0,0.0,1.0,0.0,2.04,0.1979,5.78,0.6158,6.6,0.4949,1.42,0.4986
joy_new_11_midj_sa.jpg,6.8,0.4041,1.0,0.0,6.44,0.5014,3.38,0.9234,3.44,0.993,1.0,0.0,6.58,0.4986,1.0,0.0,7.0,0.0,2.78,0.7637,5.76,0.716,1.0,0.0,7.0,0.0,1.0,0.0,2.06,0.2399,5.3,0.6468,6.36,0.4849,1.2,0.4041
joy_new_12.jpg,6.98,0.1414,1.0,0.0,6.16,0.5095,6.44,0.5014,2.0,0.0,1.0,0.0,6.96,0.1979,1.0,0.0,7.0,0.0,2.0,0.0,6.08,0.4882,1.0,0.0,7.0,0.0,1.0,0.0,2.0,0.0,6.12,0.5206,6.76,0.4314,1.08,0.274
joy_new_13.jpg,6.6,0.4949,1.0,0.0,6.36,0.4849,5.9,0.4165,2.0,0.0,1.02,0.1414,5.98,0.3774,1.0,0.0,6.96,0.1979,4.12,1.5205,6.04,0.4499,1.0,0.0,6.96,0.1979,1.0,0.0,3.38,0.8545,4.96,1.1599,6.44,0.5014,1.42,0.4986
joy_new_14.jpg,6.96,0.1979,1.0,0.0,6.96,0.1979,5.74,0.6328,2.0,0.0,1.0,0.0,6.92,0.274,1.0,0.0,7.0,0.0,2.0,0.0,6.92,0.274,1.0,0.0,7.0,0.0,1.0,0.0,2.0,0.0,6.16,0.5095,6.94,0.2399,1.08,0.274
joy_new_2_midj_af.jpg,6.5,0.5051,1.0,0.0,5.24,0.7969,2.94,1.0382,6.14,0.3505,1.22,0.4185,6.3,0.5803,1.0,0.0,7.0,0.0,2.02,0.1414,6.04,0.533,1.0,0.0,7.0,0.0,1.0,0.0,2.0,0.0,4.04,1.049,6.58,0.4986,1.26,0.4431
joy_new_2_midj_as.jpg,5.9,0.544,1.0,0.0,5.92,0.4445,4.64,1.1911,5.9,0.4165,1.0,0.0,5.86,0.5718,1.0,0.0,7.0,0.0,2.14,0.3505,6.3,0.5803,1.0,0.0,7.0,0.0,1.0,0.0,4.1,1.0926,2.82,0.8254,6.42,0.4986,1.34,0.4785
joy_new_2_midj_euna.jpg,6.96,0.1979,1.0,0.0,5.78,0.6158,2.1,0.5803,6.3,0.4629,1.54,0.5035,6.96,0.1979,1.0,0.0,7.0,0.0,2.0,0.0,6.08,0.4882,1.0,0.0,7.0,0.0,1.0,0.0,1.34,0.4785,5.84,0.5841,6.5,0.5051,1.38,0.4903
joy_new_2_midj_sa.jpg,6.42,0.4986,1.0,0.0,5.8,0.6389,4.02,1.6474,6.14,0.3505,1.0,0.0,6.16,0.5095,1.0,0.0,7.0,0.0,2.76,1.1528,6.22,0.5455,1.0,0.0,7.0,0.0,1.0,0.0,2.3,0.4629,4.36,1.2898,6.44,0.5014,1.08,0.274
joy_new_4.jpg,5.82,0.5956,1.0,0.0,6.42,0.4986,4.7,1.3132,2.3,0.4629,1.0,0.0,6.16,0.5095,1.0,0.0,7.0,0.0,2.04,0.1979,5.72,0.6713,1.0,0.0,7.0,0.0,1.0,0.0,2.22,0.4185,5.74,0.6328,6.86,0.3505,1.26,0.4431
joy_new_5.jpg,6.42,0.4986,1.0,0.0,6.44,0.5014,3.92,1.3827,5.84,0.4677,1.0,0.0,5.62,0.6667,1.0,0.0,6.96,0.1979,4.02,1.8349,5.98,0.5147,1.0,0.0,6.98,0.1414,1.0,0.0,4.3,0.9949,5.06,0.8668,6.42,0.4986,1.26,0.4431
joy_new_6.jpg,5.1,0.8144,1.08,0.274,5.8,0.4949,6.96,0.1979,2.0,0.0,1.0,0.0,6.92,0.274,1.48,0.5047,6.96,0.1979,4.3,1.2657,4.86,0.8809,1.04,0.1979,6.96,0.1979,1.08,0.274,4.06,0.9982,6.08,0.4882,6.76,0.4314,1.8,0.4041
joy_new_7.jpg,6.42,0.4986,1.0,0.0,6.92,0.274,5.18,0.8497,2.0,0.0,1.0,0.0,5.96,0.3476,1.0,0.0,7.0,0.0,2.38,0.7253,6.92,0.274,1.0,0.0,7.0,0.0,1.0,0.0,5.0,0.8806,5.26,1.0264,6.8,0.4041,1.06,0.2399
joy_new_7_midj_af.jpg,3.66,0.9817,1.0,0.0,6.94,0.2399,5.2,0.7825,2.14,0.3505,1.0,0.0,2.86,0.3505,1.0,0.0,6.96,0.1979,5.44,0.7329,6.82,0.3881,1.06,0.2399,6.98,0.1414,1.0,0.0,6.96,0.1979,2.22,0.4185,6.06,0.2399,1.1,0.303
joy_new_7_midj_as.jpg,6.44,0.5014,1.0,0.0,6.96,0.1979,3.46,0.9521,2.0,0.0,1.0,0.0,5.72,0.6713,1.0,0.0,7.0,0.0,2.82,1.1008,6.96,0.1979,1.0,0.0,7.0,0.0,1.0,0.0,4.96,0.9026,3.88,1.2395,6.8,0.4041,1.08,0.274
joy_new_7_midj_euna.jpg,5.8,0.4949,1.0,0.0,6.86,0.3505,3.4,1.0102,2.0,0.0,1.0,0.0,5.14,0.8332,1.0,0.0,7.0,0.0,5.14,1.3704,6.8,0.4041,1.0,0.0,7.0,0.0,1.0,0.0,5.84,0.4677,3.92,1.4405,6.6,0.4949,1.1,0.303
joy_new_7_midj_sa.jpg,6.12,0.4798,1.0,0.0,6.96,0.1979,5.94,0.3731,4.16,1.5566,1.0,0.0,5.82,0.5956,1.0,0.0,7.0,0.0,4.76,1.6107,6.94,0.2399,1.0,0.0,7.0,0.0,1.0,0.0,6.16,0.5095,4.22,1.4039,6.58,0.4986,1.0,0.0
joy_new_8.jpg,3.04,1.0093,1.0,0.0,5.94,0.3731,3.98,1.1156,6.06,0.2399,1.0,0.0,2.62,0.5303,1.0,0.0,7.0,0.0,3.02,0.9792,5.88,0.4352,1.0,0.0,6.96,0.1979,1.0,0.0,6.96,0.1979,2.7,0.789,6.06,0.2399,1.22,0.4185
joy_new_9.jpg,6.96,0.1979,1.0,0.0,6.96,0.1979,5.8,0.4949,2.0,0.0,1.0,0.0,6.86,0.3505,1.0,0.0,7.0,0.0,2.0,0.0,6.84,0.3703,1.0,0.0,7.0,0.0,1.0,0.0,2.38,0.5675,5.62,0.6667,6.7,0.4629,1.08,0.274
maps152_midj.jpg,5.96,0.3476,1.0,0.0,6.14,0.4522,3.6,0.8806,2.0,0.0,1.0,0.0,5.9,0.4165,1.0,0.0,6.98,0.1414,3.24,1.0012,5.1,0.9313,1.0,0.0,7.0,0.0,1.0,0.0,4.14,1.0692,4.28,1.1436,6.26,0.4431,1.34,0.4785
2190_midj.jpg,1.2,0.4041,2.0,0.0,3.66,0.7174,2.14,0.3505,2.0,0.0,1.54,0.5035,2.0,0.0,2.0,0.0,2.02,0.1414,4.72,0.834,2.24,0.4314,4.48,0.7351,3.8,0.6389,3.46,0.706,4.22,0.5817,2.94,0.4243,3.8,0.6999,3.36,0.802
2190_midj_af.jpg,1.22,0.4185,2.0,0.0,4.04,0.8797,4.3,1.1294,2.0,0.0,1.06,0.2399,2.06,0.2399,1.92,0.274,3.26,0.5646,4.48,0.7624,2.8,0.5345,4.42,0.7848,5.36,0.7217,2.18,0.3881,4.76,0.716,3.08,0.4882,4.96,0.8797,2.06,0.2399
2190_midj_as.jpg,1.84,0.3703,1.92,0.274,3.48,0.6773,4.5,0.8391,2.0,0.0,1.1,0.303,2.0,0.0,1.84,0.3703,3.32,0.5869,5.3,0.7354,3.16,0.6503,3.88,0.6273,5.46,0.706,2.0,0.0,6.3,0.5803,2.62,0.4903,3.96,0.7814,2.06,0.2399
2190_midj_euna.jpg,1.2,0.4041,2.0,0.0,3.72,0.7296,2.14,0.3505,2.0,0.0,1.54,0.5035,2.0,0.0,2.0,0.0,2.02,0.1414,4.72,0.834,2.22,0.4185,4.48,0.7351,3.84,0.6503,3.46,0.706,4.22,0.5817,2.96,0.4499,3.72,0.701,3.28,0.757
2190_midj_sa.jpg,1.96,0.1979,2.0,0.0,3.5,0.7071,3.56,0.8122,2.0,0.0,1.48,0.5047,2.06,0.2399,2.0,0.0,3.4,0.5714,4.48,0.7624,2.96,0.4499,3.62,0.6667,4.9,0.789,2.48,0.5436,4.8,0.6701,3.22,0.5817,4.74,0.7775,2.4,0.4949
2191_midj.jpg,1.86,0.3505,1.28,0.4536,3.14,0.4522,3.64,0.7217,4.12,0.9179,1.54,0.5035,2.82,0.3881,1.54,0.5035,5.2,0.6061,3.96,0.7814,3.96,0.7814,2.06,0.2399,5.84,0.4677,2.0,0.0,5.12,0.5938,3.76,0.716,5.38,0.6667,1.94,0.2399
2191_midj_af.jpg,1.08,0.274,1.38,0.4903,3.26,0.5646,4.58,0.7848,2.3,0.4629,1.06,0.2399,2.18,0.3881,1.84,0.3703,3.9,0.7071,4.1,0.7354,4.54,0.8855,3.02,0.4281,5.36,0.6627,2.06,0.2399,5.36,0.6627,3.52,0.6773,5.32,0.6528,1.96,0.1979
2191_midj_as.jpg,1.96,0.1979,1.84,0.3703,3.52,0.6465,4.04,0.7814,3.14,0.5349,1.08,0.274,3.04,0.3476,1.84,0.3703,5.24,0.6565,3.96,0.7814,4.36,0.7494,2.18,0.3881,5.8,0.4949,2.0,0.0,5.24,0.6565,4.02,0.769,5.64,0.5253,1.96,0.1979
2191_midj_euna.jpg,1.84,0.3703,1.26,0.4431,3.08,0.3959,3.6,0.6701,3.96,0.8562,1.54,0.5035,2.82,0.3881,1.48,0.5047,5.26,0.6328,4.0,0.7825,3.82,0.7475,2.06,0.2399,5.88,0.4352,2.0,0.0,5.18,0.6289,3.76,0.716,5.44,0.6749,1.94,0.2399
2191_midj_sa.jpg,2.0,0.0,1.84,0.3703,3.8,0.6389,4.44,0.7866,5.98,0.3774,1.1,0.303,3.04,0.3476,1.72,0.4536,5.26,0.6328,3.96,0.7814,3.92,0.6652,2.68,0.5127,5.84,0.4677,2.0,0.0,5.16,0.6503,3.88,0.7183,5.6,0.4949,1.96,0.1979
2377_midj.jpg,2.04,0.1979,1.08,0.274,2.78,0.6788,3.92,0.8999,2.0,0.0,1.0,0.0,2.72,0.4536,1.0,0.0,5.7,0.5051,4.78,0.8154,3.24,0.7969,2.0,0.0,6.08,0.4882,1.54,0.5035,6.18,0.5956,3.38,0.6667,5.26,0.6328,1.94,0.2399
2384_midj.jpg,2.48,0.5047,1.2,0.4041,2.18,0.3881,3.42,0.7025,2.0,0.0,1.48,0.5047,2.4,0.4949,1.76,0.4314,4.44,0.6115,5.08,0.5284,2.18,0.3881,2.78,0.5067,5.5,0.5051,1.96,0.1979,6.72,0.4965,2.62,0.5303,3.24,0.716,1.96,0.1979
2384_midj_af.jpg,1.88,0.3283,1.2,0.4041,2.48,0.5436,5.6,0.5345,2.0,0.0,1.0,0.0,2.18,0.3881,1.92,0.274,4.46,0.7343,5.06,0.55,2.5,0.5803,3.06,0.55,5.54,0.5425,1.88,0.3283,6.32,0.5869,3.16,0.5481,4.48,0.8142,1.92,0.274
2384_midj_as.jpg,2.02,0.1414,1.04,0.1979,3.48,0.7068,5.9,0.4629,2.02,0.1414,1.04,0.1979,2.1,0.303,1.26,0.4431,5.66,0.5194,5.2,0.6061,2.92,0.8041,2.96,0.57,6.16,0.5095,1.6,0.4949,6.96,0.1979,3.18,0.6908,4.7,0.8631,1.84,0.3703
2384_midj_euna.jpg,2.0,0.0,1.04,0.1979,2.94,0.4243,5.38,0.6024,2.22,0.4185,1.0,0.0,2.22,0.4185,1.42,0.4986,5.28,0.4536,5.2,0.6061,2.68,0.5127,2.44,0.5014,6.12,0.4798,1.54,0.5035,6.96,0.1979,2.96,0.402,3.86,0.8809,1.8,0.4041
2384_midj_sa.jpg,1.86,0.3505,1.08,0.274,2.84,0.4219,6.3,0.5803,2.14,0.3505,1.04,0.1979,2.0,0.0,2.0,0.0,4.42,0.7025,5.38,0.6667,2.22,0.4185,3.42,0.7025,5.7,0.544,2.0,0.0,6.96,0.1979,2.74,0.487,3.7,0.8144,2.0,0.0
5395_midj.jpg,1.42,0.4986,3.3,0.8144,1.2,0.4041,4.74,0.8762,1.22,0.4185,6.6,0.4949,2.06,0.2399,3.7,0.8631,1.54,0.5035,4.28,0.6713,1.0,0.0,6.58,0.4986,2.0,0.0,6.28,0.6074,4.2,0.8806,3.4,0.7284,2.52,0.5436,6.3,0.6145
5471_midj.jpg,2.0,0.0,1.48,0.5047,2.02,0.1414,5.96,0.402,1.26,0.4431,1.08,0.274,2.96,0.4499,2.0,0.0,3.04,0.402,3.46,0.706,1.88,0.3283,2.02,0.1414,4.02,0.9998,2.0,0.0,5.16,0.9337,2.96,0.3476,3.48,0.7624,2.18,0.3881
5875_midj.jpg,2.0,0.0,1.54,0.5035,4.22,0.7083,5.74,0.5646,2.02,0.1414,1.08,0.274,2.44,0.5014,1.38,0.4903,5.68,0.5511,5.02,0.5147,3.08,0.4882,3.26,0.6328,6.5,0.5051,1.48,0.5047,6.92,0.274,3.04,0.3476,5.4,0.6999,1.88,0.3283
5875_midj_af.jpg,1.84,0.3703,1.84,0.3703,3.06,0.3731,5.62,0.6667,2.0,0.0,1.04,0.1979,2.48,0.5047,2.0,0.0,3.54,0.6131,4.0,0.7825,2.64,0.4849,3.88,0.6273,5.14,0.7562,2.3,0.4629,5.82,0.5226,3.06,0.3136,3.94,0.8668,2.4,0.4949
5875_midj_as.jpg,2.0,0.0,1.04,0.1979,3.42,0.6091,6.16,0.5095,2.0,0.0,1.0,0.0,2.0,0.0,1.06,0.2399,5.66,0.5194,4.76,0.6565,3.3,0.7071,2.88,0.3854,6.42,0.4986,1.42,0.4986,6.96,0.1979,2.94,0.2399,4.92,0.8533,1.88,0.3283
5875_midj_euna.jpg,2.0,0.0,1.58,0.5379,4.18,0.7475,5.78,0.5455,2.02,0.1414,1.1,0.303,2.44,0.5014,1.38,0.4903,5.68,0.5511,5.02,0.5147,3.08,0.4882,3.26,0.6328,6.5,0.5051,1.48,0.5047,6.92,0.274,3.04,0.3476,5.4,0.6999,1.88,0.3283
5875_midj_sa.jpg,2.0,0.0,1.24,0.4314,4.14,0.6392,5.68,0.5511,5.56,0.5014,1.1,0.303,2.92,0.274,1.72,0.4536,5.88,0.4352,4.48,0.7068,4.34,0.8234,2.52,0.5436,6.18,0.5226,1.88,0.3283,6.12,0.5584,3.2,0.4949,5.26,0.6328,2.0,0.0
7000_midj.jpg,1.6,0.4949,1.08,0.274,2.6,0.4949,2.14,0.3505,2.88,0.3854,1.06,0.2399,2.0,0.0,1.0,0.0,3.12,0.5938,3.86,0.7562,2.1,0.303,2.0,0.0,4.54,0.8855,1.38,0.4903,6.22,0.6481,2.0,0.0,3.2,0.6061,1.88,0.3283
7001_midj.jpg,4.98,1.0593,1.38,0.4903,3.52,0.6465,3.9,1.1112,3.24,0.716,1.76,0.4314,5.3,0.9313,1.0,0.0,5.96,0.3476,3.74,0.6328,2.44,0.5014,1.24,0.4314,5.96,0.3476,1.26,0.4431,3.66,0.7722,2.88,0.3854,5.94,0.3731,2.0,0.0
7033_midj.jpg,2.0,0.0,1.86,0.3505,2.48,0.5047,5.96,0.3476,2.0,0.0,1.0,0.0,5.94,0.3731,2.0,0.0,5.0,0.8806,3.92,0.6652,1.84,0.3703,2.0,0.0,5.9,0.4165,2.0,0.0,5.64,0.6627,4.5,1.0738,5.96,0.3476,2.02,0.1414
7033_midj_af.jpg,2.4,0.4949,2.02,0.1414,2.9,0.4165,5.42,0.6417,2.0,0.0,1.84,0.3703,5.7,0.544,3.84,0.8889,5.1,0.6145,4.56,0.7329,1.84,0.3703,2.44,0.5014,5.0,0.8806,3.16,0.7103,4.06,0.7669,5.54,0.6455,5.6,0.5345,3.62,0.9234
7033_midj_as.jpg,2.0,0.0,1.86,0.3505,2.48,0.5047,5.96,0.3476,2.0,0.0,1.0,0.0,5.9,0.4165,2.0,0.0,5.0,0.8806,3.92,0.6652,1.84,0.3703,2.0,0.0,5.88,0.4352,2.0,0.0,5.68,0.6528,4.62,1.1229,5.96,0.3476,2.02,0.1414
7033_midj_euna.jpg,2.0,0.0,1.42,0.4986,2.94,0.3136,5.74,0.5272,2.0,0.0,1.0,0.0,3.96,0.7814,2.0,0.0,4.84,0.6503,4.76,0.6565,2.64,0.5253,2.88,0.3854,5.8,0.4518,1.96,0.1979,6.18,0.5226,4.16,0.8889,5.54,0.6131,2.14,0.3505
7033_midj_sa.jpg,2.48,0.5436,1.88,0.3283,3.02,0.4281,5.48,0.6465,2.0,0.0,1.0,0.0,5.28,0.6074,2.44,0.5406,5.5,0.5051,4.68,0.7126,2.04,0.1979,2.0,0.0,5.92,0.4445,2.0,0.0,6.06,0.5859,4.8,0.6999,5.9,0.4629,2.18,0.3881
7036_midj.jpg,2.0,0.0,2.02,0.1414,1.94,0.2399,6.58,0.4986,1.96,0.1979,1.92,0.274,5.04,0.8797,2.1,0.303,3.5,0.9091,4.98,0.9366,1.1,0.303,2.0,0.0,4.58,1.2792,2.18,0.3881,3.56,0.7866,5.0,0.9689,5.78,0.6158,2.78,0.7365
7041_midj.jpg,2.0,0.0,1.2,0.4041,2.96,0.1979,3.08,0.3405,4.8,0.6999,1.48,0.5047,2.02,0.1414,1.0,0.0,3.9,0.7071,3.9,0.7071,2.4,0.4949,2.0,0.0,5.56,0.5406,1.8,0.4041,5.74,0.5272,2.2,0.4041,4.18,0.8734,2.0,0.0
7080_midj.jpg,1.92,0.274,1.28,0.4536,1.94,0.2399,2.0,0.0,3.2,0.6701,1.84,0.3703,2.0,0.0,1.0,0.0,2.74,0.487,3.88,0.6893,1.94,0.2399,2.04,0.1979,3.58,0.8104,1.96,0.1979,4.8,0.6061,2.0,0.0,3.02,0.3774,2.0,0.0
7100_midj.jpg,2.0,0.0,1.88,0.3283,2.0,0.0,2.0,0.0,1.26,0.4431,2.0,0.0,2.0,0.0,1.92,0.274,2.52,0.5436,3.68,0.5869,1.24,0.4314,2.0,0.0,3.2,0.8081,2.0,0.0,4.1,0.9742,2.14,0.3505,3.0,0.6389,2.0,0.0
7140_midj.jpg,3.1,0.4629,1.1,0.303,3.8,0.6389,4.94,0.5115,2.48,0.5047,1.0,0.0,4.02,0.769,1.2,0.4041,5.44,0.5014,4.38,0.6024,3.08,0.4882,2.14,0.3505,5.96,0.3476,1.84,0.3703,5.98,0.3774,3.2,0.4949,5.22,0.5817,2.0,0.0
7500_midj.jpg,2.0,0.0,2.0,0.0,2.0,0.0,6.44,0.5014,1.34,0.4785,1.26,0.4431,3.02,0.3188,2.66,0.5194,3.06,0.3731,4.6,0.6999,1.66,0.4785,2.84,0.4219,4.3,0.6776,2.44,0.5014,5.42,0.6417,3.1,0.303,3.98,0.8204,2.9,0.6468
7560_midj.jpg,2.0,0.0,2.96,0.402,2.0,0.0,6.42,0.4986,2.0,0.0,1.42,0.4986,5.96,0.3476,3.62,0.8545,3.28,0.6713,3.4,0.5345,1.2,0.4041,2.44,0.5014,3.48,0.7624,3.08,0.5284,3.54,0.7879,5.66,0.5928,5.06,0.9775,3.62,0.8545
7705_midj.jpg,1.8,0.4041,1.22,0.4185,2.02,0.1414,2.0,0.0,1.88,0.3283,1.0,0.0,2.0,0.0,1.04,0.1979,2.96,0.402,6.24,0.7969,2.0,0.0,1.38,0.4903,5.12,0.799,1.76,0.4314,5.98,0.5147,2.0,0.0,3.08,0.4445,2.0,0.0
n041_midj.jpg,1.8,0.4041,1.6,0.4949,1.88,0.3283,2.0,0.0,1.04,0.1979,1.24,0.4314,2.0,0.0,1.38,0.4903,2.14,0.3505,4.5,0.7071,1.28,0.4536,2.48,0.5047,3.32,0.7939,2.0,0.0,4.98,0.769,2.06,0.2399,2.6,0.4949,2.0,0.0
n070_midj.jpg,2.0,0.0,1.1,0.303,2.78,0.5067,3.08,0.4882,2.68,0.5127,1.0,0.0,2.88,0.3854,1.04,0.1979,3.5,0.7626,3.96,0.7814,1.94,0.2399,1.94,0.2399,5.44,0.7329,1.28,0.4536,5.88,0.6893,2.52,0.5047,5.02,0.8204,2.0,0.0
1710_midj.jpg,5.86,0.4953,1.0,0.0,6.5,0.5051,3.02,0.9581,2.0,0.0,1.0,0.0,5.42,0.6417,1.0,0.0,6.92,0.274,4.02,1.237,6.7,0.4629,1.0,0.0,6.96,0.1979,1.0,0.0,5.0,0.8806,3.32,0.9134,6.44,0.5014,1.04,0.1979
animals_166_v_midj.jpg,4.72,1.011,1.0,0.0,6.96,0.1979,2.14,0.3505,2.0,0.0,1.0,0.0,1.2,0.4041,1.0,0.0,6.92,0.274,3.66,1.5858,6.7,0.4629,1.08,0.274,6.98,0.1414,1.0,0.0,7.0,0.0,1.24,0.4314,4.76,1.135,1.2,0.4041
baby1_midj.jpg,1.54,0.5035,1.0,0.0,7.0,0.0,5.72,0.7296,2.0,0.0,1.0,0.0,2.0,0.0,1.0,0.0,6.96,0.1979,3.94,1.0768,7.0,0.0,2.04,0.1979,7.0,0.0,1.0,0.0,6.96,0.1979,2.0,0.0,5.9,0.544,1.42,0.4986
baby5_midj.jpg,5.64,0.6627,1.0,0.0,6.76,0.4314,4.78,1.3745,2.0,0.0,1.0,0.0,3.78,1.2002,1.0,0.0,6.92,0.274,3.84,1.3456,6.92,0.274,1.0,0.0,6.96,0.1979,1.0,0.0,5.98,0.6543,2.14,0.3505,6.04,0.4499,1.34,0.4785
baby_1_midj_af.jpg,1.42,0.4986,1.0,0.0,6.96,0.1979,5.68,0.6833,2.0,0.0,1.0,0.0,2.02,0.1414,1.1,0.303,6.12,0.6273,3.98,0.8204,6.98,0.1414,2.38,0.5675,6.94,0.2399,1.1,0.303,6.86,0.3505,2.36,0.4849,5.7,0.544,1.6,0.4949
baby_1_midj_as.jpg,2.02,0.1414,1.0,0.0,6.8,0.4041,5.46,0.706,2.14,0.3505,1.0,0.0,2.4,0.4949,1.0,0.0,6.44,0.5014,5.18,0.8003,6.94,0.2399,2.14,0.3505,6.76,0.4314,1.1,0.303,6.86,0.3505,2.14,0.3505,5.74,0.5272,1.84,0.3703
baby_1_midj_euna.jpg,1.54,0.5035,1.0,0.0,7.0,0.0,5.72,0.7296,2.0,0.0,1.0,0.0,2.0,0.0,1.0,0.0,6.96,0.1979,3.94,1.0768,7.0,0.0,2.04,0.1979,7.0,0.0,1.0,0.0,6.96,0.1979,2.0,0.0,5.9,0.544,1.42,0.4986
baby_1_midj_sa.jpg,3.02,0.8449,1.0,0.0,6.92,0.274,5.7,0.544,2.44,0.5014,1.0,0.0,3.26,0.6943,1.0,0.0,6.92,0.274,4.96,0.9026,6.96,0.1979,2.0,0.0,6.96,0.1979,1.1,0.303,6.58,0.4986,2.72,0.6074,5.9,0.4629,1.48,0.5047
baby_5_midj_af.jpg,2.04,0.1979,1.0,0.0,6.42,0.4986,5.36,1.0835,2.02,0.1414,1.0,0.0,2.02,0.1414,1.34,0.4785,5.68,0.6528,5.16,0.8889,6.58,0.4986,2.0,0.0,6.76,0.4314,1.0,0.0,6.02,0.5529,2.66,0.7982,5.8,0.4949,1.8,0.4041
baby_5_midj_as.jpg,4.98,1.0971,1.0,0.0,6.92,0.274,4.0,1.6288,1.96,0.1979,1.0,0.0,2.14,0.3505,1.0,0.0,6.96,0.1979,4.96,1.3696,6.94,0.2399,1.0,0.0,6.96,0.1979,1.0,0.0,6.7,0.4629,2.06,0.2399,6.42,0.4986,1.08,0.274
baby_5_midj_euna.jpg,5.64,0.6627,1.0,0.0,6.76,0.4314,4.78,1.3745,2.0,0.0,1.0,0.0,3.78,1.2002,1.0,0.0,6.92,0.274,3.84,1.3456,6.92,0.274,1.0,0.0,6.96,0.1979,1.0,0.0,5.98,0.6543,2.14,0.3505,6.08,0.4445,1.28,0.4536
baby_5_midj_sa.jpg,5.64,0.6627,1.0,0.0,6.6,0.4949,4.42,1.3566,2.14,0.3505,1.0,0.0,2.48,0.5047,1.0,0.0,6.92,0.274,4.16,1.2993,6.92,0.274,1.0,0.0,6.96,0.1979,1.0,0.0,6.5,0.5051,2.0,0.0,6.16,0.5095,1.26,0.4431
cat5_midj.jpg,3.02,0.6224,1.0,0.0,6.94,0.2399,4.72,1.3099,2.0,0.0,1.0,0.0,1.08,0.274,1.0,0.0,6.96,0.1979,5.66,2.0465,6.96,0.1979,1.34,0.4785,7.0,0.0,1.0,0.0,7.0,0.0,1.1,0.303,5.64,0.6627,1.06,0.2399
cat_5_midj_af.jpg,5.62,0.6667,1.0,0.0,6.92,0.274,5.1,1.0926,2.78,0.975,1.0,0.0,2.0,0.0,1.0,0.0,6.96,0.1979,3.94,1.2357,6.96,0.1979,1.2,0.4041,7.0,0.0,1.0,0.0,7.0,0.0,1.92,0.274,5.84,0.4677,1.08,0.274
cat_5_midj_as.jpg,5.62,0.6667,1.0,0.0,6.76,0.4314,4.64,1.1563,2.14,0.3505,1.0,0.0,1.84,0.3703,1.0,0.0,6.76,0.4314,3.38,1.1933,6.86,0.3505,1.96,0.1979,6.96,0.1979,1.0,0.0,7.0,0.0,1.54,0.5035,4.56,1.198,1.28,0.4536
cat_5_midj_euna.jpg,3.12,0.7461,1.0,0.0,6.8,0.4041,5.58,0.8352,2.0,0.0,1.04,0.1979,1.34,0.4785,1.0,0.0,6.96,0.1979,4.18,1.8482,6.96,0.1979,1.72,0.4536,7.0,0.0,1.0,0.0,7.0,0.0,1.26,0.4431,5.74,0.6328,1.24,0.4314
cat_5_midj_sa.jpg,6.12,0.5584,1.0,0.0,6.92,0.274,5.68,0.6528,2.02,0.1414,1.0,0.0,2.0,0.0,1.0,0.0,6.96,0.1979,3.6,1.5649,6.96,0.1979,1.04,0.1979,7.0,0.0,1.0,0.0,7.0,0.0,1.84,0.3703,5.9,0.4165,1.24,0.4314
dog12_midj.jpg,6.04,0.4499,1.0,0.0,5.98,0.3774,2.0,0.0,2.0,0.0,1.0,0.0,6.26,0.4431,1.0,0.0,6.92,0.274,2.14,0.3505,5.98,0.3774,1.0,0.0,6.92,0.274,1.0,0.0,2.22,0.4185,5.64,0.6312,6.58,0.4986,1.06,0.2399
dog4_midj.jpg,5.62,0.6667,1.0,0.0,6.44,0.5014,5.02,1.0593,2.0,0.0,1.0,0.0,2.0,0.0,1.0,0.0,6.94,0.2399,5.14,0.9899,6.7,0.4629,2.0,0.0,6.98,0.1414,1.0,0.0,7.0,0.0,1.88,0.3283,5.28,0.9044,1.2,0.4041
dog6_midj.jpg,6.86,0.3505,1.0,0.0,6.02,0.4734,2.0,0.0,2.78,1.5158,1.04,0.1979,5.8,0.6389,1.0,0.0,6.92,0.274,4.44,1.3273,6.16,0.5095,1.0,0.0,6.94,0.2399,1.1,0.303,3.26,1.0844,2.9,1.1112,6.18,0.5226,1.24,0.4314
dog_6_midj_af.jpg,4.36,1.1205,1.0,0.0,6.16,0.5095,5.1,0.8144,2.0,0.0,1.0,0.0,3.38,0.8303,1.0,0.0,6.36,0.4849,4.16,0.9553,6.44,0.5014,2.0,0.0,6.76,0.4314,1.1,0.303,5.74,0.5272,3.32,0.8192,5.84,0.4677,1.84,0.3703
dog_6_midj_as.jpg,6.42,0.4986,1.0,0.0,6.58,0.4986,2.0,0.0,2.12,0.5938,1.0,0.0,5.22,0.8873,1.0,0.0,6.96,0.1979,2.18,0.3881,6.6,0.4949,1.0,0.0,7.0,0.0,1.0,0.0,3.54,0.9521,2.14,0.3505,6.44,0.5014,1.04,0.1979
dog_6_midj_euna.jpg,6.86,0.3505,1.0,0.0,5.98,0.3774,2.0,0.0,2.72,1.4434,1.04,0.1979,5.8,0.6389,1.0,0.0,6.92,0.274,4.5,1.3132,6.18,0.5226,1.0,0.0,6.92,0.274,1.1,0.303,3.3,1.0738,3.0,1.1249,6.18,0.5226,1.24,0.4314
dog_6_midj_sa.jpg,5.1,0.8144,1.0,0.0,6.42,0.4986,4.04,1.049,2.3,0.4629,1.0,0.0,3.22,0.7083,1.0,0.0,6.42,0.4986,4.1,0.9949,6.54,0.5035,2.0,0.0,6.92,0.274,1.0,0.0,5.86,0.4953,3.44,0.9293,5.98,0.3774,1.42,0.4986
h001_midj.jpg,1.0,0.0,1.0,0.0,6.8,0.4041,5.36,0.8514,2.0,0.0,1.0,0.0,1.1,0.303,1.0,0.0,5.68,0.7126,4.8,1.3248,6.92,0.274,3.56,0.8369,6.94,0.2399,1.84,0.3703,7.0,0.0,1.76,0.4314,4.68,1.0962,1.94,0.2399
h090_midj.jpg,6.42,0.4986,1.0,0.0,6.36,0.4849,2.42,1.1082,2.0,0.0,1.0,0.0,6.16,0.5095,1.0,0.0,7.0,0.0,2.0,0.0,6.42,0.4986,1.0,0.0,7.0,0.0,1.0,0.0,2.6,0.7825,2.88,1.4234,6.7,0.4629,1.04,0.1979
maps145_midj.jpg,6.24,0.5555,1.0,0.0,6.96,0.1979,4.76,1.3334,1.88,0.3283,1.0,0.0,5.82,0.5956,1.0,0.0,7.0,0.0,4.56,1.4309,6.94,0.2399,1.0,0.0,7.0,0.0,1.0,0.0,4.12,1.0812,4.34,1.2875,6.44,0.5014,1.72,0.4536
maps160_midj.jpg,6.3,0.5803,1.0,0.0,7.0,0.0,4.88,1.1364,2.0,0.0,1.0,0.0,5.6,0.6389,1.0,0.0,7.0,0.0,2.2,0.5345,7.0,0.0,1.0,0.0,7.0,0.0,1.0,0.0,3.9,0.9313,4.26,1.209,6.8,0.4041,1.06,0.2399
maps252_midj.jpg,5.9,0.4165,1.0,0.0,6.58,0.4986,4.18,1.1373,1.22,0.4185,1.0,0.0,5.74,0.5272,1.0,0.0,6.96,0.1979,4.14,1.3095,6.7,0.4629,1.0,0.0,7.0,0.0,1.0,0.0,5.5,0.7354,3.6,0.8806,6.5,0.5051,1.06,0.2399
p030_midj.jpg,4.5,1.233,1.0,0.0,6.96,0.1979,2.4,0.4949,2.0,0.0,1.0,0.0,2.14,0.3505,1.0,0.0,6.96,0.1979,4.8,1.5386,6.92,0.274,1.0,0.0,7.0,0.0,1.0,0.0,6.5,0.5051,2.0,0.0,6.14,0.3505,1.2,0.4041
p030_midj_af.jpg,3.16,0.8657,1.0,0.0,6.96,0.1979,3.64,1.0053,2.0,0.0,1.0,0.0,2.72,0.6074,1.0,0.0,6.96,0.1979,3.16,0.9337,6.92,0.274,1.24,0.4314,6.96,0.1979,1.28,0.4536,5.0,0.8806,2.3,0.4629,6.08,0.4445,1.38,0.4903
p030_midj_as.jpg,4.08,1.027,1.0,0.0,6.76,0.4314,3.22,0.79,2.0,0.0,1.0,0.0,2.64,0.4849,1.0,0.0,6.86,0.3505,4.8,1.4286,6.8,0.4041,1.0,0.0,6.96,0.1979,1.0,0.0,6.3,0.5803,2.18,0.3881,6.08,0.4445,1.2,0.4041
p030_midj_euna.jpg,5.2,1.2617,1.0,0.0,6.96,0.1979,2.14,0.3505,1.94,0.2399,1.0,0.0,2.18,0.3881,1.0,0.0,6.98,0.1414,5.34,1.5858,6.96,0.1979,1.0,0.0,7.0,0.0,1.0,0.0,6.32,0.5869,2.0,0.0,6.42,0.4986,1.34,0.4785
p030_midj_sa.jpg,4.72,1.2461,1.0,0.0,6.96,0.1979,4.46,1.3126,2.0,0.0,1.0,0.0,3.18,0.7475,1.0,0.0,6.96,0.1979,4.98,1.6098,6.96,0.1979,1.0,0.0,7.0,0.0,1.0,0.0,5.68,0.7126,2.98,0.9145,6.58,0.4986,1.32,0.9134
p035_midj.jpg,6.44,0.5014,1.0,0.0,6.86,0.3505,3.46,1.4316,2.0,0.0,1.0,0.0,6.02,0.4734,1.0,0.0,6.98,0.1414,4.34,1.239,6.8,0.4041,1.0,0.0,7.0,0.0,1.0,0.0,4.88,1.0999,3.68,1.3161,6.26,0.4431,1.72,0.4536
penguins2_midj.jpg,2.0,0.0,1.0,0.0,6.86,0.3505,5.9,0.544,1.48,0.5047,1.0,0.0,2.86,0.6704,1.34,0.4785,6.44,0.5014,3.32,0.7939,6.96,0.1979,2.0,0.0,6.86,0.3505,1.04,0.1979,5.68,0.7126,2.64,0.7217,5.82,0.5226,1.84,0.3703
posmidsoc_18_midj.jpg,6.16,0.5095,1.0,0.0,6.94,0.2399,2.18,0.3881,2.0,0.0,1.0,0.0,5.34,1.1713,1.0,0.0,6.96,0.1979,3.34,1.8026,6.9,0.303,1.0,0.0,7.0,0.0,1.0,0.0,5.28,1.2129,2.3,0.4629,6.5,0.5051,1.22,0.4185
posmidsoc_23_midj.jpg,6.06,0.5115,1.0,0.0,6.96,0.1979,2.18,0.3881,2.0,0.0,1.0,0.0,5.9,0.4629,1.0,0.0,7.0,0.0,4.04,1.7952,6.96,0.1979,1.0,0.0,7.0,0.0,1.0,0.0,4.52,1.0349,5.06,0.8901,6.44,0.5014,1.08,0.274
posmidsoc_25_midj.jpg,2.32,0.6207,1.0,0.0,7.0,0.0,5.08,0.8533,2.0,0.0,1.0,0.0,3.62,0.9234,1.0,0.0,7.0,0.0,3.08,0.8533,7.0,0.0,1.88,0.3283,7.0,0.0,1.0,0.0,5.5,0.789,4.44,1.1634,6.3,0.5803,1.22,0.4185
posmidsoc_2_midj.jpg,6.92,0.274,1.0,0.0,7.0,0.0,5.42,1.1082,1.76,0.4314,1.0,0.0,6.28,0.6074,1.0,0.0,7.0,0.0,2.0,0.0,7.0,0.0,1.0,0.0,7.0,0.0,1.0,0.0,2.04,0.1979,5.36,0.9424,6.96,0.1979,1.04,0.1979
2455_midj.jpg,1.06,0.2399,1.0,0.0,7.0,0.0,2.9,0.4165,1.96,0.1979,1.0,0.0,2.0,0.0,2.3,0.4629,2.4,0.4949,3.48,0.7068,6.96,0.1979,6.76,0.4314,3.5,0.7071,3.18,0.6908,3.92,0.6652,2.62,0.5303,2.44,0.5014,3.24,1.0214
2480_midj.jpg,1.84,0.3703,1.06,0.2399,3.84,0.6503,4.54,0.7616,2.0,0.0,1.0,0.0,2.02,0.1414,1.22,0.4185,4.22,0.7083,4.8,0.6061,3.94,0.8184,4.76,0.6565,5.6,0.5345,2.0,0.0,6.32,0.5869,2.88,0.3854,4.62,0.8545,2.02,0.1414
2480_midj_af.jpg,1.2,0.4041,1.2,0.4041,3.5,0.7071,5.9,0.4629,2.0,0.0,1.2,0.4041,2.1,0.303,2.0,0.0,3.6,0.6701,4.7,0.6145,3.56,0.7866,4.88,0.7183,5.06,0.55,2.48,0.5436,6.44,0.5014,2.92,0.3959,4.62,0.7796,2.22,0.4185
2480_midj_as.jpg,1.88,0.3283,1.0,0.0,4.78,0.8401,5.96,0.3476,2.0,0.0,1.0,0.0,2.0,0.0,1.24,0.4314,5.04,0.7273,5.26,0.6328,4.6,0.9258,5.24,0.7969,5.98,0.3774,2.0,0.0,6.8,0.4041,2.9,0.3642,5.06,0.8901,2.0,0.0
2480_midj_euna.jpg,1.86,0.3505,1.08,0.274,3.9,0.7071,4.52,0.7351,2.0,0.0,1.0,0.0,2.02,0.1414,1.22,0.4185,4.22,0.7083,4.92,0.5284,3.94,0.8184,4.76,0.6565,5.6,0.5345,2.0,0.0,6.3,0.5803,2.88,0.3854,4.62,0.7796,2.02,0.1414
2480_midj_sa.jpg,1.88,0.3283,1.1,0.303,3.9,0.7071,5.28,0.6074,2.0,0.0,1.0,0.0,2.02,0.1414,2.0,0.0,4.38,0.6024,4.66,0.6263,3.94,0.8184,4.76,0.6565,5.54,0.5425,2.1,0.303,6.7,0.4629,2.96,0.402,4.62,0.7796,2.34,0.5194
9470_midj.jpg,1.2,0.4041,3.16,0.9971,1.0,0.0,6.0,0.9258,1.0,0.0,6.16,0.5095,2.9,1.5017,6.98,0.1414,1.0,0.0,2.72,1.3708,1.0,0.0,7.0,0.0,1.0,0.0,7.0,0.0,1.0,0.0,6.16,0.5095,1.38,0.4903,7.0,0.0
9530_midj.jpg,1.0,0.0,2.3,0.4629,1.84,0.3703,2.0,0.0,1.0,0.0,5.0,1.2122,1.0,0.0,6.76,0.4314,1.0,0.0,3.04,0.3476,1.06,0.2399,7.0,0.0,1.04,0.1979,7.0,0.0,1.92,0.274,3.48,0.9311,2.0,0.0,6.96,0.1979
9530_midj_af.jpg,1.0,0.0,2.02,0.1414,1.88,0.3283,2.0,0.0,1.06,0.2399,4.28,1.6787,1.04,0.1979,3.2,0.9476,1.0,0.0,3.02,0.4281,1.1,0.303,6.96,0.1979,1.0,0.0,7.0,0.0,2.0,0.0,2.3,0.4629,2.0,0.0,6.92,0.274
9530_midj_as.jpg,1.0,0.0,2.18,0.3881,1.84,0.3703,2.0,0.0,1.0,0.0,5.72,1.2623,1.22,0.4185,4.34,1.2224,1.0,0.0,3.22,0.5817,1.24,0.4314,6.96,0.1979,1.2,0.4041,6.98,0.1414,2.0,0.0,2.64,0.5253,2.0,0.0,6.8,0.4041
9530_midj_euna.jpg,1.0,0.0,2.3,0.4629,1.84,0.3703,2.0,0.0,1.0,0.0,4.96,1.2447,1.0,0.0,6.76,0.4314,1.0,0.0,3.02,0.3774,1.06,0.2399,7.0,0.0,1.04,0.1979,7.0,0.0,1.92,0.274,3.48,0.9311,2.0,0.0,6.94,0.2399
9530_midj_sa.jpg,1.0,0.0,2.44,0.5406,1.88,0.3283,2.0,0.0,1.08,0.274,3.76,1.1704,1.08,0.274,4.54,1.073,1.0,0.0,3.26,0.5646,1.2,0.4041,6.92,0.274,1.1,0.303,6.92,0.274,2.0,0.0,2.68,0.5127,2.02,0.1414,6.58,0.4986
9561_midj.jpg,1.22,0.4185,2.0,0.0,2.62,0.753,2.0,0.0,1.26,0.4431,5.8,0.6389,2.0,0.0,4.92,1.1925,1.08,0.274,2.84,0.4219,3.24,1.2382,6.44,0.5014,1.8,0.4041,6.02,0.5529,2.0,0.0,3.72,0.9906,2.4,0.4949,6.24,0.5555
9941_midj.jpg,1.0,0.0,3.4,0.9258,1.22,0.4185,6.08,0.4882,1.0,0.0,2.1,0.303,2.92,1.0069,6.96,0.1979,1.0,0.0,2.14,0.3505,1.0,0.0,5.62,0.901,1.04,0.1979,6.96,0.1979,1.72,0.4536,6.44,0.5014,2.0,0.0,7.0,0.0
a039_midj.jpg,1.0,0.0,4.96,1.1241,2.0,0.0,4.36,1.3056,1.1,0.303,2.58,0.7584,2.0,0.0,5.82,0.5956,1.0,0.0,3.08,0.5284,1.88,0.3283,6.58,0.4986,1.8,0.4041,6.3,0.5803,2.18,0.3881,5.42,0.8104,2.18,0.3881,6.86,0.3505
a059_midj.jpg,2.6,0.4949,1.22,0.4185,2.0,0.0,2.94,0.6197,1.1,0.303,4.48,1.3285,2.0,0.0,3.16,0.7384,2.0,0.0,3.42,0.7025,2.02,0.1414,2.74,0.487,2.06,0.2399,2.3,0.4629,4.58,1.0897,2.4,0.4949,2.14,0.3505,5.46,0.9082
animals_077_h_midj.jpg,1.0,0.0,3.46,0.9082,2.0,0.0,1.92,0.274,1.0,0.0,6.42,0.4986,1.34,0.4785,5.46,0.9082,1.0,0.0,2.44,0.5014,1.2,0.4041,6.8,0.4041,1.24,0.4314,6.86,0.3505,2.0,0.0,3.6,0.8806,2.0,0.0,6.76,0.4314
deadbodies2_midj.jpg,1.0,0.0,2.02,0.1414,1.06,0.2399,2.62,0.8053,1.0,0.0,6.92,0.274,1.0,0.0,6.12,0.799,1.0,0.0,2.78,0.6788,1.0,0.0,7.0,0.0,1.0,0.0,7.0,0.0,2.02,0.1414,2.02,0.1414,1.22,0.4185,6.96,0.1979
dog24_midj.jpg,1.28,0.4536,1.88,0.3283,2.4,0.4949,2.0,0.0,3.78,0.8873,2.76,0.6565,1.92,0.274,2.68,0.5127,2.0,0.0,3.22,0.4647,2.84,0.8418,6.58,0.4986,2.0,0.0,6.22,0.6481,3.06,0.3731,2.88,0.3283,4.04,0.9026,2.84,0.8172
dog26_midj.jpg,1.0,0.0,2.0,0.0,1.22,0.4185,1.54,0.5035,1.0,0.0,6.5,0.5051,1.0,0.0,3.82,1.5477,1.0,0.0,2.04,0.1979,1.24,0.4314,7.0,0.0,1.0,0.0,7.0,0.0,2.0,0.0,2.0,0.0,1.0,0.0,6.96,0.1979
dog31_midj.jpg,1.2,0.4041,2.0,0.0,4.1,0.9742,2.02,0.1414,1.84,0.3703,1.96,0.1979,2.0,0.0,4.4,1.0302,2.0,0.0,3.42,0.7025,4.44,1.0134,6.7,0.4629,2.0,0.0,6.1,0.544,2.82,0.6289,4.3,0.9949,3.6,0.8571,6.3,0.5803
dr11.eu_civil_protection_and_humanitarian_aid_operations-ccbyncnd2.0_midj.jpg,1.0,0.0,2.0,0.0,1.04,0.1979,5.22,0.8873,1.04,0.1979,6.3,0.5803,1.24,0.4314,3.88,1.1542,1.0,0.0,3.52,0.6465,1.04,0.1979,6.92,0.274,1.26,0.4431,6.76,0.4314,3.56,0.7866,2.02,0.1414,1.72,0.4536,6.5,0.5051
dr20.luca_de_vito-ccbyncnd2.0_midj.jpg,1.08,0.274,1.84,0.3703,2.18,0.3881,2.68,0.5127,2.04,0.1979,2.76,0.6869,2.0,0.0,2.02,0.1414,2.0,0.0,3.66,0.5928,2.76,0.6565,6.06,0.5859,2.22,0.4185,5.44,0.7329,3.98,0.6848,2.94,0.3136,3.48,0.7624,3.06,0.8901
dr25.padre_djacy_brasileiro-ccbyncnd2.0_midj.jpg,1.0,0.0,2.14,0.3505,1.0,0.0,3.18,0.7475,1.24,0.4314,6.7,0.4629,1.1,0.303,3.36,1.0254,1.0,0.0,3.5,0.7626,1.0,0.0,6.86,0.3505,1.2,0.4041,6.92,0.274,2.4,0.4949,2.56,0.5406,2.0,0.0,6.8,0.4041
faces_172_midj.jpg,1.0,0.0,1.88,0.3283,2.22,0.4185,2.0,0.0,1.86,0.3505,2.98,0.8919,1.1,0.303,2.66,0.5194,1.28,0.4536,3.14,0.4522,3.36,0.802,6.92,0.274,2.0,0.0,6.44,0.5014,3.5,0.7071,2.0,0.0,2.0,0.0,6.32,0.5869
faces_172_midj_af.jpg,1.0,0.0,1.76,0.4314,2.48,0.5436,2.0,0.0,1.34,0.4785,2.5,0.7626,1.06,0.2399,2.98,0.5887,1.28,0.4536,3.04,0.402,3.5,0.789,6.96,0.1979,2.0,0.0,6.7,0.4629,3.48,0.7068,2.0,0.0,2.0,0.0,6.32,0.5869
faces_172_midj_as.jpg,1.04,0.1979,1.22,0.4185,3.66,0.7174,2.52,0.5436,1.72,0.4536,1.18,0.3881,1.38,0.4903,2.0,0.0,2.0,0.0,3.9,0.7071,4.24,1.0012,6.44,0.5014,3.06,0.4243,4.76,0.8935,4.64,0.8271,2.0,0.0,2.14,0.3505,3.48,0.9089
faces_172_midj_euna.jpg,1.0,0.0,1.48,0.5047,2.94,0.5115,2.22,0.4185,1.26,0.4431,3.84,1.2182,1.2,0.4041,4.14,1.125,1.76,0.4314,4.28,0.6713,3.52,0.7624,6.92,0.274,2.0,0.0,6.28,0.6074,4.64,0.8271,1.86,0.3505,2.0,0.0,6.12,0.5584
faces_172_midj_sa.jpg,1.0,0.0,1.22,0.4185,3.82,0.8734,2.14,0.3505,1.8,0.4041,2.66,0.7982,1.2,0.4041,2.02,0.1414,2.0,0.0,3.96,0.6688,5.34,0.8234,6.8,0.4041,3.14,0.5718,5.76,0.7709,5.08,0.7783,1.88,0.3283,2.04,0.1979,5.82,0.7197
faces_363_v_midj.jpg,1.0,0.0,2.02,0.1414,5.22,0.9957,1.86,0.3505,1.0,0.0,6.58,0.4986,1.04,0.1979,5.88,0.9823,1.6,0.4949,2.88,0.6893,5.44,0.9293,6.98,0.1414,1.88,0.3283,6.92,0.274,2.88,0.9398,2.18,0.3881,2.0,0.0,6.92,0.274
maps330_midj.jpg,1.0,0.0,2.46,0.8855,1.1,0.303,1.22,0.4185,1.0,0.0,6.96,0.1979,1.0,0.0,6.8,0.4041,1.0,0.0,2.0,0.0,1.2,0.4041,7.0,0.0,1.0,0.0,7.0,0.0,1.54,0.5035,2.0,0.0,1.2,0.4041,6.96,0.1979
maps330_midj_af.jpg,1.0,0.0,2.0,0.0,1.38,0.4903,1.24,0.4314,1.0,0.0,6.96,0.1979,1.0,0.0,6.36,0.6312,1.0,0.0,2.14,0.3505,1.94,0.3136,7.0,0.0,1.0,0.0,7.0,0.0,3.84,1.6704,1.84,0.3703,1.04,0.1979,6.96,0.1979
maps330_midj_as.jpg,1.0,0.0,2.14,0.3505,1.2,0.4041,1.84,0.3703,1.0,0.0,6.96,0.1979,1.0,0.0,6.94,0.2399,1.0,0.0,2.1,0.303,1.24,0.4314,7.0,0.0,1.0,0.0,7.0,0.0,2.02,0.1414,2.0,0.0,1.1,0.303,7.0,0.0
maps330_midj_euna.jpg,1.0,0.0,2.4,0.4949,1.2,0.4041,2.0,0.0,1.0,0.0,6.96,0.1979,1.0,0.0,6.94,0.2399,1.0,0.0,2.18,0.3881,1.1,0.303,7.0,0.0,1.0,0.0,7.0,0.0,1.8,0.4041,2.0,0.0,1.2,0.4041,6.96,0.1979
maps330_midj_sa.jpg,1.0,0.0,2.46,0.8855,1.1,0.303,1.22,0.4185,1.0,0.0,6.96,0.1979,1.0,0.0,6.8,0.4041,1.0,0.0,2.0,0.0,1.2,0.4041,7.0,0.0,1.0,0.0,7.0,0.0,1.54,0.5035,2.0,0.0,1.2,0.4041,6.96,0.1979
miserable_pose_3_midj_af.jpg,1.34,0.4785,2.0,0.0,2.14,0.3505,3.56,1.0134,2.02,0.1414,3.5,0.9949,2.0,0.0,3.94,0.8901,1.76,0.4314,3.78,0.6481,2.02,0.1414,5.88,0.6893,2.0,0.0,4.48,0.7624,4.44,0.7045,3.48,0.8628,2.52,0.5436,4.72,1.1436
miserable_pose_3_midj_as.jpg,1.0,0.0,1.26,0.4431,3.46,0.706,2.0,0.0,2.02,0.1414,2.14,0.3505,1.76,0.4314,2.02,0.1414,2.0,0.0,3.98,0.5887,3.56,0.7866,5.64,0.5628,2.66,0.5194,3.7,0.789,5.74,0.5646,3.14,0.8574,2.1,0.303,3.74,1.0264
miserable_pose_3_midj_euna.jpg,1.0,0.0,2.0,0.0,1.04,0.1979,2.0,0.0,1.0,0.0,6.0,0.6389,1.0,0.0,6.96,0.1979,1.0,0.0,2.1,0.303,1.84,0.3703,7.0,0.0,1.0,0.0,7.0,0.0,1.96,0.1979,3.0,1.2454,1.38,0.4903,6.94,0.2399
miserable_pose_3_midj_sa.jpg,1.0,0.0,1.8,0.4041,2.98,0.5887,2.0,0.0,2.0,0.0,2.78,0.8401,1.22,0.4185,3.26,0.7775,1.76,0.4314,3.5,0.6468,4.14,1.0104,6.58,0.4986,2.0,0.0,5.82,0.5956,3.54,0.7343,2.02,0.1414,2.14,0.3505,5.72,0.6713
miserablepose3_midj.jpg,1.0,0.0,2.0,0.0,1.04,0.1979,2.0,0.0,1.0,0.0,6.0,0.6389,1.0,0.0,6.96,0.1979,1.0,0.0,2.06,0.2399,1.86,0.3505,7.0,0.0,1.0,0.0,7.0,0.0,1.96,0.1979,2.92,1.2428,1.34,0.4785,6.94,0.2399
