"image","amusement_Mean","amusement_Std","anger_Mean","anger_Std","attachment love_Mean","attachment love_Std","awe_Mean","awe_Std","craving_Mean","craving_Std","disgust_Mean","disgust_Std","excitement_Mean","excitement_Std","fear_Mean","fear_Std","joy_Mean","joy_Std","neutral_Mean","neutral_Std","nurturant love_Mean","nurturant love_Std","sadness_Mean","sadness_Std","positive_Mean","positive_Std","negative_Mean","negative_Std","calm_Mean","calm_Std","aroused_Mean","aroused_Std","motivated to approach_Mean","motivated to approach_Std","motivated to avoid_Mean","motivated to avoid_Std"
"amusement_new_10.jpg","7.0","0.0","1.0","0.0","6.0","0.0","2.0","0.0","1.0","0.0","1.0","0.0","4.32","0.47","1.0","0.0","6.0","0.0","2.0","0.0","4.8","0.4","1.0","0.0","7.0","0.0","1.0","0.0","4.0","0.0","3.0","0.0","2.42","2.26","",""
"amusement_new_11.jpg","6.34","0.48","1.0","0.0","5.72","0.45","2.98","0.14","1.0","0.0","1.0","0.0","5.34","0.48","1.0","0.0","6.34","0.48","2.0","0.0","4.84","0.62","1.0","0.0","6.96","0.2","1.0","0.0","3.0","0.0","4.34","0.48","1.0","0.0","",""
"amusement_new_12.jpg","6.0","0.0","1.0","0.0","1.9","0.3","2.0","0.0","1.0","0.0","1.0","0.0","4.22","0.42","1.06","0.24","4.08","0.27","2.0","0.0","1.0","0.0","1.0","0.0","5.02","0.14","1.0","0.0","2.0","0.0","4.16","0.37","1.16","0.37","",""
"amusement_new_13.jpg","7.0","0.0","1.0","0.0","4.96","0.2","3.0","0.0","1.08","0.27","1.0","0.0","6.0","0.0","1.0","0.0","7.0","0.0","1.52","0.5","3.68","0.55","1.0","0.0","7.0","0.0","1.0","0.0","4.8","0.4","5.4","0.49","1.2","0.99","",""
"amusement_new_14.jpg","7.0","0.0","1.0","0.0","6.0","0.0","4.0","0.0","1.0","0.0","1.0","0.0","4.4","0.49","1.0","0.0","7.0","0.0","2.0","0.0","5.62","0.49","1.0","0.0","7.0","0.0","1.0","0.0","5.0","0.0","3.24","0.43","1.2","0.99","",""
"amusement_new_15.jpg","7.0","0.0","1.0","0.0","6.08","0.27","2.6","0.49","1.0","0.0","1.0","0.0","4.4","0.49","2.0","0.0","6.14","0.35","2.0","0.0","5.46","0.5","1.0","0.0","7.0","0.0","1.0","0.0","4.0","0.0","3.78","0.42","2.96","2.33","",""
"amusement_new_15_midj_af.jpg","6.0","0.0","1.0","0.0","6.9","0.3","2.6","0.49","1.0","0.0","1.0","0.0","3.06","0.24","1.0","0.0","6.9","0.3","2.0","0.0","6.58","0.5","1.0","0.0","7.0","0.0","1.0","0.0","5.58","0.5","2.06","0.24","5.38","2.63","",""
"amusement_new_15_midj_as.jpg","6.4","0.49","1.0","0.0","7.0","0.0","3.56","0.5","1.0","0.0","1.0","0.0","4.38","0.49","1.0","0.0","7.0","0.0","2.0","0.0","7.0","0.0","1.0","0.0","7.0","0.0","1.0","0.0","5.0","0.0","2.8","0.4","7.0","0.0","1.0","0.0"
"amusement_new_15_midj_euna.jpg","7.0","0.0","1.0","0.0","6.08","0.27","2.6","0.49","1.0","0.0","1.0","0.0","4.38","0.49","2.0","0.0","6.12","0.33","2.0","0.0","5.52","0.5","1.0","0.0","7.0","0.0","1.0","0.0","4.0","0.0","3.66","0.48","3.08","2.34","",""
"amusement_new_15_midj_sa.jpg","7.0","0.0","1.0","0.0","7.0","0.0","3.48","0.5","1.0","0.0","1.0","0.0","5.0","0.0","1.0","0.0","7.0","0.0","1.0","0.0","6.28","0.45","1.0","0.0","7.0","0.0","1.0","0.0","4.18","0.44","3.94","0.31","6.74","0.9","1.0","0.0"
"amusement_new_16.jpg","7.0","0.0","1.0","0.0","6.0","0.0","2.0","0.0","4.3","0.46","1.0","0.0","4.94","0.24","1.0","0.0","7.0","0.0","2.0","0.0","5.78","0.42","1.0","0.0","7.0","0.0","1.0","0.0","4.68","0.47","3.8","0.4","1.5","1.52","",""
"amusement_new_16_midj_af.jpg","7.0","0.0","1.0","0.0","6.0","0.0","3.0","0.0","6.12","0.33","1.0","0.0","5.36","0.48","1.0","0.0","7.0","0.0","1.42","0.5","5.24","0.43","1.0","0.0","7.0","0.0","1.0","0.0","3.92","0.34","4.26","0.44","4.22","2.57","1.0","0.0"
"amusement_new_16_midj_as.jpg","7.0","0.0","1.0","0.0","6.0","0.0","3.16","0.37","5.6","0.49","1.0","0.0","5.02","0.14","1.0","0.0","7.0","0.0","1.72","0.45","6.0","0.0","1.0","0.0","7.0","0.0","1.0","0.0","4.0","0.0","4.02","0.14","5.4","1.98","1.0","0.0"
"amusement_new_16_midj_euna.jpg","7.0","0.0","1.0","0.0","6.0","0.0","2.0","0.0","4.26","0.44","1.0","0.0","5.0","0.0","1.0","0.0","7.0","0.0","2.0","0.0","5.8","0.4","1.0","0.0","7.0","0.0","1.0","0.0","4.68","0.47","3.82","0.39","1.1","0.71","",""
"amusement_new_16_midj_sa.jpg","7.0","0.0","1.0","0.0","6.0","0.0","2.18","0.39","5.4","0.49","1.0","0.0","6.0","0.0","1.0","0.0","7.0","0.0","1.0","0.0","5.32","0.47","1.0","0.0","7.0","0.0","1.0","0.0","3.04","0.28","5.0","0.0","5.5","1.52","1.0","0.0"
"amusement_new_17.jpg","7.0","0.0","1.0","0.0","6.0","0.0","2.0","0.0","1.0","0.0","1.0","0.0","4.7","0.46","1.0","0.0","6.92","0.27","2.0","0.0","5.7","0.46","1.0","0.0","7.0","0.0","1.0","0.0","3.76","0.43","3.84","0.37","4.6","2.27","",""
"amusement_new_19.jpg","7.0","0.0","1.0","0.0","6.0","0.0","2.0","0.0","3.0","0.0","1.0","0.0","4.52","0.5","1.0","0.0","6.0","0.0","2.0","0.0","5.22","0.42","1.0","0.0","7.0","0.0","1.0","0.0","3.58","0.5","3.5","0.51","2.58","1.53","1.0","0.0"
"amusement_new_21.jpg","7.0","0.0","1.0","0.0","6.0","0.0","2.0","0.0","1.0","0.0","1.0","0.0","3.72","0.45","1.0","0.0","6.0","0.0","2.0","0.0","5.18","0.39","1.0","0.0","7.0","0.0","1.0","0.0","5.0","0.0","2.72","0.45","5.9","0.71","1.0","0.0"
"amusement_new_22.jpg","7.0","0.0","1.0","0.0","6.0","0.0","2.3","0.46","1.0","0.0","1.0","0.0","3.26","0.44","1.0","0.0","6.0","0.0","2.0","0.0","6.44","0.54","1.0","0.0","6.86","0.35","1.0","0.0","3.2","0.4","2.26","0.44","1.88","1.84","",""
"amusement_new_24.jpg","7.0","0.0","1.0","0.0","5.02","0.55","2.58","0.5","1.0","0.0","1.0","0.0","5.34","0.48","1.0","0.0","6.48","0.5","1.68","0.47","4.16","0.37","1.0","0.0","6.9","0.3","1.0","0.0","2.74","0.44","4.38","0.49","2.36","2.12","",""
"amusement_new_25.jpg","7.0","0.0","1.0","0.0","5.1","0.42","2.2","0.4","2.0","0.0","2.36","0.48","4.88","0.33","1.16","0.37","6.0","0.0","2.0","0.0","4.72","0.76","1.0","0.0","6.28","0.45","1.64","0.48","4.2","0.4","3.9","0.3","2.26","0.63","2.0","0.0"
"amusement_new_26.jpg","6.08","0.27","1.0","0.0","5.8","0.4","3.12","0.33","1.0","0.0","1.0","0.0","3.26","0.44","1.0","0.0","6.0","0.0","2.0","0.0","6.0","0.0","1.0","0.0","6.86","0.35","1.0","0.0","5.0","0.0","2.42","0.5","1.2","0.76","",""
"amusement_new_27.jpg","7.0","0.0","1.0","0.0","6.0","0.0","2.0","0.0","1.0","0.0","1.0","0.0","5.9","0.3","1.0","0.0","7.0","0.0","1.0","0.0","5.44","0.5","1.0","0.0","7.0","0.0","1.0","0.0","2.64","0.48","5.16","0.37","3.96","2.78","",""
"amusement_new_30.jpg","7.0","0.0","1.0","0.0","6.0","0.0","3.0","0.0","1.0","0.0","1.0","0.0","3.98","0.14","1.0","0.0","6.84","0.37","2.0","0.0","6.0","0.0","1.0","0.0","7.0","0.0","1.0","0.0","5.0","0.0","2.98","0.14","5.7","1.2","",""
"amusement_new_31.jpg","6.0","0.0","1.0","0.0","6.0","0.0","3.0","0.0","1.0","0.0","1.0","0.0","5.0","0.0","1.0","0.0","6.54","0.5","2.0","0.0","6.2","0.4","1.0","0.0","7.0","0.0","1.0","0.0","3.58","0.5","4.88","0.33","1.0","0.0","",""
"amusement_new_31_midj_af.jpg","4.0","0.0","1.0","0.0","7.0","0.0","5.2","0.4","1.0","0.0","1.0","0.0","4.0","0.0","1.0","0.0","7.0","0.0","2.0","0.0","7.0","0.0","1.0","0.0","7.0","0.0","1.0","0.0","5.2","0.4","3.0","0.0","6.06","0.24","1.0","0.0"
"amusement_new_31_midj_as.jpg","6.0","0.0","1.0","0.0","6.64","0.48","4.0","0.0","1.0","0.0","1.0","0.0","5.02","0.14","1.0","0.0","7.0","0.0","1.84","0.37","7.0","0.0","1.0","0.0","7.0","0.0","1.0","0.0","4.18","0.52","4.04","0.2","4.92","2.51","1.0","0.0"
"amusement_new_31_midj_euna.jpg","6.0","0.0","1.0","0.0","6.0","0.0","3.0","0.0","1.0","0.0","1.0","0.0","5.0","0.0","1.0","0.0","6.56","0.5","2.0","0.0","6.16","0.37","1.0","0.0","7.0","0.0","1.0","0.0","3.68","0.47","4.88","0.33","1.1","0.71","",""
"amusement_new_31_midj_sa.jpg","7.0","0.0","1.0","0.0","5.8","0.4","6.0","0.0","1.0","0.0","1.0","0.0","6.0","0.0","1.0","0.0","7.0","0.0","1.76","0.43","5.22","0.42","1.0","0.0","7.0","0.0","1.0","0.0","4.2","0.61","5.72","0.45","1.2","0.99","",""
"animals_173_h_midj.jpg","5.0","0.0","1.0","0.0","5.96","0.2","3.56","0.5","1.0","0.0","1.0","0.0","2.12","0.33","1.0","0.0","6.0","0.0","2.14","0.35","5.78","0.42","1.0","0.0","6.54","0.5","1.0","0.0","6.46","0.5","2.0","0.0","2.28","2.13","",""
"poshighnonsoc_11_midj.jpg","7.0","0.0","1.0","0.0","7.0","0.0","3.0","0.0","1.0","0.0","1.0","0.0","6.0","0.0","1.0","0.0","7.0","0.0","1.0","0.0","6.0","0.0","1.0","0.0","7.0","0.0","1.0","0.0","3.02","0.14","4.98","0.14","7.0","0.0","1.0","0.0"
"poshighnonsoc_11_midj_af.jpg","4.1","0.3","1.0","0.0","6.0","0.0","2.08","0.27","1.0","0.0","1.0","0.0","3.1","0.3","1.0","0.0","6.0","0.0","2.0","0.0","5.2","0.4","1.0","0.0","6.12","0.33","1.0","0.0","4.78","0.42","2.1","0.3","2.4","2.23","",""
"poshighnonsoc_11_midj_as.jpg","5.02","0.14","1.0","0.0","6.0","0.0","2.0","0.0","1.0","0.0","1.0","0.0","4.0","0.0","1.0","0.0","6.02","0.14","2.0","0.0","5.22","0.42","1.0","0.0","6.98","0.14","1.0","0.0","4.16","0.37","3.0","0.0","6.0","0.0","1.0","0.0"
"poshighnonsoc_11_midj_euna.jpg","7.0","0.0","1.0","0.0","7.0","0.0","3.0","0.0","1.28","0.45","1.0","0.0","6.0","0.0","1.0","0.0","7.0","0.0","1.0","0.0","6.0","0.0","1.0","0.0","7.0","0.0","1.0","0.0","3.0","0.0","5.0","0.0","7.0","0.0","1.0","0.0"
"poshighnonsoc_11_midj_sa.jpg","7.0","0.0","1.0","0.0","6.0","0.0","2.0","0.0","1.0","0.0","1.0","0.0","6.0","0.0","1.0","0.0","7.0","0.0","1.0","0.0","5.1","0.51","1.0","0.0","7.0","0.0","1.0","0.0","1.98","0.25","5.9","0.3","1.0","0.0","",""
"poshighnonsoc_19_midj.jpg","7.0","0.0","1.0","0.0","6.52","0.5","2.92","0.27","1.0","0.0","1.0","0.0","4.2","0.4","1.0","0.0","7.0","0.0","1.48","0.5","6.2","0.4","1.0","0.0","7.0","0.0","1.0","0.0","5.0","0.0","2.8","0.4","5.84","1.87","1.0","0.0"
"poshighnonsoc_19_midj_af.jpg","5.12","0.33","1.0","0.0","6.96","0.2","3.0","0.0","1.0","0.0","1.0","0.0","2.88","0.33","1.0","0.0","6.04","0.2","2.0","0.0","6.96","0.2","1.0","0.0","7.0","0.0","1.0","0.0","6.88","0.33","2.0","0.0","5.6","2.22","1.0","0.0"
"poshighnonsoc_19_midj_as.jpg","7.0","0.0","1.0","0.0","5.18","0.39","4.0","0.0","1.0","0.0","1.0","0.0","4.0","0.0","1.0","0.0","6.0","0.0","2.0","0.0","4.18","0.39","1.0","0.0","6.32","0.47","1.0","0.0","5.0","0.0","3.0","0.0","4.88","1.04","1.0","0.0"
"poshighnonsoc_19_midj_euna.jpg","6.3","0.46","1.0","0.0","6.0","0.0","2.58","0.5","1.0","0.0","1.0","0.0","3.12","0.33","1.0","0.0","6.0","0.0","2.0","0.0","5.78","0.42","1.0","0.0","6.28","0.45","1.0","0.0","4.08","0.27","2.02","0.14","4.64","2.1","1.0","0.0"
"poshighnonsoc_19_midj_sa.jpg","6.0","0.0","1.0","0.0","6.0","0.0","2.76","0.43","1.0","0.0","1.0","0.0","3.78","0.42","1.0","0.0","6.0","0.0","2.0","0.0","5.2","0.4","1.0","0.0","6.52","0.5","1.0","0.0","4.2","0.4","2.66","0.48","4.6","2.27","",""
"9340_midj.jpg","1.0","0.0","5.2","0.4","1.0","0.0","1.0","0.0","1.0","0.0","6.0","0.0","1.0","0.0","2.0","0.0","1.0","0.0","4.4","0.64","1.0","0.0","3.88","0.33","1.0","0.0","6.0","0.0","1.3","0.46","2.42","0.5","5.92","0.57","",""
"anger_new_1.jpg","2.0","0.0","5.68","0.47","1.0","0.0","2.0","0.0","1.0","0.0","6.0","0.0","2.0","0.0","1.2","0.4","1.0","0.0","4.56","0.73","1.0","0.0","2.0","0.0","1.02","0.14","6.0","0.0","3.64","0.56","2.44","0.5","6.0","0.0","",""
"anger_new_10.jpg","1.0","0.0","6.0","0.0","1.0","0.0","1.0","0.0","2.12","0.33","6.0","0.0","4.5","0.51","7.0","0.0","1.0","0.0","1.0","0.0","1.0","0.0","2.22","0.42","1.0","0.0","7.0","0.0","1.0","0.0","5.92","0.27","1.12","0.85","7.0","0.0"
"anger_new_11.jpg","1.0","0.0","6.0","0.0","1.0","0.0","3.0","0.0","1.0","0.0","7.0","0.0","2.0","0.0","4.0","0.0","1.0","0.0","2.0","0.0","2.0","0.0","6.0","0.0","1.0","0.0","7.0","0.0","1.0","0.0","4.02","0.14","2.08","1.89","7.0","0.0"
"anger_new_11_midj_af.jpg","1.0","0.0","6.0","0.0","1.0","0.0","2.92","0.27","1.0","0.0","7.0","0.0","1.24","0.43","3.66","0.48","1.0","0.0","2.0","0.0","2.0","0.0","6.0","0.0","1.0","0.0","7.0","0.0","1.0","0.0","4.02","0.14","5.08","2.72","",""
"anger_new_11_midj_as.jpg","1.26","0.44","6.0","0.0","2.0","0.0","2.04","0.2","1.0","0.0","6.3","0.46","2.0","0.0","2.88","0.33","1.7","0.46","2.36","0.56","2.0","0.0","5.28","0.45","1.7","0.46","6.18","0.39","2.0","0.0","3.18","0.39","4.88","1.81","",""
"anger_new_11_midj_euna.jpg","1.0","0.0","6.0","0.0","1.0","0.0","3.0","0.0","1.0","0.0","7.0","0.0","2.0","0.0","4.0","0.0","1.0","0.0","2.0","0.0","2.1","0.3","6.0","0.0","1.0","0.0","7.0","0.0","1.0","0.0","4.04","0.2","2.5","2.44","7.0","0.0"
"anger_new_11_midj_sa.jpg","1.0","0.0","6.04","0.2","2.0","0.0","3.4","0.49","1.0","0.0","7.0","0.0","2.0","0.0","3.96","0.2","1.0","0.0","2.0","0.0","3.0","0.0","6.0","0.0","1.0","0.0","7.0","0.0","1.3","0.46","4.0","0.0","6.18","0.87","",""
"anger_new_13.jpg","1.0","0.0","6.64","0.48","1.0","0.0","1.0","0.0","1.0","0.0","4.6","0.78","3.18","0.52","6.94","0.24","1.0","0.0","1.04","0.2","1.0","0.0","4.98","0.62","1.0","0.0","6.82","0.39","1.0","0.0","5.88","0.33","3.68","2.94","",""
"anger_new_14.jpg","1.0","0.0","6.6","0.49","1.0","0.0","2.0","0.0","1.0","0.0","5.64","0.48","4.6","0.49","7.0","0.0","1.0","0.0","1.0","0.0","1.0","0.0","4.0","0.0","1.0","0.0","7.0","0.0","1.0","0.0","6.0","0.0","1.0","0.0","7.0","0.0"
"anger_new_14_midj_af.jpg","1.06","0.24","6.34","0.48","1.0","0.0","2.64","0.53","1.0","0.0","6.0","0.0","5.66","0.48","7.0","0.0","1.0","0.0","1.0","0.0","1.0","0.0","3.32","0.47","1.0","0.0","7.0","0.0","1.0","0.0","6.98","0.14","1.0","0.0","7.0","0.0"
"anger_new_14_midj_as.jpg","1.0","0.0","6.9","0.3","1.0","0.0","3.94","0.24","1.0","0.0","5.94","0.24","5.96","0.2","7.0","0.0","1.0","0.0","1.0","0.0","1.0","0.0","3.26","0.44","1.0","0.0","7.0","0.0","1.0","0.0","6.98","0.14","1.0","0.0","7.0","0.0"
"anger_new_14_midj_euna.jpg","1.0","0.0","6.56","0.5","1.0","0.0","2.0","0.0","1.0","0.0","5.56","0.5","4.58","0.5","7.0","0.0","1.0","0.0","1.0","0.0","1.0","0.0","4.0","0.0","1.0","0.0","7.0","0.0","1.0","0.0","6.0","0.0","1.0","0.0","7.0","0.0"
"anger_new_14_midj_sa.jpg","2.0","0.0","6.0","0.0","1.0","0.0","2.0","0.0","1.0","0.0","5.54","0.5","4.02","0.25","7.0","0.0","1.0","0.0","1.0","0.0","1.0","0.0","3.56","0.5","1.0","0.0","6.86","0.35","1.0","0.0","6.0","0.0","4.66","2.9","",""
"anger_new_15.jpg","2.0","0.0","4.8","0.4","2.0","0.0","1.0","0.0","1.0","0.0","2.8","0.4","5.0","0.0","5.0","0.64","2.0","0.0","2.0","0.0","1.1","0.3","2.0","0.0","2.0","0.0","3.98","0.62","1.0","0.0","5.84","0.37","2.72","1.55","",""
"anger_new_2.jpg","2.0","0.0","4.66","0.48","1.0","0.0","1.9","0.3","1.0","0.0","5.82","0.39","2.54","0.5","4.74","0.44","1.0","0.0","4.02","0.38","1.0","0.0","1.62","0.49","1.0","0.0","5.82","0.39","2.18","0.39","4.14","0.35","1.32","1.06","6.13","0.34"
"anger_new_3.jpg","1.0","0.0","6.0","0.0","1.0","0.0","2.0","0.0","1.0","0.0","5.0","0.0","3.02","0.14","7.0","0.0","1.0","0.0","1.0","0.0","1.92","0.27","6.0","0.0","1.0","0.0","7.0","0.0","1.0","0.0","6.0","0.0","1.12","0.85","7.0","0.0"
"anger_new_3_midj_af.jpg","1.0","0.0","6.0","0.0","1.0","0.0","3.08","0.27","1.0","0.0","4.0","0.64","3.8","0.4","7.0","0.0","1.0","0.0","1.0","0.0","1.0","0.0","5.2","0.76","1.0","0.0","7.0","0.0","1.0","0.0","6.0","0.0","1.0","0.0","7.0","0.0"
"anger_new_3_midj_as.jpg","1.0","0.0","5.22","0.42","1.0","0.0","2.52","0.5","1.0","0.0","3.42","0.54","3.82","0.39","6.16","0.37","1.0","0.0","1.1","0.3","1.0","0.0","4.2","0.45","1.0","0.0","6.16","0.37","1.0","0.0","6.0","0.0","2.06","1.08","",""
"anger_new_3_midj_euna.jpg","1.0","0.0","6.0","0.0","1.0","0.0","2.0","0.0","1.0","0.0","5.0","0.0","3.0","0.0","7.0","0.0","1.0","0.0","1.0","0.0","2.0","0.0","6.0","0.0","1.0","0.0","7.0","0.0","1.0","0.0","6.0","0.0","1.0","0.0","7.0","0.0"
"anger_new_3_midj_sa.jpg","1.0","0.0","4.38","0.49","1.62","0.49","3.8","0.4","1.0","0.0","3.34","0.48","6.0","0.0","6.0","0.0","1.38","0.49","1.04","0.2","1.0","0.0","2.94","0.31","1.56","0.5","5.62","0.49","1.0","0.0","6.98","0.14","2.16","0.65","6.14","0.35"
"anger_new_4.jpg","4.18","0.39","6.0","0.0","1.0","0.0","4.86","0.45","1.0","0.0","3.0","0.0","6.0","0.0","2.84","0.37","2.44","0.5","1.56","0.5","1.0","0.0","2.0","0.0","2.44","0.5","4.28","0.45","1.0","0.0","6.0","0.0","2.18","0.52","4.46","0.5"
"anger_new_5.jpg","1.0","0.0","6.0","0.0","1.0","0.0","2.0","0.0","1.0","0.0","7.0","0.0","2.0","0.0","2.56","0.5","1.0","0.0","3.4","1.39","1.0","0.0","4.74","0.44","1.0","0.0","6.98","0.14","1.0","0.0","3.72","0.45","1.98","2.03","7.0","0.0"
"anger_new_5_midj_af.jpg","1.0","0.0","6.0","0.0","1.0","0.0","2.0","0.0","1.0","0.0","7.0","0.0","2.0","0.0","3.0","0.0","1.0","0.0","2.02","0.14","1.0","0.0","4.9","0.3","1.0","0.0","6.36","0.48","1.12","0.33","3.08","0.27","6.4","0.49","",""
"anger_new_5_midj_as.jpg","1.0","0.0","6.0","0.0","1.0","0.0","4.0","0.0","1.0","0.0","7.0","0.0","2.0","0.0","3.16","0.37","1.0","0.0","2.06","0.24","1.0","0.0","5.16","0.37","1.0","0.0","6.66","0.48","1.72","0.45","3.94","0.24","5.84","0.79","",""
"anger_new_5_midj_euna.jpg","1.0","0.0","6.0","0.0","1.0","0.0","2.0","0.0","1.0","0.0","7.0","0.0","2.0","0.0","2.62","0.49","1.0","0.0","3.4","1.29","1.0","0.0","4.36","0.48","1.0","0.0","7.0","0.0","1.02","0.14","3.7","0.46","1.54","1.58","7.0","0.0"
"anger_new_5_midj_sa.jpg","1.0","0.0","6.0","0.0","1.0","0.0","2.0","0.0","1.0","0.0","6.0","0.0","2.0","0.0","3.0","0.0","1.0","0.0","2.04","0.2","1.0","0.0","4.0","0.0","1.0","0.0","6.0","0.0","1.7","0.46","3.42","0.5","4.56","1.94","",""
"anger_new_6.jpg","1.0","0.0","7.0","0.0","1.0","0.0","1.0","0.0","1.0","0.0","3.68","0.79","2.5","0.51","4.2","0.4","1.0","0.0","1.98","0.14","1.0","0.0","4.0","0.0","1.0","0.0","7.0","0.0","1.0","0.0","4.0","0.0","1.0","0.0","7.0","0.0"
"anger_new_8.jpg","2.0","0.0","6.14","0.35","1.0","0.0","1.0","0.0","1.0","0.0","4.98","0.14","3.98","0.14","3.6","0.49","1.0","0.0","1.68","0.47","1.0","0.0","3.96","0.2","1.0","0.0","6.14","0.35","1.0","0.0","4.98","0.14","1.54","0.5","6.14","0.35"
"garbagedump2_midj.jpg","1.0","0.0","6.0","0.0","1.0","0.0","1.0","0.0","1.0","0.0","7.0","0.0","1.0","0.0","2.64","0.48","1.0","0.0","2.76","1.51","1.0","0.0","4.72","0.45","1.0","0.0","7.0","0.0","1.0","0.0","3.42","0.54","1.12","0.85","7.0","0.0"
"garbagedump4_midj.jpg","1.0","0.0","5.28","0.45","1.0","0.0","1.0","0.0","1.0","0.0","7.0","0.0","1.0","0.0","3.0","0.0","1.0","0.0","2.28","0.5","1.0","0.0","4.72","0.45","1.0","0.0","7.0","0.0","1.0","0.0","3.24","0.43","6.2","1.8","7.0","0.0"
"h038_midj.jpg","1.0","0.0","6.0","0.0","2.0","0.0","3.42","0.5","1.0","0.0","5.6","0.49","2.0","0.0","5.0","0.0","1.0","0.0","2.0","0.0","4.0","0.0","6.0","0.0","1.0","0.0","6.5","0.51","1.0","0.0","4.0","0.0","6.0","0.0","",""
"landscapes_026_h_midj.jpg","1.0","0.0","6.0","0.0","1.0","0.0","1.0","0.0","1.0","0.0","7.0","0.0","1.0","0.0","2.6","0.49","1.0","0.0","2.04","0.28","1.0","0.0","4.0","0.0","1.0","0.0","7.0","0.0","1.0","0.0","2.98","0.14","2.5","2.44","7.0","0.0"
"landscapes_139_h_midj.jpg","1.0","0.0","5.96","0.2","1.0","0.0","1.0","0.0","1.0","0.0","7.0","0.0","1.0","0.0","2.0","0.0","1.0","0.0","3.36","1.91","1.0","0.0","3.18","0.39","1.0","0.0","7.0","0.0","1.0","0.0","3.02","0.14","1.0","0.0","7.0","0.0"
"landscapes_139_h_midj_af.jpg","1.0","0.0","6.0","0.0","1.0","0.0","2.0","0.0","1.0","0.0","7.0","0.0","1.0","0.0","2.0","0.0","1.0","0.0","2.74","1.5","1.0","0.0","4.0","0.0","1.0","0.0","6.94","0.24","1.0","0.0","2.6","0.49","2.46","2.5","",""
"landscapes_139_h_midj_as.jpg","1.0","0.0","6.0","0.0","1.0","0.0","2.0","0.0","1.0","0.0","6.02","0.14","1.0","0.0","2.0","0.0","1.0","0.0","2.6","0.99","1.0","0.0","4.0","0.0","1.0","0.0","6.02","0.14","2.0","0.0","2.52","0.5","5.82","0.9","",""
"landscapes_139_h_midj_euna.jpg","1.0","0.0","6.0","0.0","1.0","0.0","1.0","0.0","1.0","0.0","7.0","0.0","1.0","0.0","2.0","0.0","1.0","0.0","3.2","1.85","1.0","0.0","3.16","0.37","1.0","0.0","7.0","0.0","1.0","0.0","3.02","0.14","1.0","0.0","7.0","0.0"
"landscapes_139_h_midj_sa.jpg","1.0","0.0","6.0","0.0","1.0","0.0","2.0","0.0","1.0","0.0","7.0","0.0","1.0","0.0","2.3","0.46","1.0","0.0","2.78","1.11","1.0","0.0","4.04","0.2","1.0","0.0","7.0","0.0","1.0","0.0","3.1","0.61","2.32","2.51","7.0","0.0"
"people_127_h_midj.jpg","1.0","0.0","7.0","0.0","1.0","0.0","2.0","0.0","1.0","0.0","6.0","0.0","4.94","0.24","7.0","0.0","1.0","0.0","1.0","0.0","1.0","0.0","5.56","0.5","1.0","0.0","7.0","0.0","1.0","0.0","6.0","0.0","1.0","0.0","7.0","0.0"
"picture3_midj.jpg","1.0","0.0","6.72","0.45","1.0","0.0","1.0","0.0","1.0","0.0","3.06","0.24","4.0","0.0","6.78","0.42","1.0","0.0","1.0","0.0","1.0","0.0","3.6","0.49","1.0","0.0","6.86","0.35","1.0","0.0","6.0","0.0","1.0","0.0","7.0","0.0"
"2340_midj.jpg","6.32","0.47","1.0","0.0","7.0","0.0","2.0","0.0","1.0","0.0","1.0","0.0","4.0","0.0","1.0","0.0","7.0","0.0","1.16","0.37","6.78","0.42","1.0","0.0","7.0","0.0","1.0","0.0","4.84","0.37","2.96","0.2","6.72","0.45","1.0","0.0"
"2340_midj_af.jpg","4.7","0.79","1.0","0.0","7.0","0.0","2.5","0.51","1.0","0.0","1.0","0.0","3.34","0.48","1.0","0.0","7.0","0.0","1.98","0.14","7.0","0.0","1.0","0.0","7.0","0.0","1.0","0.0","5.18","0.39","2.36","0.48","5.3","1.75","1.0","0.0"
"2340_midj_as.jpg","6.68","0.47","1.0","0.0","7.0","0.0","2.24","0.43","1.0","0.0","1.0","0.0","4.1","0.3","1.0","0.0","7.0","0.0","1.0","0.0","6.88","0.33","1.0","0.0","7.0","0.0","1.0","0.0","4.08","0.57","3.04","0.4","6.7","0.91","1.0","0.0"
"2340_midj_euna.jpg","6.36","0.48","1.0","0.0","7.0","0.0","2.0","0.0","1.0","0.0","1.0","0.0","4.0","0.0","1.0","0.0","7.0","0.0","1.28","0.45","6.88","0.33","1.0","0.0","7.0","0.0","1.0","0.0","4.86","0.35","2.98","0.14","6.68","0.47","1.0","0.0"
"2340_midj_sa.jpg","7.0","0.0","1.0","0.0","7.0","0.0","2.0","0.0","1.0","0.0","1.0","0.0","5.28","0.45","1.0","0.0","7.0","0.0","1.0","0.0","6.92","0.27","1.0","0.0","7.0","0.0","1.0","0.0","4.48","0.5","4.0","0.0","6.52","1.64","1.0","0.0"
"2398_midj.jpg","3.88","0.33","1.0","0.0","6.0","0.0","2.0","0.0","2.0","0.0","1.0","0.0","6.0","0.0","1.0","0.0","6.4","0.49","2.0","0.0","4.0","0.0","1.0","0.0","6.46","0.5","1.0","0.0","3.72","0.64","4.92","0.27","1.8","0.99","",""
"2560_midj.jpg","2.0","0.0","1.0","0.0","7.0","0.0","4.34","0.48","4.6","0.49","1.0","0.0","3.0","0.0","1.0","0.0","6.0","0.0","2.0","0.0","6.0","0.0","1.0","0.0","6.96","0.2","1.0","0.0","5.44","0.5","2.02","0.14","3.12","2.48","1.0","0.0"
"2580_midj.jpg","2.0","0.0","1.0","0.0","4.2","0.4","1.22","0.42","1.0","0.0","1.0","0.0","2.0","0.0","1.0","0.0","2.74","0.44","5.2","0.4","1.86","0.35","1.96","0.2","3.66","0.48","1.44","0.5","5.22","0.42","2.0","0.0","1.06","0.24","",""
"attachment_love_new_2_midj_af.jpg","2.0","0.0","1.0","0.0","7.0","0.0","4.0","0.0","1.0","0.0","1.0","0.0","2.02","0.14","1.0","0.0","7.0","0.0","2.0","0.0","7.0","0.0","1.0","0.0","7.0","0.0","1.0","0.0","6.0","0.0","2.0","0.0","6.0","0.0","1.0","0.0"
"attachment_love_new_2_midj_as.jpg","2.0","0.0","1.0","0.0","7.0","0.0","3.0","0.0","1.0","0.0","1.0","0.0","2.0","0.0","1.0","0.0","6.78","0.42","2.0","0.0","7.0","0.0","1.0","0.0","7.0","0.0","1.0","0.0","6.0","0.0","2.0","0.0","4.7","2.22","1.0","0.0"
"attachment_love_new_2_midj_euna.jpg","2.02","0.14","1.0","0.0","7.0","0.0","2.76","0.43","1.0","0.0","1.0","0.0","2.0","0.0","1.0","0.0","6.22","0.42","2.0","0.0","7.0","0.0","1.0","0.0","7.0","0.0","1.0","0.0","6.0","0.0","2.0","0.0","5.7","1.2","1.0","0.0"
"attachment_love_new_2_midj_sa.jpg","2.0","0.0","1.0","0.0","7.0","0.0","3.0","0.0","1.0","0.0","1.0","0.0","2.0","0.0","1.0","0.0","6.0","0.0","2.0","0.0","7.0","0.0","1.0","0.0","7.0","0.0","1.0","0.0","6.0","0.0","2.0","0.0","5.0","2.02","1.0","0.0"
"attachment_love_new_3_midj_af.jpg","2.0","0.0","1.0","0.0","7.0","0.0","4.0","0.0","1.0","0.0","1.0","0.0","3.24","0.43","1.0","0.0","7.0","0.0","1.8","0.4","6.08","0.27","1.0","0.0","7.0","0.0","1.0","0.0","5.1","0.3","2.4","0.49","6.02","0.14","1.0","0.0"
"attachment_love_new_3_midj_as.jpg","2.0","0.0","1.0","0.0","7.0","0.0","3.32","0.47","1.0","0.0","1.0","0.0","2.76","0.43","1.0","0.0","7.0","0.0","2.0","0.0","7.0","0.0","1.0","0.0","7.0","0.0","1.0","0.0","5.94","0.24","2.0","0.0","3.0","2.47","",""
"attachment_love_new_3_midj_euna.jpg","2.0","0.0","1.0","0.0","7.0","0.0","3.0","0.0","1.0","0.0","1.0","0.0","3.0","0.0","1.0","0.0","7.0","0.0","1.76","0.43","6.8","0.4","1.0","0.0","7.0","0.0","1.0","0.0","6.0","0.0","2.12","0.33","2.98","2.57","",""
"attachment_love_new_3_midj_sa.jpg","2.0","0.0","1.0","0.0","7.0","0.0","4.54","0.5","1.0","0.0","1.0","0.0","3.0","0.0","1.0","0.0","7.0","0.0","1.98","0.14","7.0","0.0","1.0","0.0","7.0","0.0","1.0","0.0","5.98","0.14","2.0","0.0","1.46","1.58","",""
"attachment_love_new_8_midj_af.jpg","2.0","0.0","1.0","0.0","7.0","0.0","5.08","0.27","1.0","0.0","1.0","0.0","2.66","0.48","1.0","0.0","6.08","0.27","2.0","0.0","7.0","0.0","1.0","0.0","7.0","0.0","1.0","0.0","6.08","0.27","2.0","0.0","5.28","1.55","1.0","0.0"
"attachment_love_new_8_midj_as.jpg","2.0","0.0","1.0","0.0","7.0","0.0","4.0","0.0","1.0","0.0","1.0","0.0","2.0","0.0","1.0","0.0","6.24","0.43","2.0","0.0","7.0","0.0","1.0","0.0","7.0","0.0","1.0","0.0","6.0","0.0","2.0","0.0","1.8","1.85","",""
"attachment_love_new_8_midj_euna.jpg","2.0","0.0","1.0","0.0","7.0","0.0","4.0","0.0","1.0","0.0","1.0","0.0","2.98","0.14","1.0","0.0","7.0","0.0","2.0","0.0","7.0","0.0","1.0","0.0","7.0","0.0","1.0","0.0","6.0","0.0","2.0","0.0","5.52","1.53","",""
"attachment_love_new_8_midj_sa.jpg","2.0","0.0","1.0","0.0","7.0","0.0","2.78","0.42","1.0","0.0","1.0","0.0","2.96","0.2","1.0","0.0","7.0","0.0","2.0","0.0","7.0","0.0","1.0","0.0","7.0","0.0","1.0","0.0","6.0","0.0","2.0","0.0","6.16","0.37","1.0","0.0"
"attachmentlove_new_1.jpg","4.0","0.0","1.0","0.0","7.0","0.0","2.2","0.4","4.86","0.35","1.0","0.0","4.58","0.5","1.0","0.0","7.0","0.0","1.86","0.35","6.14","0.35","1.0","0.0","7.0","0.0","1.0","0.0","5.0","0.0","3.48","0.5","5.5","1.52","1.0","0.0"
"attachmentlove_new_10.jpg","2.0","0.0","1.0","0.0","7.0","0.0","6.0","0.0","1.0","0.0","1.0","0.0","3.0","0.0","1.0","0.0","6.3","0.46","2.0","0.0","3.94","0.37","1.0","0.0","7.0","0.0","1.0","0.0","6.78","0.42","3.0","0.0","4.32","2.53","",""
"attachmentlove_new_12.jpg","2.0","0.0","1.0","0.0","7.0","0.0","2.22","0.42","1.74","0.44","1.0","0.0","2.0","0.0","1.0","0.0","6.0","0.0","2.04","0.2","5.8","0.4","1.2","0.4","6.68","0.47","1.0","0.0","7.0","0.0","2.0","0.0","6.0","0.0","1.0","0.0"
"attachmentlove_new_2.jpg","2.0","0.0","1.0","0.0","7.0","0.0","2.78","0.42","1.0","0.0","1.0","0.0","2.0","0.0","1.0","0.0","6.2","0.4","2.0","0.0","7.0","0.0","1.0","0.0","7.0","0.0","1.0","0.0","6.0","0.0","2.0","0.0","5.8","0.99","1.0","0.0"
"attachmentlove_new_3.jpg","2.0","0.0","1.0","0.0","7.0","0.0","3.0","0.0","1.0","0.0","1.0","0.0","3.0","0.0","1.0","0.0","7.0","0.0","1.7","0.46","6.8","0.4","1.0","0.0","7.0","0.0","1.0","0.0","6.0","0.0","2.22","0.42","3.56","2.71","1.0","0.0"
"attachmentlove_new_5.jpg","1.0","0.0","1.0","0.0","7.0","0.0","2.04","0.2","1.0","0.0","1.0","0.0","2.0","0.0","1.0","0.0","6.0","0.0","1.68","0.47","6.62","0.49","2.98","0.14","7.0","0.0","1.0","0.0","5.76","0.43","2.0","0.0","5.84","0.79","1.0","0.0"
"attachmentlove_new_7.jpg","3.94","0.24","1.0","0.0","7.0","0.0","3.0","0.0","2.98","0.14","1.0","0.0","3.42","0.5","1.0","0.0","7.0","0.0","2.0","0.0","7.0","0.0","1.0","0.0","7.0","0.0","1.0","0.0","6.0","0.0","2.5","0.51","4.7","2.22","1.0","0.0"
"attachmentlove_new_8.jpg","2.0","0.0","1.0","0.0","7.0","0.0","4.0","0.0","1.0","0.0","1.0","0.0","3.0","0.0","1.0","0.0","7.0","0.0","2.0","0.0","7.0","0.0","1.0","0.0","7.0","0.0","1.0","0.0","6.04","0.2","2.0","0.0","4.6","2.27","1.0","0.0"
"attachmentlove_new_9.jpg","1.44","0.5","1.0","0.0","6.94","0.24","4.98","0.14","1.0","0.0","1.0","0.0","2.0","0.0","1.0","0.0","5.96","0.2","4.74","0.44","6.36","0.48","2.0","0.0","6.28","0.45","1.0","0.0","7.0","0.0","2.0","0.0","2.2","0.93","1.0","0.0"
"maps134_midj.jpg","2.06","0.24","1.0","0.0","7.0","0.0","2.32","0.47","1.0","0.0","1.0","0.0","4.4","0.49","1.0","0.0","7.0","0.0","2.0","0.0","6.0","0.0","1.0","0.0","7.0","0.0","1.0","0.0","3.42","0.5","3.46","0.5","3.42","2.16","",""
"maps138_midj.jpg","2.0","0.0","1.0","0.0","4.2","0.4","3.0","0.0","1.0","0.0","1.0","0.0","2.94","0.24","2.0","0.0","4.26","0.44","3.28","0.45","2.86","0.35","1.0","0.0","5.2","0.4","1.0","0.0","4.0","0.0","2.72","0.45","2.0","0.0","",""
"maps158_midj.jpg","2.0","0.0","1.0","0.0","7.0","0.0","2.4","0.49","1.0","0.0","1.0","0.0","5.0","0.0","1.0","0.0","7.0","0.0","1.8","0.4","4.0","0.0","1.0","0.0","7.0","0.0","1.0","0.0","3.8","0.4","4.8","0.4","2.5","2.31","",""
"maps158_midj_af.jpg","2.0","0.0","1.0","0.0","7.0","0.0","4.0","0.0","1.0","0.0","1.0","0.0","5.0","0.0","1.0","0.0","7.0","0.0","1.2","0.4","5.5","0.51","2.0","0.0","7.0","0.0","1.0","0.0","3.22","0.42","4.26","0.44","3.8","2.51","",""
"maps158_midj_as.jpg","2.0","0.0","1.0","0.0","7.0","0.0","3.4","0.49","1.0","0.0","1.0","0.0","3.84","0.37","1.0","0.0","6.0","0.0","2.0","0.0","3.96","0.28","2.0","0.0","6.46","0.5","1.0","0.0","5.0","0.0","3.28","0.45","3.2","2.51","",""
"maps158_midj_euna.jpg","2.0","0.0","1.0","0.0","7.0","0.0","2.38","0.49","1.0","0.0","1.0","0.0","5.0","0.0","1.0","0.0","7.0","0.0","1.8","0.4","4.0","0.0","1.0","0.0","7.0","0.0","1.0","0.0","3.8","0.4","4.8","0.4","2.4","2.27","",""
"maps158_midj_sa.jpg","1.0","0.0","1.0","0.0","7.0","0.0","2.14","0.35","1.32","0.47","1.0","0.0","2.82","0.39","1.0","0.0","6.0","0.0","2.0","0.0","4.0","0.0","3.38","0.49","6.0","0.0","2.0","0.0","4.32","0.47","3.38","0.49","2.24","1.15","1.0","0.0"
"maps236_midj.jpg","6.0","0.0","1.0","0.0","4.0","0.0","2.0","0.0","1.0","0.0","1.0","0.0","3.6","0.49","2.0","0.0","5.98","0.14","2.0","0.0","2.06","0.24","1.0","0.0","6.0","0.0","1.0","0.0","3.0","0.0","3.58","0.5","2.0","0.0","",""
"picture197_mid.jpg","7.0","0.0","1.0","0.0","4.46","0.5","1.92","0.27","1.0","0.0","1.0","0.0","6.0","0.0","1.0","0.0","7.0","0.0","1.0","0.0","2.0","0.0","1.0","0.0","7.0","0.0","1.0","0.0","2.0","0.0","6.0","0.0","1.1","0.71","",""
"posmidsoc_3_midj.jpg","3.4","0.49","1.0","0.0","6.8","0.4","2.0","0.0","1.0","0.0","1.0","0.0","2.54","0.5","1.0","0.0","6.0","0.0","2.0","0.0","6.18","0.39","1.0","0.0","6.76","0.43","1.0","0.0","5.0","0.0","2.0","0.0","1.8","1.74","",""
"wedding4_midj.jpg","2.0","0.0","1.0","0.0","5.72","0.45","4.52","0.5","6.0","0.0","1.0","0.0","3.76","0.43","1.0","0.0","6.06","0.24","2.0","0.0","3.38","0.49","1.0","0.0","6.98","0.14","1.0","0.0","5.36","0.48","2.68","0.47","6.0","0.0","1.0","0.0"
"awe_new_1.jpg","2.0","0.0","1.0","0.0","2.0","0.0","7.0","0.0","1.0","0.0","1.0","0.0","3.0","0.0","2.0","0.0","5.04","0.2","3.0","0.0","2.0","0.0","1.0","0.0","6.02","0.14","1.0","0.0","6.0","0.0","3.0","0.0","5.24","0.43","1.0","0.0"
"awe_new_1_midj_af.jpg","2.0","0.0","1.0","0.0","2.0","0.0","7.0","0.0","1.0","0.0","1.0","0.0","5.0","0.0","1.0","0.0","6.0","0.0","2.0","0.0","1.48","0.5","1.0","0.0","7.0","0.0","1.0","0.0","5.86","0.35","4.0","0.0","5.76","0.96","1.0","0.0"
"awe_new_1_midj_as.jpg","2.0","0.0","1.0","0.0","2.0","0.0","7.0","0.0","1.0","0.0","1.0","0.0","3.48","0.5","1.0","0.0","5.4","0.49","2.58","0.5","2.0","0.0","1.0","0.0","6.4","0.49","1.0","0.0","7.0","0.0","2.6","0.49","4.14","1.51","1.0","0.0"
"awe_new_1_midj_euna.jpg","2.0","0.0","1.0","0.0","2.0","0.0","7.0","0.0","1.0","0.0","1.0","0.0","3.02","0.14","2.0","0.0","5.06","0.24","2.96","0.2","2.0","0.0","1.0","0.0","6.06","0.24","1.0","0.0","6.0","0.0","3.0","0.0","5.18","0.63","1.0","0.0"
"awe_new_1_midj_sa.jpg","2.0","0.0","1.0","0.0","2.0","0.0","6.0","0.0","1.0","0.0","1.0","0.0","2.52","0.5","2.0","0.0","4.54","0.5","3.24","0.43","2.0","0.0","1.02","0.14","5.94","0.24","1.0","0.0","6.32","0.47","2.0","0.0","1.3","0.46","",""
"awe_new_2.jpg","1.0","0.0","1.0","0.0","2.0","0.0","7.0","0.0","1.0","0.0","1.0","0.0","3.0","0.0","1.0","0.0","4.0","0.0","3.92","0.27","1.0","0.0","1.8","0.4","5.98","0.14","1.0","0.0","7.0","0.0","2.0","0.0","2.12","0.33","1.0","0.0"
"awe_new_3.jpg","1.0","0.0","1.0","0.0","1.0","0.0","7.0","0.0","1.0","0.0","1.0","0.0","4.32","0.47","2.0","0.0","4.0","0.0","2.38","0.49","1.0","0.0","1.0","0.0","6.0","0.0","1.0","0.0","5.26","0.44","3.28","0.45","2.36","0.48","2.0","0.0"
"awe_new_4.jpg","1.0","0.0","1.0","0.0","1.0","0.0","6.0","0.0","1.0","0.0","1.0","0.0","2.0","0.0","2.0","0.0","3.0","0.0","5.14","0.4","1.0","0.0","1.12","0.33","4.8","0.4","1.0","0.0","6.9","0.3","2.0","0.0","2.0","0.0","1.83","0.38"
"awe_new_5.jpg","1.08","0.27","1.0","0.0","2.0","0.0","7.0","0.0","1.0","0.0","1.0","0.0","3.0","0.0","1.0","0.0","5.2","0.4","4.9","0.86","2.0","0.0","1.0","0.0","6.32","0.47","1.0","0.0","7.0","0.0","2.0","0.0","3.3","1.05","1.0","0.0"
"awe_new_6.jpg","2.0","0.0","1.0","0.0","2.0","0.0","6.0","0.0","1.0","0.0","1.0","0.0","4.04","0.2","1.0","0.0","5.2","0.4","2.0","0.0","1.0","0.0","1.0","0.0","6.1","0.3","1.0","0.0","6.0","0.0","3.04","0.2","4.86","0.83","1.0","0.0"
"awe_new_7.jpg","2.0","0.0","1.0","0.0","2.0","0.0","7.0","0.0","1.0","0.0","1.0","0.0","3.0","0.0","1.0","0.0","5.78","0.42","2.0","0.0","1.92","0.27","1.0","0.0","6.78","0.42","1.0","0.0","6.9","0.3","2.0","0.0","5.76","0.82","1.0","0.0"
"awe_new_8.jpg","1.0","0.0","1.0","0.0","1.7","0.46","7.0","0.0","1.0","0.0","1.0","0.0","4.0","0.0","2.0","0.0","4.0","0.0","2.18","0.39","1.0","0.0","1.22","0.42","6.0","0.0","1.0","0.0","5.8","0.4","3.0","0.0","2.56","0.67","1.77","0.43"
"awe_new_8_midj_af.jpg","2.0","0.0","1.0","0.0","2.0","0.0","7.0","0.0","1.0","0.0","1.0","0.0","5.02","0.14","2.0","0.0","6.0","0.0","2.0","0.0","1.32","0.47","1.0","0.0","7.0","0.0","1.0","0.0","6.0","0.0","4.0","0.0","4.94","1.2","1.0","0.0"
"awe_new_8_midj_as.jpg","2.0","0.0","1.0","0.0","2.0","0.0","7.0","0.0","1.0","0.0","1.0","0.0","4.4","0.49","2.0","0.0","6.0","0.0","2.0","0.0","1.88","0.33","1.0","0.0","7.0","0.0","1.0","0.0","5.98","0.14","4.0","0.0","2.5","1.11","",""
"awe_new_8_midj_euna.jpg","1.0","0.0","1.0","0.0","1.5","0.51","7.0","0.0","1.0","0.0","1.0","0.0","4.0","0.0","2.0","0.0","4.0","0.0","2.54","0.5","1.0","0.0","1.28","0.45","6.0","0.0","1.0","0.0","5.82","0.39","3.0","0.0","2.36","0.53","1.93","0.26"
"awe_new_8_midj_sa.jpg","2.0","0.0","1.0","0.0","2.0","0.0","7.0","0.0","1.0","0.0","1.0","0.0","5.0","0.0","2.0","0.0","6.0","0.0","2.0","0.0","1.0","0.0","1.0","0.0","7.0","0.0","1.0","0.0","5.2","0.4","4.0","0.0","2.0","0.0","",""
"lake12_midj.jpg","2.0","0.0","1.0","0.0","2.28","0.45","7.0","0.0","1.28","0.45","1.0","0.0","5.0","0.0","1.0","0.0","6.0","0.0","2.0","0.0","2.0","0.0","1.0","0.0","7.0","0.0","1.0","0.0","6.9","0.3","3.6","0.49","6.06","0.24","1.0","0.0"
"lake2_midj.jpg","1.38","0.49","1.0","0.0","2.0","0.0","6.0","0.0","1.0","0.0","1.0","0.0","2.18","0.39","1.0","0.0","5.24","0.43","3.4","0.49","2.0","0.0","1.0","0.0","6.02","0.14","1.0","0.0","7.0","0.0","2.0","0.0","3.14","1.07","1.0","0.0"
"landscapes_121_h_midj.jpg","2.0","0.0","1.0","0.0","2.18","0.39","6.0","0.0","3.04","0.2","1.0","0.0","3.0","0.0","1.0","0.0","5.98","0.14","2.92","0.6","2.0","0.0","1.0","0.0","6.04","0.2","1.0","0.0","7.0","0.0","2.0","0.0","2.92","1.44","",""
"landscapes_140_v_midj.jpg","2.0","0.0","1.0","0.0","2.52","0.5","6.0","0.0","2.8","0.45","1.0","0.0","3.96","0.2","1.52","0.5","6.0","0.0","2.0","0.0","1.9","0.3","1.0","0.0","7.0","0.0","1.0","0.0","6.32","0.47","3.1","0.3","4.0","2.02","1.04","0.2"
"landscapes_154_h_midj.jpg","1.0","0.0","1.0","0.0","2.0","0.0","6.0","0.0","1.0","0.0","1.0","0.0","3.0","0.0","1.0","0.0","4.14","0.35","4.54","0.5","1.0","0.0","1.0","0.0","5.18","0.39","1.0","0.0","6.54","0.5","2.0","0.0","1.96","0.4","",""
"landscapes_180_h_midj.jpg","2.0","0.0","1.0","0.0","2.0","0.0","5.0","0.0","2.0","0.0","1.0","0.0","3.96","0.2","1.0","0.0","6.0","0.0","2.0","0.0","1.1","0.3","1.0","0.0","6.46","0.5","1.0","0.0","6.72","0.45","2.96","0.2","5.36","0.94","1.0","0.0"
"p045_midj.jpg","1.0","0.0","1.0","0.0","1.0","0.0","7.0","0.0","1.0","0.0","1.0","0.0","3.58","0.5","2.0","0.0","4.0","0.0","2.0","0.0","1.0","0.0","1.0","0.0","6.0","0.0","1.0","0.0","6.0","0.0","3.0","0.0","2.3","0.46","2.0","0.0"
"p067_midj.jpg","2.0","0.0","1.0","0.0","2.62","0.49","5.3","0.46","1.0","0.0","1.0","0.0","2.04","0.2","1.0","0.0","4.7","0.46","3.7","0.46","1.62","0.49","1.0","0.0","6.0","0.0","1.0","0.0","6.9","0.3","2.0","0.0","1.56","0.5","1.0","0.0"
"p070_midj.jpg","2.0","0.0","1.0","0.0","2.0","0.0","7.0","0.0","1.0","0.0","1.0","0.0","5.0","0.0","1.38","0.49","6.0","0.0","2.0","0.0","1.8","0.4","1.0","0.0","7.0","0.0","1.0","0.0","6.0","0.0","4.0","0.0","2.16","1.2","",""
"p070_midj_af.jpg","2.0","0.0","1.0","0.0","2.0","0.0","7.0","0.0","1.0","0.0","1.0","0.0","5.02","0.14","1.0","0.0","6.0","0.0","2.0","0.0","1.98","0.14","1.0","0.0","7.0","0.0","1.0","0.0","6.0","0.0","4.0","0.0","5.44","1.4","1.0","0.0"
"p070_midj_as.jpg","2.0","0.0","1.0","0.0","3.72","0.45","7.0","0.0","1.0","0.0","1.0","0.0","4.0","0.0","1.0","0.0","6.0","0.0","2.0","0.0","2.38","0.49","1.0","0.0","7.0","0.0","1.0","0.0","6.98","0.14","3.0","0.0","5.6","1.21","1.0","0.0"
"p070_midj_euna.jpg","2.0","0.0","1.0","0.0","2.0","0.0","7.0","0.0","1.0","0.0","1.0","0.0","4.94","0.24","1.36","0.48","6.0","0.0","2.0","0.0","1.62","0.49","1.0","0.0","7.0","0.0","1.0","0.0","6.0","0.0","4.0","0.0","2.94","1.74","",""
"p070_midj_sa.jpg","2.0","0.0","1.0","0.0","2.0","0.0","7.0","0.0","1.0","0.0","1.0","0.0","5.0","0.0","2.0","0.0","5.24","0.43","2.08","0.27","1.0","0.0","1.0","0.0","6.26","0.44","1.0","0.0","5.42","0.5","4.0","0.0","2.42","0.99","",""
"p092_midj.jpg","2.0","0.0","1.0","0.0","2.0","0.0","7.0","0.0","1.0","0.0","1.0","0.0","3.8","0.4","1.72","0.45","6.0","0.0","2.0","0.0","2.0","0.0","1.0","0.0","7.0","0.0","1.0","0.0","6.3","0.46","2.78","0.42","4.92","0.94","1.0","0.0"
"p092_midj_af.jpg","2.0","0.0","1.0","0.0","2.0","0.0","7.0","0.0","1.0","0.0","1.0","0.0","4.0","0.0","1.0","0.0","6.0","0.0","2.0","0.0","2.0","0.0","1.0","0.0","7.0","0.0","1.0","0.0","6.0","0.0","3.0","0.0","5.2","1.62","1.0","0.0"
"p092_midj_as.jpg","2.0","0.0","1.0","0.0","2.18","0.39","7.0","0.0","1.0","0.0","1.0","0.0","4.08","0.27","1.02","0.14","6.0","0.0","2.0","0.0","2.0","0.0","1.0","0.0","7.0","0.0","1.0","0.0","6.0","0.0","3.08","0.27","5.84","0.37","1.0","0.0"
"p092_midj_euna.jpg","2.0","0.0","1.0","0.0","2.18","0.39","6.08","0.27","1.0","0.0","1.0","0.0","3.0","0.0","1.24","0.43","5.04","0.2","2.54","0.58","2.0","0.0","1.0","0.0","6.0","0.0","1.0","0.0","6.08","0.27","2.0","0.0","1.38","0.49","",""
"p092_midj_sa.jpg","2.0","0.0","1.0","0.0","2.08","0.27","7.0","0.0","1.0","0.0","1.0","0.0","4.26","0.44","1.0","0.0","6.0","0.0","2.0","0.0","2.0","0.0","1.0","0.0","7.0","0.0","1.0","0.0","6.16","0.37","3.0","0.0","5.92","0.27","1.0","0.0"
"poshighnonsoc_14_midj.jpg","2.0","0.0","1.0","0.0","2.0","0.0","7.0","0.0","1.0","0.0","1.0","0.0","5.0","0.0","2.0","0.0","5.18","0.39","2.0","0.0","1.34","0.48","1.0","0.0","6.12","0.33","1.0","0.0","6.0","0.0","4.0","0.0","2.86","1.31","",""
"poshighnonsoc_14_midj_af.jpg","2.0","0.0","1.0","0.0","2.26","0.44","7.0","0.0","1.24","0.43","1.0","0.0","5.0","0.0","2.0","0.0","6.0","0.0","2.0","0.0","1.74","0.44","1.0","0.0","7.0","0.0","1.0","0.0","6.0","0.0","4.0","0.0","2.8","1.74","",""
"poshighnonsoc_14_midj_as.jpg","2.0","0.0","1.0","0.0","2.0","0.0","7.0","0.0","1.0","0.0","1.0","0.0","4.0","0.0","2.0","0.0","5.0","0.0","2.0","0.0","1.98","0.14","1.0","0.0","6.0","0.0","1.0","0.0","7.0","0.0","3.0","0.0","5.0","0.0","1.0","0.0"
"poshighnonsoc_14_midj_euna.jpg","2.0","0.0","1.0","0.0","2.0","0.0","7.0","0.0","1.0","0.0","1.0","0.0","5.0","0.0","2.0","0.0","5.2","0.4","2.0","0.0","1.36","0.48","1.0","0.0","6.08","0.27","1.0","0.0","6.0","0.0","4.0","0.0","2.78","1.28","",""
"poshighnonsoc_14_midj_sa.jpg","2.0","0.0","1.0","0.0","2.0","0.0","7.0","0.0","1.0","0.0","1.0","0.0","5.0","0.0","1.0","0.0","6.0","0.0","2.0","0.0","1.0","0.0","1.0","0.0","7.0","0.0","1.0","0.0","6.0","0.0","4.0","0.0","1.78","0.42","",""
"poshighnonsoc_7_midj.jpg","2.0","0.0","1.0","0.0","3.56","0.5","7.0","0.0","1.0","0.0","1.0","0.0","3.98","0.14","1.0","0.0","6.0","0.0","2.0","0.0","2.0","0.0","1.0","0.0","7.0","0.0","1.0","0.0","6.0","0.0","3.0","0.2","5.82","0.39","1.0","0.0"
"0147_midj.jpg","2.0","0.0","1.0","0.0","2.0","0.0","2.0","0.0","6.66","0.48","1.0","0.0","3.0","0.0","1.0","0.0","5.7","0.46","2.0","0.0","1.74","0.44","1.0","0.0","6.16","0.37","1.0","0.0","3.68","0.47","2.92","0.27","6.18","1.61","1.0","0.0"
"0325_midj.jpg","2.0","0.0","1.0","0.0","2.0","0.0","2.0","0.0","7.0","0.0","1.0","0.0","4.0","0.0","1.0","0.0","6.0","0.0","2.0","0.0","1.0","0.0","1.0","0.0","7.0","0.0","1.0","0.0","3.0","0.0","4.0","0.0","7.0","0.0","1.0","0.0"
"7330_midj.jpg","2.0","0.0","1.0","0.0","2.0","0.0","2.0","0.0","7.0","0.0","1.0","0.0","4.82","0.39","1.0","0.0","6.0","0.0","1.88","0.33","1.0","0.0","1.0","0.0","7.0","0.0","1.0","0.0","2.02","0.14","4.86","0.35","7.0","0.0","1.0","0.0"
"7405_midj.jpg","2.0","0.0","1.0","0.0","2.0","0.0","1.02","0.14","6.82","0.39","1.0","0.0","3.0","0.0","1.0","0.0","5.96","0.2","2.0","0.0","1.28","0.45","1.0","0.0","6.54","0.5","1.0","0.0","3.4","0.49","2.16","0.37","3.02","2.85","",""
"7405_midj_af.jpg","2.0","0.0","1.0","0.0","3.0","0.0","2.0","0.0","6.88","0.33","1.0","0.0","3.24","0.43","1.0","0.0","5.84","0.37","2.04","0.2","2.0","0.0","1.0","0.0","6.14","0.35","1.0","0.0","4.3","0.46","2.24","0.43","6.76","0.43","1.0","0.0"
"7405_midj_as.jpg","2.0","0.0","1.0","0.0","2.0","0.0","1.92","0.27","6.12","0.33","1.0","0.0","3.0","0.0","1.0","0.0","4.84","0.37","2.34","0.48","1.72","0.45","1.0","0.0","5.84","0.37","1.0","0.0","4.28","0.45","2.0","0.0","5.0","2.02","1.0","0.0"
"7405_midj_euna.jpg","2.0","0.0","1.0","0.0","2.0","0.0","1.02","0.14","6.84","0.37","1.0","0.0","3.0","0.0","1.0","0.0","5.98","0.14","2.02","0.14","1.22","0.42","1.0","0.0","6.48","0.5","1.0","0.0","3.42","0.5","2.18","0.39","3.26","2.92","",""
"7405_midj_sa.jpg","2.0","0.0","1.0","0.0","2.0","0.0","2.0","0.0","7.0","0.0","1.0","0.0","4.0","0.0","1.0","0.0","6.0","0.0","2.0","0.0","1.0","0.0","1.0","0.0","7.0","0.0","1.0","0.0","3.0","0.0","4.04","0.2","6.88","0.85","1.0","0.0"
"craving_new_1.jpg","1.2","0.4","1.0","0.0","1.4","0.49","1.68","0.47","7.0","0.0","1.0","0.0","4.8","0.4","1.0","0.0","6.0","0.0","2.0","0.0","1.0","0.0","1.0","0.0","6.32","0.47","1.0","0.0","2.08","0.27","4.9","0.3","2.06","2.29","",""
"craving_new_10.jpg","2.0","0.0","1.0","0.0","2.2","0.4","2.0","0.0","7.0","0.0","1.0","0.0","5.86","0.35","1.0","0.0","6.08","0.27","1.74","0.44","1.2","0.4","1.0","0.0","7.0","0.0","1.0","0.0","2.0","0.0","5.72","0.45","3.04","2.87","",""
"craving_new_11.jpg","2.0","0.0","1.0","0.0","2.0","0.0","2.0","0.0","7.0","0.0","1.0","0.0","3.8","0.4","1.0","0.0","6.0","0.0","2.0","0.0","1.0","0.0","1.0","0.0","7.0","0.0","1.0","0.0","4.24","0.43","3.24","0.43","7.0","0.0","1.0","0.0"
"craving_new_12.jpg","2.0","0.0","1.0","0.0","3.0","0.0","2.0","0.0","7.0","0.0","1.0","0.0","4.04","0.2","1.0","0.0","6.0","0.0","2.0","0.0","2.0","0.0","1.0","0.0","7.0","0.0","1.0","0.0","3.46","0.5","4.02","0.14","6.88","0.85","1.0","0.0"
"craving_new_13.jpg","1.0","0.0","1.0","0.0","3.1","0.3","1.9","0.3","7.0","0.0","1.0","0.0","3.0","0.0","1.0","0.0","5.64","0.48","2.0","0.0","2.1","0.3","1.0","0.0","6.58","0.5","1.0","0.0","4.62","0.49","2.04","0.2","6.88","0.33","1.0","0.0"
"craving_new_14.jpg","1.44","0.5","1.0","0.0","4.72","0.45","2.0","0.0","7.0","0.0","1.0","0.0","3.16","0.37","1.0","0.0","5.92","0.27","2.0","0.0","2.92","0.57","1.0","0.0","6.64","0.48","1.0","0.0","4.48","0.5","2.7","0.65","4.02","2.84","1.0","0.0"
"craving_new_15.jpg","1.0","0.0","1.0","0.0","2.0","0.0","2.0","0.0","7.0","0.0","1.0","0.0","5.36","0.48","1.0","0.0","6.0","0.0","1.02","0.14","1.0","0.0","1.0","0.0","7.0","0.0","1.0","0.0","2.0","0.0","5.42","0.5","4.24","3.02","",""
"craving_new_16.jpg","1.0","0.0","1.0","0.0","2.0","0.0","2.0","0.0","7.0","0.0","1.0","0.0","5.0","0.0","1.0","0.0","6.0","0.0","2.0","0.0","1.0","0.0","1.0","0.0","6.8","0.4","1.0","0.0","2.0","0.0","5.0","0.0","6.96","0.2","1.0","0.0"
"craving_new_1_midj_af.jpg","1.0","0.0","1.0","0.0","2.2","0.4","1.34","0.48","7.0","0.0","1.0","0.0","3.88","0.44","1.0","0.0","5.32","0.47","2.0","0.0","1.5","0.51","1.0","0.0","6.24","0.43","1.0","0.0","3.08","0.27","3.2","0.73","6.94","0.24","1.0","0.0"
"craving_new_1_midj_as.jpg","2.0","0.0","1.0","0.0","2.0","0.0","1.0","0.0","6.64","0.48","1.0","0.0","3.0","0.0","1.0","0.0","5.0","0.0","2.32","0.47","1.12","0.33","1.0","0.0","6.0","0.0","1.0","0.0","3.56","0.5","2.02","0.14","1.9","1.94","",""
"craving_new_1_midj_euna.jpg","1.1","0.3","1.0","0.0","1.4","0.49","1.78","0.42","7.0","0.0","1.0","0.0","4.78","0.42","1.0","0.0","6.0","0.0","2.0","0.0","1.0","0.0","1.0","0.0","6.22","0.42","1.0","0.0","2.12","0.33","4.9","0.3","2.32","2.51","",""
"craving_new_1_midj_sa.jpg","2.0","0.0","1.0","0.0","2.0","0.0","2.0","0.0","7.0","0.0","1.0","0.0","5.4","0.49","1.0","0.0","6.0","0.0","2.0","0.0","1.0","0.0","1.0","0.0","7.0","0.0","1.0","0.0","2.04","0.2","5.2","0.61","4.84","2.91","",""
"craving_new_2.jpg","2.0","0.0","1.0","0.0","2.0","0.0","2.0","0.0","7.0","0.0","1.0","0.0","5.0","0.0","1.0","0.0","6.0","0.0","2.0","0.0","1.0","0.0","1.0","0.0","7.0","0.0","1.0","0.0","2.72","0.45","5.0","0.0","1.0","0.0","",""
"craving_new_2_midj_af.jpg","1.78","0.42","1.0","0.0","4.2","0.4","2.0","0.0","7.0","0.0","1.0","0.0","3.0","0.0","1.0","0.0","5.62","0.49","2.0","0.0","3.08","0.27","1.0","0.0","6.56","0.5","1.0","0.0","4.68","0.47","2.78","0.42","5.4","2.52","1.0","0.0"
"craving_new_2_midj_as.jpg","2.0","0.0","1.0","0.0","2.0","0.0","2.02","0.14","7.0","0.0","1.0","0.0","5.0","0.0","1.0","0.0","6.0","0.0","1.26","0.44","1.0","0.0","1.0","0.0","7.0","0.0","1.0","0.0","2.54","0.5","5.0","0.0","7.0","0.0","1.0","0.0"
"craving_new_2_midj_euna.jpg","1.88","0.33","1.0","0.0","2.0","0.0","1.94","0.24","7.0","0.0","1.0","0.0","4.04","0.2","1.0","0.0","6.0","0.0","2.0","0.0","1.0","0.0","1.0","0.0","7.0","0.0","1.0","0.0","3.3","0.46","4.14","0.35","5.8","2.42","1.0","0.0"
"craving_new_2_midj_sa.jpg","2.0","0.0","1.0","0.0","2.0","0.0","1.98","0.14","7.0","0.0","1.0","0.0","4.0","0.0","1.0","0.0","5.68","0.47","2.0","0.0","1.0","0.0","1.0","0.0","6.62","0.49","1.0","0.0","3.62","0.49","4.8","0.76","1.6","1.82","",""
"craving_new_3.jpg","2.0","0.0","1.0","0.0","2.0","0.0","2.74","0.44","7.0","0.0","1.0","0.0","5.0","0.0","1.0","0.0","6.0","0.0","2.0","0.0","1.0","0.0","1.0","0.0","6.96","0.2","1.0","0.0","2.74","0.44","4.34","0.48","6.88","0.85","",""
"craving_new_3_midj_af.jpg","2.0","0.0","1.0","0.0","3.54","0.5","2.0","0.0","7.0","0.0","1.0","0.0","4.0","0.0","1.0","0.0","6.0","0.0","2.0","0.0","2.52","0.5","1.0","0.0","6.78","0.42","1.0","0.0","4.28","0.45","3.0","0.0","7.0","0.0","1.0","0.0"
"craving_new_3_midj_as.jpg","1.5","0.51","1.0","0.0","2.0","0.0","2.0","0.0","7.0","0.0","1.0","0.0","4.0","0.0","1.0","0.0","6.0","0.0","2.0","0.0","1.0","0.0","1.0","0.0","7.0","0.0","1.0","0.0","3.08","0.27","3.94","0.37","7.0","0.0","1.0","0.0"
"craving_new_3_midj_euna.jpg","1.44","0.5","1.0","0.0","4.76","0.43","2.0","0.0","7.0","0.0","1.0","0.0","3.14","0.35","1.0","0.0","5.92","0.27","2.0","0.0","2.98","0.62","1.0","0.0","6.46","0.5","1.0","0.0","4.4","0.49","2.72","0.57","4.14","2.84","1.0","0.0"
"craving_new_3_midj_sa.jpg","1.24","0.43","1.0","0.0","3.34","0.48","2.0","0.0","7.0","0.0","1.0","0.0","4.0","0.0","1.0","0.0","5.14","0.35","2.0","0.0","2.04","0.2","1.0","0.0","6.1","0.3","1.0","0.0","4.04","0.2","3.04","0.2","6.8","0.4","1.0","0.0"
"craving_new_4.jpg","2.0","0.0","1.0","0.0","4.38","0.49","2.0","0.0","7.0","0.0","1.0","0.0","4.0","0.0","1.0","0.0","6.0","0.0","2.0","0.0","2.0","0.0","1.0","0.0","6.72","0.45","1.0","0.0","4.38","0.49","3.4","0.49","7.0","0.0","1.0","0.0"
"craving_new_4_midj_af.jpg","2.0","0.0","1.0","0.0","3.66","0.48","2.0","0.0","7.0","0.0","1.0","0.0","3.88","0.33","1.0","0.0","5.98","0.14","2.0","0.0","2.02","0.14","1.0","0.0","6.16","0.37","1.0","0.0","5.0","0.0","2.86","0.35","7.0","0.0","1.0","0.0"
"craving_new_4_midj_as.jpg","2.0","0.0","1.0","0.0","3.48","0.5","3.64","0.48","7.0","0.0","1.0","0.0","4.94","0.24","1.0","0.0","6.0","0.0","2.0","0.0","2.02","0.14","1.0","0.0","7.0","0.0","1.0","0.0","4.74","0.44","3.98","0.14","7.0","0.0","1.0","0.0"
"craving_new_4_midj_euna.jpg","2.0","0.0","1.0","0.0","3.0","0.0","2.0","0.0","7.0","0.0","1.0","0.0","4.0","0.0","1.0","0.0","6.0","0.0","2.0","0.0","2.0","0.0","1.0","0.0","7.0","0.0","1.0","0.0","3.44","0.5","4.12","0.33","5.44","2.66","1.0","0.0"
"craving_new_4_midj_sa.jpg","2.0","0.0","1.0","0.0","2.0","0.0","2.0","0.0","7.0","0.0","1.0","0.0","3.78","0.42","1.0","0.0","6.0","0.0","2.0","0.0","1.0","0.0","1.0","0.0","7.0","0.0","1.0","0.0","3.24","0.52","4.24","0.52","6.88","0.85","1.0","0.0"
"craving_new_5.jpg","2.0","0.0","1.0","0.0","2.0","0.0","2.0","0.0","7.0","0.0","1.0","0.0","4.0","0.0","1.0","0.0","6.0","0.0","2.0","0.0","1.0","0.0","1.0","0.0","7.0","0.0","1.0","0.0","3.0","0.0","4.0","0.0","5.2","2.78","1.0","0.0"
"craving_new_6.jpg","1.0","0.0","1.0","0.0","1.24","0.43","2.0","0.0","7.0","0.0","1.0","0.0","4.64","0.48","1.0","0.0","6.0","0.0","2.0","0.0","1.0","0.0","1.0","0.0","6.74","0.44","1.0","0.0","2.8","0.4","4.82","0.39","1.36","1.44","",""
"craving_new_7.jpg","2.0","0.0","1.0","0.0","2.0","0.0","2.2","0.4","7.0","0.0","1.0","0.0","3.92","0.27","1.0","0.0","6.0","0.0","2.0","0.0","1.26","0.44","1.0","0.0","7.0","0.0","1.0","0.0","2.96","0.2","4.0","0.0","6.28","1.97","1.0","0.0"
"craving_new_8.jpg","1.9","0.3","1.0","0.0","2.0","0.0","1.9","0.3","7.0","0.0","1.0","0.0","4.04","0.2","1.0","0.0","6.0","0.0","2.0","0.0","1.0","0.0","1.0","0.0","7.0","0.0","1.0","0.0","3.4","0.49","4.22","0.42","5.32","2.72","",""
"craving_new_9.jpg","2.0","0.0","1.0","0.0","2.0","0.0","2.14","0.35","7.0","0.0","1.0","0.0","5.0","0.0","1.0","0.0","6.0","0.0","1.82","0.39","1.0","0.0","1.0","0.0","7.0","0.0","1.0","0.0","2.66","0.48","5.0","0.0","6.76","1.19","1.0","0.0"
"1119_bodyproducts_midj.jpg","1.0","0.0","4.52","0.5","1.0","0.0","1.0","0.0","1.0","0.0","7.0","0.0","1.0","0.0","3.0","0.0","1.0","0.0","2.8","1.62","1.0","0.0","3.0","0.0","1.0","0.0","7.0","0.0","1.0","0.0","4.08","0.27","1.0","0.0","7.0","0.0"
"1120_bodyproducts_midj.jpg","2.0","0.0","4.0","0.0","1.0","0.0","1.0","0.0","1.0","0.0","6.0","0.0","1.0","0.0","1.28","0.45","1.0","0.0","4.08","0.27","1.0","0.0","4.5","0.51","1.0","0.0","6.0","0.0","1.26","0.44","2.68","0.47","1.9","1.94","6.0","0.0"
"1139_bodyproducts_midj.jpg","1.0","0.0","4.32","0.47","1.0","0.0","1.0","0.0","1.0","0.0","7.0","0.0","1.0","0.0","2.36","0.48","1.0","0.0","1.8","1.62","1.0","0.0","3.06","0.24","1.0","0.0","7.0","0.0","1.0","0.0","4.0","0.0","1.0","0.0","7.0","0.0"
"1209_death_midj_af.jpg","1.0","0.0","2.0","0.0","1.0","0.0","3.64","0.48","1.0","0.0","7.0","0.0","2.0","0.0","5.56","0.5","1.0","0.0","1.0","0.0","1.0","0.0","6.0","0.0","1.0","0.0","7.0","0.0","1.0","0.0","4.62","0.49","1.0","0.0","7.0","0.0"
"1209_death_midj_as.jpg","1.0","0.0","2.0","0.0","1.0","0.0","4.72","0.45","1.0","0.0","7.0","0.0","2.0","0.0","5.52","0.5","1.0","0.0","1.9","0.3","1.0","0.0","5.84","0.37","1.0","0.0","7.0","0.0","1.0","0.0","4.66","0.48","1.36","1.44","7.0","0.0"
"1209_death_midj_euna.jpg","1.0","0.0","4.0","0.0","1.0","0.0","3.8","0.4","1.0","0.0","7.0","0.0","2.0","0.0","6.0","0.0","1.0","0.0","1.0","0.0","1.0","0.0","6.0","0.0","1.0","0.0","7.0","0.0","1.0","0.0","5.46","0.5","1.0","0.0","7.0","0.0"
"1209_death_midj_sa.jpg","1.0","0.0","2.94","0.24","2.0","0.0","4.0","0.0","1.0","0.0","7.0","0.0","1.94","0.24","4.98","0.14","1.0","0.0","1.96","0.2","3.54","0.5","7.0","0.0","1.0","0.0","7.0","0.0","1.44","0.5","4.0","0.0","1.12","0.85","7.0","0.0"
"1271_hygiene_midj.jpg","1.0","0.0","3.0","0.0","1.0","0.0","1.0","0.0","1.0","0.0","7.0","0.0","1.0","0.0","2.16","0.37","1.0","0.0","3.36","1.91","1.0","0.0","3.0","0.0","1.0","0.0","7.0","0.0","1.0","0.0","3.62","0.49","1.24","1.19","7.0","0.0"
"a100_midj.jpg","1.0","0.0","2.96","0.2","1.0","0.0","2.24","0.43","1.0","0.0","7.0","0.0","2.0","0.0","5.02","0.14","1.0","0.0","1.0","0.0","1.0","0.0","3.92","0.27","1.0","0.0","7.0","0.0","1.0","0.0","4.88","0.33","1.0","0.0","7.0","0.0"
"animal_carcass_5_midj_af.jpg","1.0","0.0","2.94","0.24","1.0","0.0","3.4","0.49","1.0","0.0","7.0","0.0","1.0","0.0","5.0","0.0","1.0","0.0","1.62","0.49","1.0","0.0","6.0","0.0","1.0","0.0","7.0","0.0","1.0","0.0","4.0","0.0","1.0","0.0","7.0","0.0"
"animal_carcass_5_midj_as.jpg","1.0","0.0","6.0","0.0","2.0","0.0","4.0","0.0","1.0","0.0","7.0","0.0","2.0","0.0","6.0","0.0","1.0","0.0","1.0","0.0","2.06","0.24","7.0","0.0","1.0","0.0","7.0","0.0","1.0","0.0","4.9","0.3","3.16","2.91","7.0","0.0"
"animal_carcass_5_midj_euna.jpg","1.0","0.0","3.0","0.0","1.0","0.0","2.0","0.0","1.0","0.0","7.0","0.0","2.0","0.0","5.0","0.0","1.0","0.0","1.0","0.0","1.0","0.0","6.0","0.0","1.0","0.0","7.0","0.0","1.0","0.0","4.34","0.48","1.84","2.1","7.0","0.0"
"animal_carcass_5_midj_sa.jpg","1.0","0.0","4.18","0.39","2.18","0.39","3.72","0.45","1.0","0.0","6.98","0.14","1.02","0.14","5.98","0.14","1.0","0.0","1.9","0.3","2.92","0.27","6.98","0.14","1.0","0.0","7.0","0.0","2.0","0.0","3.62","0.6","2.8","2.78","7.0","0.0"
"animalcarcass5_midj.jpg","1.0","0.0","3.0","0.0","1.0","0.0","2.0","0.0","1.0","0.0","7.0","0.0","2.0","0.0","5.0","0.0","1.0","0.0","1.0","0.0","1.0","0.0","6.0","0.0","1.0","0.0","7.0","0.0","1.0","0.0","4.34","0.48","2.44","2.59","7.0","0.0"
"cockroach1_midj.jpg","2.0","0.0","1.0","0.0","1.0","0.0","2.0","0.0","1.0","0.0","7.0","0.0","2.0","0.0","5.98","0.14","1.0","0.0","2.48","1.31","1.0","0.0","1.18","0.39","1.0","0.0","7.0","0.0","1.0","0.0","5.06","0.24","1.0","0.0","7.0","0.0"
"deadbodies3_midj.jpg","1.0","0.0","5.8","0.4","1.0","0.0","5.0","0.64","1.0","0.0","7.0","0.0","2.0","0.0","7.0","0.0","1.0","0.0","1.0","0.0","1.0","0.0","7.0","0.0","1.0","0.0","7.0","0.0","1.0","0.0","5.82","0.39","1.0","0.0","7.0","0.0"
"dr08.alunmcdonald_oxfam-ccbyncnd2.0_midj.jpg","1.0","0.0","5.0","0.0","1.0","0.0","2.34","0.48","1.0","0.0","7.0","0.0","1.0","0.0","4.52","0.5","1.0","0.0","1.86","0.35","1.0","0.0","6.0","0.0","1.0","0.0","7.0","0.0","1.0","0.0","4.02","0.14","1.84","2.1","7.0","0.0"
"dr32.padre_djacy_brasileiro-ccbyncnd2.0_midj.jpg","1.0","0.0","4.4","0.49","1.0","0.0","3.54","0.5","1.0","0.0","7.0","0.0","1.0","0.0","5.58","0.5","1.0","0.0","1.0","0.0","1.0","0.0","6.82","0.39","1.0","0.0","7.0","0.0","1.0","0.0","4.1","0.3","1.0","0.0","7.0","0.0"
"dr32_padre_djacy_brasileiro-ccbyncnd2_0_midj_af.jpg","1.0","0.0","4.22","0.42","1.0","0.0","3.62","0.49","1.0","0.0","7.0","0.0","1.0","0.0","5.26","0.44","1.0","0.0","1.0","0.0","1.0","0.0","6.9","0.3","1.0","0.0","7.0","0.0","1.0","0.0","4.0","0.29","2.92","2.83","",""
"dr32_padre_djacy_brasileiro-ccbyncnd2_0_midj_as.jpg","1.0","0.0","6.0","0.0","2.0","0.0","4.42","0.5","1.0","0.0","6.0","0.0","1.0","0.0","5.06","0.24","1.0","0.0","2.0","1.97","2.96","0.64","6.98","0.14","1.0","0.0","7.0","0.0","1.0","0.0","4.96","0.28","1.8","2.01","7.0","0.0"
"dr32_padre_djacy_brasileiro-ccbyncnd2_0_midj_euna.jpg","1.0","0.0","2.0","0.0","1.0","0.0","4.96","0.2","1.0","0.0","6.0","0.0","2.0","0.0","5.0","0.0","1.0","0.0","2.18","0.39","1.0","0.0","5.6","0.49","1.0","0.0","6.3","0.46","3.0","0.0","3.22","0.42","4.8","2.16","",""
"dr32_padre_djacy_brasileiro-ccbyncnd2_0_midj_sa.jpg","1.0","0.0","2.02","0.14","1.0","0.0","4.18","0.39","1.0","0.0","7.0","0.0","1.4","0.49","4.56","0.5","1.0","0.0","1.58","0.5","1.0","0.0","6.0","0.0","1.0","0.0","7.0","0.0","1.78","0.42","3.74","0.44","1.84","2.1","7.0","0.0"
"dr42.oxfam_international-ccbyncnd2.0_midj.jpg","1.0","0.0","4.4","0.49","1.0","0.0","3.58","0.5","1.0","0.0","7.0","0.0","1.0","0.0","5.34","0.56","1.0","0.0","1.12","0.33","2.0","0.0","7.0","0.0","1.0","0.0","7.0","0.0","1.0","0.0","4.86","0.5","1.12","0.85","7.0","0.0"
"h022_midj.jpg","1.0","0.0","3.12","0.33","1.0","0.0","4.3","0.46","1.0","0.0","7.0","0.0","2.0","0.0","7.0","0.0","1.0","0.0","1.0","0.0","1.0","0.0","7.0","0.0","1.0","0.0","7.0","0.0","1.0","0.0","5.38","0.49","1.0","0.0","7.0","0.0"
"maps325_midj.jpg","1.0","0.0","2.36","0.48","1.0","0.0","2.16","0.37","1.0","0.0","7.0","0.0","2.1","0.3","6.8","0.4","1.0","0.0","1.0","0.0","1.0","0.0","5.76","0.48","1.0","0.0","7.0","0.0","1.0","0.0","5.82","0.39","1.0","0.0","7.0","0.0"
"maps325_midj_af.jpg","1.0","0.0","4.68","0.47","1.0","0.0","3.62","0.49","1.0","0.0","7.0","0.0","2.0","0.0","7.0","0.0","1.0","0.0","1.0","0.0","1.0","0.0","6.2","0.4","1.0","0.0","7.0","0.0","1.0","0.0","5.92","0.27","1.0","0.0","7.0","0.0"
"maps325_midj_as.jpg","1.0","0.0","2.9","0.3","1.0","0.0","3.36","0.48","1.0","0.0","7.0","0.0","2.8","0.4","6.76","0.43","1.0","0.0","1.0","0.0","1.0","0.0","5.3","0.79","1.0","0.0","7.0","0.0","1.0","0.0","5.56","0.5","1.0","0.0","7.0","0.0"
"maps325_midj_euna.jpg","1.0","0.0","2.5","0.51","1.0","0.0","2.08","0.27","1.0","0.0","7.0","0.0","2.02","0.14","6.8","0.4","1.0","0.0","1.0","0.0","1.0","0.0","5.8","0.4","1.0","0.0","7.0","0.0","1.0","0.0","5.88","0.33","1.0","0.0","7.0","0.0"
"maps325_midj_sa.jpg","1.0","0.0","3.5","0.51","1.0","0.0","3.48","0.5","1.0","0.0","7.0","0.0","2.0","0.0","6.42","0.5","1.0","0.0","1.0","0.0","1.0","0.0","6.0","0.0","1.0","0.0","7.0","0.0","1.0","0.0","5.08","0.27","1.12","0.85","7.0","0.0"
"maps349_midj.jpg","1.0","0.0","2.02","0.14","1.0","0.0","2.38","0.49","1.0","0.0","7.0","0.0","2.0","0.0","7.0","0.0","1.0","0.0","1.0","0.0","1.0","0.0","4.6","0.49","1.0","0.0","7.0","0.0","1.0","0.0","5.92","0.27","1.0","0.0","7.0","0.0"
"neghighnonsoc_7_midj.jpg","1.0","0.0","2.02","0.14","1.0","0.0","4.0","0.0","1.0","0.0","7.0","0.0","2.0","0.0","6.0","0.0","1.0","0.0","1.0","0.0","1.0","0.0","4.28","0.45","1.0","0.0","7.0","0.0","1.0","0.0","5.42","0.5","1.0","0.0","7.0","0.0"
"neghighnonsoc_7_midj_af.jpg","1.0","0.0","3.26","0.75","1.0","0.0","4.2","0.4","1.0","0.0","7.0","0.0","2.24","0.43","6.0","0.0","1.0","0.0","1.0","0.0","1.0","0.0","4.2","0.4","1.0","0.0","7.0","0.0","1.0","0.0","5.88","0.33","1.0","0.0","7.0","0.0"
"neghighnonsoc_7_midj_as.jpg","1.0","0.0","2.0","0.0","1.0","0.0","4.8","0.4","1.0","0.0","7.0","0.0","3.24","0.43","6.0","0.0","1.0","0.0","1.0","0.0","1.0","0.0","3.34","0.48","1.0","0.0","7.0","0.0","1.0","0.0","5.78","0.42","1.0","0.0","7.0","0.0"
"neghighnonsoc_7_midj_euna.jpg","1.0","0.0","4.0","0.0","1.0","0.0","4.8","0.4","1.0","0.0","7.0","0.0","2.98","0.14","6.0","0.0","1.0","0.0","1.0","0.0","1.0","0.0","5.12","0.77","1.0","0.0","7.0","0.0","1.0","0.0","5.44","0.5","1.0","0.0","7.0","0.0"
"neghighnonsoc_7_midj_sa.jpg","1.0","0.0","2.0","0.0","1.0","0.0","5.8","0.4","1.0","0.0","7.0","0.0","3.56","0.5","6.0","0.0","1.0","0.0","1.0","0.0","1.0","0.0","2.98","0.32","1.0","0.0","7.0","0.0","1.0","0.0","5.12","0.33","1.0","0.0","7.0","0.0"
"neghighnonsoc_8_midj.jpg","1.0","0.0","4.52","0.5","1.0","0.0","3.22","0.42","1.0","0.0","7.0","0.0","2.0","0.0","6.0","0.0","1.0","0.0","1.0","0.0","1.0","0.0","6.0","0.0","1.0","0.0","7.0","0.0","1.0","0.0","5.1","0.3","1.0","0.0","7.0","0.0"
"people_198_h_midj.jpg","1.0","0.0","2.0","0.0","1.0","0.0","2.5","0.54","1.0","0.0","7.0","0.0","1.04","0.2","6.0","0.0","1.0","0.0","1.0","0.0","2.06","0.24","5.32","0.51","1.0","0.0","7.0","0.0","1.0","0.0","5.84","0.37","1.36","1.44","7.0","0.0"
"people_218_v_mid.jpg","1.0","0.0","2.0","0.0","1.0","0.0","2.42","0.5","1.0","0.0","7.0","0.0","2.0","0.0","6.72","0.45","1.0","0.0","1.0","0.0","1.26","0.44","4.9","0.65","1.0","0.0","7.0","0.0","1.0","0.0","5.5","0.51","1.0","0.0","7.0","0.0"
"people_364_v_mid.jpg","1.0","0.0","2.0","0.0","1.0","0.0","4.0","0.0","1.0","0.0","7.0","0.0","2.0","0.0","7.0","0.0","1.0","0.0","1.0","0.0","1.0","0.0","5.3","0.68","1.0","0.0","7.0","0.0","1.0","0.0","5.44","0.5","1.0","0.0","7.0","0.0"
"test_a.jpg","1.0","0.0","2.0","0.0","1.0","0.0","3.56","0.5","1.0","0.0","7.0","0.0","2.54","0.5","7.0","0.0","1.0","0.0","1.0","0.0","1.0","0.0","4.0","0.0","1.0","0.0","7.0","0.0","1.0","0.0","5.96","0.2","1.0","0.0","7.0","0.0"
"8465_midj.jpg","2.6","0.49","1.0","0.0","1.0","0.0","4.88","0.33","1.16","0.37","1.0","0.0","6.0","0.0","1.48","0.5","6.0","0.0","2.0","0.0","1.0","0.0","1.0","0.0","6.06","0.24","1.0","0.0","3.8","0.4","6.0","0.0","1.46","0.5","",""
"8540_midj.jpg","2.06","0.24","1.0","0.0","5.8","0.4","4.0","0.0","1.0","0.0","1.0","0.0","6.0","0.0","1.0","0.0","7.0","0.0","1.0","0.0","2.02","0.14","1.0","0.0","7.0","0.0","1.0","0.0","3.0","0.0","5.0","0.0","5.0","2.02","1.0","0.0"
"8540_midj_af.jpg","2.62","0.49","1.0","0.0","6.0","0.0","3.36","0.48","1.0","0.0","1.0","0.0","6.0","0.0","1.0","0.0","7.0","0.0","1.62","0.49","2.44","0.5","1.0","0.0","7.0","0.0","1.0","0.0","2.96","0.2","4.88","0.33","3.18","2.44","",""
"8540_midj_as.jpg","2.68","0.47","1.0","0.0","3.98","0.14","3.82","0.39","1.0","0.0","1.0","0.0","6.0","0.0","1.0","0.0","7.0","0.0","1.0","0.0","2.0","0.0","1.0","0.0","7.0","0.0","1.0","0.0","2.0","0.0","5.86","0.35","1.0","0.0","",""
"8540_midj_euna.jpg","2.02","0.14","1.0","0.0","5.8","0.4","4.0","0.0","1.0","0.0","1.0","0.0","6.0","0.0","1.0","0.0","7.0","0.0","1.0","0.0","2.04","0.2","1.0","0.0","7.0","0.0","1.0","0.0","3.0","0.0","5.0","0.0","5.0","2.02","1.0","0.0"
"8540_midj_sa.jpg","2.0","0.0","1.0","0.0","4.0","0.0","3.98","0.14","1.0","0.0","1.0","0.0","5.24","0.43","1.0","0.0","6.2","0.4","2.0","0.0","2.0","0.0","1.0","0.0","6.94","0.24","1.0","0.0","3.0","0.0","4.24","0.43","1.16","0.37","",""
"excitement_new_10.jpg","4.0","0.0","1.0","0.0","1.0","0.0","6.0","0.0","1.8","0.4","1.0","0.0","7.0","0.0","3.8","0.4","5.86","0.35","1.96","0.2","1.0","0.0","1.0","0.0","6.0","0.0","1.0","0.0","2.0","0.0","7.0","0.0","2.4","0.49","",""
"excitement_new_11.jpg","2.0","0.0","1.0","0.0","1.0","0.0","3.86","0.35","1.0","0.0","1.0","0.0","7.0","0.0","1.0","0.0","7.0","0.0","1.0","0.0","1.0","0.0","1.0","0.0","7.0","0.0","1.0","0.0","1.0","0.0","7.0","0.0","2.0","1.63","",""
"excitement_new_12.jpg","3.0","0.0","1.0","0.0","1.0","0.0","6.9","0.3","1.0","0.0","1.0","0.0","7.0","0.0","6.0","0.0","5.84","0.37","1.0","0.0","1.0","0.0","1.0","0.0","6.0","0.0","2.0","0.0","1.0","0.0","7.0","0.0","5.12","0.52","",""
"excitement_new_13_midj_af.jpg","2.0","0.0","1.0","0.0","2.0","0.0","6.98","0.14","1.0","0.0","1.0","0.0","7.0","0.0","6.0","0.0","3.62","0.49","1.0","0.0","1.0","0.0","1.0","0.0","4.62","0.49","2.0","0.0","1.0","0.0","7.0","0.0","3.86","0.53","4.94","0.24"
"excitement_new_13_midj_as.jpg","2.0","0.0","1.0","0.0","2.0","0.0","6.26","0.44","1.0","0.0","1.0","0.0","7.0","0.0","5.32","0.47","5.2","0.4","1.24","0.43","1.0","0.0","1.0","0.0","6.0","0.0","2.0","0.0","1.1","0.3","7.0","0.0","3.94","0.24","",""
"excitement_new_13_midj_euna.jpg","1.1","0.3","1.0","0.0","1.0","0.0","6.0","0.0","1.0","0.0","1.0","0.0","7.0","0.0","6.0","0.0","3.0","0.0","1.0","0.0","1.0","0.0","1.0","0.0","4.78","0.42","2.1","0.3","1.0","0.0","7.0","0.0","4.58","0.73","5.36","0.61"
"excitement_new_13_midj_sa.jpg","2.0","0.0","1.0","0.0","2.0","0.0","6.0","0.0","1.0","0.0","1.0","0.0","7.0","0.0","5.02","0.14","4.76","0.43","1.4","0.49","1.0","0.0","1.0","0.0","5.88","0.33","2.0","0.0","1.0","0.0","7.0","0.0","4.0","0.0","",""
"excitement_new_14.jpg","2.0","0.0","1.0","0.0","3.4","0.49","5.8","0.4","1.8","0.4","1.0","0.0","7.0","0.0","1.0","0.0","7.0","0.0","1.0","0.0","1.58","0.5","1.0","0.0","7.0","0.0","1.0","0.0","1.0","0.0","7.0","0.0","4.2","2.74","1.0","0.0"
"excitement_new_15.jpg","2.0","0.0","1.0","0.0","2.0","0.0","4.32","0.47","1.0","0.0","1.0","0.0","7.0","0.0","1.0","0.0","7.0","0.0","1.0","0.0","1.0","0.0","1.0","0.0","7.0","0.0","1.0","0.0","1.0","0.0","7.0","0.0","1.14","0.35","",""
"excitement_new_16.jpg","2.0","0.0","1.0","0.0","1.14","0.35","7.0","0.0","1.0","0.0","1.0","0.0","7.0","0.0","3.2","0.4","6.0","0.0","1.38","0.49","1.0","0.0","1.0","0.0","6.38","0.49","1.0","0.0","2.0","0.0","7.0","0.0","2.64","0.56","",""
"excitement_new_17.jpg","2.0","0.0","1.0","0.0","3.6","0.49","5.8","0.4","1.0","0.0","1.0","0.0","7.0","0.0","1.0","0.0","7.0","0.0","1.0","0.0","1.54","0.5","1.0","0.0","7.0","0.0","1.0","0.0","1.0","0.0","7.0","0.0","2.78","2.22","",""
"excitement_new_17_midj_af.jpg","2.12","0.33","1.0","0.0","3.94","0.24","4.72","0.45","1.0","0.0","1.0","0.0","7.0","0.0","1.0","0.0","7.0","0.0","1.0","0.0","1.94","0.24","1.0","0.0","7.0","0.0","1.0","0.0","1.0","0.0","7.0","0.0","1.68","1.36","",""
"excitement_new_17_midj_as.jpg","2.8","0.4","1.0","0.0","2.0","0.0","6.0","0.0","1.0","0.0","1.0","0.0","7.0","0.0","1.0","0.0","7.0","0.0","1.0","0.0","1.0","0.0","1.0","0.0","7.0","0.0","1.0","0.0","2.0","0.0","7.0","0.0","3.52","2.3","",""
"excitement_new_17_midj_euna.jpg","2.0","0.0","1.0","0.0","3.58","0.5","5.8","0.4","1.0","0.0","1.0","0.0","7.0","0.0","1.0","0.0","7.0","0.0","1.0","0.0","1.54","0.5","1.0","0.0","7.0","0.0","1.0","0.0","1.0","0.0","7.0","0.0","2.78","2.31","",""
"excitement_new_17_midj_sa.jpg","6.0","0.0","1.0","0.0","3.0","0.0","4.0","0.0","1.1","0.3","1.0","0.0","7.0","0.0","1.0","0.0","7.0","0.0","1.0","0.0","1.46","0.5","1.0","0.0","7.0","0.0","1.0","0.0","2.0","0.0","6.92","0.27","1.18","0.75","",""
"excitement_new_19.jpg","2.0","0.0","1.0","0.0","1.0","0.0","6.0","0.0","1.0","0.0","1.0","0.0","7.0","0.0","5.68","0.47","4.14","0.35","1.0","0.0","1.0","0.0","1.0","0.0","4.24","0.43","2.0","0.0","1.0","0.0","7.0","0.0","4.2","0.4","4.36","0.56"
"excitement_new_2.jpg","4.4","0.49","1.0","0.0","1.0","0.0","4.9","0.3","1.0","0.0","1.0","0.0","7.0","0.0","2.98","0.14","6.0","0.0","1.86","0.35","1.0","0.0","1.0","0.0","6.26","0.44","1.0","0.0","1.9","0.3","7.0","0.0","2.02","0.14","",""
"excitement_new_20.jpg","2.86","0.35","1.0","0.0","1.0","0.0","6.0","0.0","2.14","0.35","1.0","0.0","7.0","0.0","4.0","0.0","6.0","0.0","1.78","0.42","1.0","0.0","1.0","0.0","6.56","0.5","1.28","0.45","2.0","0.0","7.0","0.0","3.22","0.51","",""
"excitement_new_21.jpg","2.94","0.24","1.0","0.0","1.0","0.0","4.44","0.5","1.0","0.0","1.0","0.0","7.0","0.0","3.88","0.33","4.94","0.24","2.0","0.0","1.0","0.0","1.0","0.0","5.76","0.43","1.84","0.37","1.18","0.39","6.86","0.35","3.76","0.56","",""
"excitement_new_22.jpg","5.98","0.14","1.0","0.0","1.0","0.0","2.42","0.5","1.0","0.0","2.66","0.48","7.0","0.0","2.0","0.0","7.0","0.0","1.0","0.0","1.0","0.0","1.0","0.0","7.0","0.0","2.0","0.0","1.0","0.0","7.0","0.0","2.42","0.99","",""
"excitement_new_22_midj_af.jpg","4.04","0.2","1.0","0.0","5.74","0.44","3.96","0.2","1.0","0.0","1.0","0.0","7.0","0.0","1.0","0.0","7.0","0.0","1.0","0.0","2.18","0.39","1.0","0.0","7.0","0.0","1.0","0.0","2.0","0.0","7.0","0.0","1.34","0.48","",""
"excitement_new_22_midj_as.jpg","4.06","0.24","1.0","0.0","2.0","0.0","3.1","0.3","1.2","0.4","1.0","0.0","6.0","0.0","1.0","0.0","7.0","0.0","1.28","0.45","1.0","0.0","1.0","0.0","7.0","0.0","1.0","0.0","2.0","0.0","6.0","0.0","3.64","2.04","",""
"excitement_new_22_midj_euna.jpg","5.88","0.33","1.0","0.0","1.0","0.0","2.48","0.54","1.0","0.0","2.72","0.45","7.0","0.0","2.0","0.0","7.0","0.0","1.0","0.0","1.0","0.0","1.0","0.0","7.0","0.0","2.0","0.0","1.0","0.0","7.0","0.0","2.12","0.33","",""
"excitement_new_22_midj_sa.jpg","5.22","0.42","1.0","0.0","3.0","0.0","2.26","0.44","1.0","0.0","1.0","0.0","7.0","0.0","1.0","0.0","7.0","0.0","1.0","0.0","1.0","0.0","1.0","0.0","7.0","0.0","1.0","0.0","2.0","0.0","7.0","0.0","1.44","0.81","",""
"excitement_new_4.jpg","2.08","0.27","1.0","0.0","1.0","0.0","6.0","0.0","1.64","0.48","1.0","0.0","7.0","0.0","5.18","0.39","5.64","0.48","1.0","0.0","1.0","0.0","1.0","0.0","6.0","0.0","2.0","0.0","1.0","0.0","7.0","0.0","3.5","0.65","3.64","0.64"
"excitement_new_5.jpg","6.0","0.0","1.0","0.0","1.0","0.0","6.5","0.51","1.0","0.0","1.0","0.0","7.0","0.0","5.58","0.5","7.0","0.0","1.0","0.0","1.0","0.0","1.0","0.0","7.0","0.0","1.0","0.0","1.0","0.0","7.0","0.0","3.84","0.37","",""
"excitement_new_5_midj_af.jpg","6.92","0.27","1.0","0.0","2.0","0.0","6.04","0.2","1.0","0.0","1.0","0.0","7.0","0.0","3.94","0.24","7.0","0.0","1.0","0.0","1.0","0.0","1.0","0.0","7.0","0.0","1.0","0.0","1.24","0.43","7.0","0.0","2.48","0.71","",""
"excitement_new_5_midj_as.jpg","6.0","0.0","1.0","0.0","2.0","0.0","6.98","0.14","1.0","0.0","1.0","0.0","7.0","0.0","4.8","0.4","7.0","0.0","1.0","0.0","1.0","0.0","1.0","0.0","7.0","0.0","1.0","0.0","1.34","0.48","7.0","0.0","3.28","0.88","",""
"excitement_new_5_midj_euna.jpg","6.0","0.0","1.0","0.0","1.0","0.0","6.08","0.27","1.0","0.0","1.0","0.0","7.0","0.0","5.0","0.0","7.0","0.0","1.0","0.0","1.0","0.0","1.0","0.0","7.0","0.0","1.0","0.0","1.0","0.0","7.0","0.0","3.28","0.45","",""
"excitement_new_5_midj_sa.jpg","4.52","0.61","1.0","0.0","2.06","0.24","6.1","0.3","1.4","0.49","1.0","0.0","7.0","0.0","3.06","0.24","7.0","0.0","1.02","0.14","1.0","0.0","1.0","0.0","7.0","0.0","1.0","0.0","2.16","0.37","6.78","0.42","2.06","1.08","",""
"excitement_new_6.jpg","2.0","0.0","1.0","0.0","1.0","0.0","2.0","0.0","1.0","0.0","1.0","0.0","6.0","0.0","2.0","0.0","3.98","0.14","2.0","0.0","1.0","0.0","1.0","0.0","5.02","0.14","1.0","0.0","1.52","0.5","6.0","0.0","1.6","0.49","",""
"excitement_new_7.jpg","2.0","0.0","2.94","0.24","1.0","0.0","3.24","0.43","1.0","0.0","1.0","0.0","6.0","0.0","4.0","0.0","2.98","0.14","2.0","0.0","1.0","0.0","1.0","0.0","4.0","0.0","2.0","0.0","1.84","0.37","6.0","0.0","3.1","0.3","3.0","0.0"
"excitement_new_8.jpg","2.0","0.0","1.0","0.0","1.0","0.0","6.0","0.0","1.0","0.0","1.0","0.0","6.0","0.0","2.0","0.0","5.0","0.0","2.0","0.0","1.0","0.0","1.0","0.0","6.0","0.0","1.0","0.0","2.0","0.0","6.0","0.0","1.8","0.4","",""
"excitement_new_9.jpg","2.7","0.46","1.0","0.0","1.0","0.0","6.0","0.0","1.0","0.0","1.0","0.0","7.0","0.0","6.0","0.0","5.0","0.0","1.0","0.0","1.0","0.0","1.0","0.0","6.0","0.0","2.0","0.0","1.0","0.0","7.0","0.0","4.32","0.62","4.8","0.4"
"1120_midj.jpg","1.0","0.0","1.2","0.4","1.0","0.0","5.7","0.46","1.0","0.0","6.0","0.0","5.4","0.49","7.0","0.0","1.0","0.0","1.0","0.0","1.0","0.0","1.04","0.2","1.0","0.0","7.0","0.0","1.0","0.0","6.98","0.14","1.0","0.0","7.0","0.0"
"1930_midj.jpg","1.0","0.0","1.0","0.0","1.0","0.0","6.0","0.0","1.0","0.0","4.98","0.32","5.98","0.14","7.0","0.0","1.0","0.0","1.0","0.0","1.0","0.0","1.0","0.0","1.0","0.0","7.0","0.0","1.0","0.0","7.0","0.0","1.0","0.0","7.0","0.0"
"2770_midj.jpg","2.0","0.0","1.22","0.42","1.0","0.0","4.84","0.37","1.0","0.0","5.36","0.48","3.84","0.37","5.86","0.35","1.0","0.0","1.74","0.44","1.0","0.0","1.36","0.48","1.2","0.4","5.86","0.35","1.0","0.0","4.86","0.35","1.0","0.0","6.28","0.45"
"2811_midj.jpg","1.0","0.0","5.2","0.4","1.0","0.0","2.0","0.0","1.0","0.0","3.92","0.7","4.62","0.49","7.0","0.0","1.0","0.0","1.0","0.0","1.0","0.0","2.44","0.5","1.0","0.0","7.0","0.0","1.0","0.0","6.5","0.51","1.0","0.0","7.0","0.0"
"6250.1_midj.jpg","1.0","0.0","6.0","0.0","1.0","0.0","2.0","0.0","1.0","0.0","3.18","0.44","4.78","0.42","7.0","0.0","1.0","0.0","1.0","0.0","1.0","0.0","2.02","0.14","1.0","0.0","7.0","0.0","1.0","0.0","6.32","0.47","1.0","0.0","7.0","0.0"
"6250.1_midj_af.jpg","1.0","0.0","6.0","0.0","1.0","0.0","2.38","0.49","1.0","0.0","4.66","0.52","4.78","0.51","7.0","0.0","1.0","0.0","1.0","0.0","1.0","0.0","3.44","0.5","1.0","0.0","7.0","0.0","1.0","0.0","6.76","0.43","1.12","0.85","7.0","0.0"
"6250.1_midj_as.jpg","1.0","0.0","5.26","0.44","1.0","0.0","2.16","0.37","1.0","0.0","3.0","0.0","5.1","0.46","7.0","0.0","1.0","0.0","1.0","0.0","1.0","0.0","2.68","0.47","1.0","0.0","7.0","0.0","1.0","0.0","6.8","0.4","1.0","0.0","7.0","0.0"
"6250.1_midj_euna.jpg","1.0","0.0","5.36","0.48","1.0","0.0","2.14","0.35","1.0","0.0","3.96","0.64","4.92","0.4","7.0","0.0","1.0","0.0","1.0","0.0","1.0","0.0","3.06","0.24","1.0","0.0","7.0","0.0","1.0","0.0","6.3","0.46","1.0","0.0","7.0","0.0"
"6250.1_midj_sa.jpg","1.0","0.0","6.0","0.0","1.0","0.0","2.0","0.0","1.0","0.0","3.16","0.37","4.94","0.24","7.0","0.0","1.0","0.0","1.0","0.0","1.0","0.0","2.0","0.0","1.0","0.0","7.0","0.0","1.0","0.0","6.2","0.4","1.0","0.0","7.0","0.0"
"6370_midj.jpg","1.0","0.0","3.52","0.54","1.0","0.0","2.8","0.4","1.0","0.0","2.78","0.51","2.98","0.14","6.1","0.3","1.0","0.0","1.96","0.2","1.0","0.0","2.0","0.0","1.0","0.0","5.98","0.14","1.0","0.0","5.06","0.24","1.0","0.0","6.98","0.14"
"6370_midj_af.jpg","1.0","0.0","5.52","0.5","1.0","0.0","4.0","0.0","1.0","0.0","3.0","0.0","4.22","0.42","6.0","0.0","1.0","0.0","1.02","0.14","1.0","0.0","2.0","0.0","1.0","0.0","5.18","0.39","1.0","0.0","5.88","0.33","5.04","1.73","",""
"6370_midj_as.jpg","1.0","0.0","6.0","0.0","1.0","0.0","3.28","0.45","1.0","0.0","2.0","0.0","4.8","0.4","5.9","0.3","1.0","0.0","1.52","0.5","1.0","0.0","1.4","0.49","1.0","0.0","5.24","0.48","1.0","0.0","5.98","0.14","2.16","0.79","6.0","0.0"
"6370_midj_euna.jpg","1.0","0.0","6.32","0.47","1.0","0.0","2.0","0.0","1.0","0.0","2.82","0.39","4.46","0.5","6.4","0.49","1.0","0.0","1.0","0.0","1.0","0.0","2.0","0.0","1.0","0.0","6.24","0.43","1.0","0.0","6.04","0.2","1.08","0.27","7.0","0.0"
"6370_midj_sa.jpg","1.0","0.0","6.0","0.0","1.0","0.0","2.1","0.3","1.0","0.0","2.2","0.4","4.16","0.37","6.0","0.0","1.0","0.0","1.82","0.39","1.0","0.0","2.0","0.0","1.0","0.0","5.4","0.49","1.0","0.0","5.82","0.39","4.24","2.01","",""
"a002_midj.jpg","2.0","0.0","2.0","0.0","1.0","0.0","2.06","0.24","1.0","0.0","7.0","0.0","3.5","0.51","5.6","0.49","1.0","0.0","1.38","0.49","1.0","0.0","1.68","0.47","1.0","0.0","6.78","0.42","1.0","0.0","5.28","0.45","1.0","0.0","7.0","0.0"
"animals_076_v_midj.jpg","1.0","0.0","6.0","0.0","1.0","0.0","3.28","0.45","1.0","0.0","5.0","0.0","5.28","0.45","7.0","0.0","1.0","0.0","1.0","0.0","1.0","0.0","2.0","0.0","1.0","0.0","7.0","0.0","1.0","0.0","6.98","0.14","1.0","0.0","7.0","0.0"
"animals_076_v_midj_af.jpg","1.0","0.0","6.16","0.37","1.0","0.0","6.0","0.0","1.0","0.0","2.4","0.49","6.0","0.0","7.0","0.0","1.0","0.0","1.0","0.0","1.0","0.0","1.0","0.0","1.0","0.0","6.42","0.5","1.0","0.0","7.0","0.0","1.0","0.0","7.0","0.0"
"animals_076_v_midj_as.jpg","1.0","0.0","6.0","0.0","1.0","0.0","6.0","0.0","1.0","0.0","2.38","0.49","6.0","0.0","7.0","0.0","1.0","0.0","1.0","0.0","1.0","0.0","1.0","0.0","1.0","0.0","7.0","0.0","1.0","0.0","7.0","0.0","1.0","0.0","7.0","0.0"
"animals_076_v_midj_euna.jpg","1.0","0.0","5.96","0.2","1.0","0.0","3.28","0.45","1.0","0.0","5.0","0.0","5.3","0.46","7.0","0.0","1.0","0.0","1.0","0.0","1.0","0.0","2.0","0.0","1.0","0.0","6.98","0.14","1.0","0.0","6.98","0.14","1.0","0.0","7.0","0.0"
"animals_076_v_midj_sa.jpg","2.0","0.0","5.84","0.37","1.0","0.0","4.6","0.49","1.0","0.0","2.0","0.0","5.92","0.27","6.84","0.37","1.0","0.0","1.0","0.0","1.0","0.0","1.0","0.0","1.0","0.0","5.92","0.27","1.0","0.0","6.9","0.3","1.0","0.0","7.0","0.0"
"fear_new_1.jpg","1.0","0.0","2.0","0.0","1.0","0.0","2.0","0.0","1.0","0.0","5.54","0.5","4.82","0.39","7.0","0.0","1.0","0.0","1.0","0.0","1.0","0.0","3.36","0.48","1.0","0.0","7.0","0.0","1.0","0.0","6.5","0.51","1.0","0.0","7.0","0.0"
"fear_new_2.jpg","1.88","0.33","2.0","0.0","1.0","0.0","4.0","0.0","1.0","0.0","7.0","0.0","5.4","0.49","7.0","0.0","1.0","0.0","1.0","0.0","1.0","0.0","2.84","0.37","1.0","0.0","7.0","0.0","1.0","0.0","6.44","0.5","1.0","0.0","7.0","0.0"
"fear_new_3.jpg","1.0","0.0","1.0","0.0","1.0","0.0","5.3","0.46","1.0","0.0","4.44","0.5","3.74","0.44","7.0","0.0","1.0","0.0","2.0","0.0","1.0","0.0","3.0","0.0","1.0","0.0","6.0","0.0","1.0","0.0","5.02","0.14","1.0","0.0","7.0","0.0"
"fear_new_4.jpg","1.0","0.0","1.0","0.0","1.0","0.0","5.42","0.5","1.0","0.0","6.0","0.0","4.24","0.43","7.0","0.0","1.0","0.0","1.0","0.0","1.0","0.0","3.0","0.0","1.0","0.0","7.0","0.0","1.0","0.0","6.0","0.0","1.0","0.0","7.0","0.0"
"fear_new_5.jpg","1.0","0.0","2.0","0.0","1.0","0.0","3.56","0.5","1.0","0.0","3.6","0.49","4.34","0.52","7.0","0.0","1.0","0.0","1.0","0.0","1.0","0.0","3.0","0.0","1.0","0.0","6.68","0.47","1.0","0.0","6.16","0.37","1.0","0.0","7.0","0.0"
"fear_new_5_midj_af.jpg","1.0","0.0","1.74","0.44","2.0","0.0","5.12","0.44","1.0","0.0","2.0","0.0","3.44","0.5","5.96","0.2","1.24","0.43","2.32","0.47","1.96","0.2","2.98","0.14","1.96","0.2","4.0","0.0","1.62","0.49","5.16","0.37","2.24","0.96","5.68","0.47"
"fear_new_5_midj_as.jpg","1.0","0.0","2.56","0.5","1.82","0.39","3.96","0.2","1.0","0.0","2.38","0.49","4.4","0.49","5.5","0.51","1.14","0.35","2.0","0.0","1.0","0.0","2.0","0.0","1.16","0.37","3.76","0.43","1.58","0.5","5.5","0.51","2.08","0.57","5.49","0.51"
"fear_new_5_midj_euna.jpg","1.0","0.0","2.36","0.48","1.0","0.0","3.32","0.55","1.0","0.0","2.38","0.49","3.94","0.24","7.0","0.0","1.0","0.0","1.0","0.0","1.0","0.0","2.5","0.51","1.0","0.0","6.12","0.33","1.0","0.0","6.0","0.0","1.02","0.14","7.0","0.0"
"fear_new_5_midj_sa.jpg","1.0","0.0","3.2","0.4","2.0","0.0","5.98","0.14","1.0","0.0","2.96","0.2","4.2","0.4","6.0","0.0","1.0","0.0","2.0","0.0","1.76","0.43","2.98","0.14","1.54","0.5","4.9","0.3","1.0","0.0","6.0","0.0","2.4","1.21","6.0","0.0"
"fear_new_6.jpg","1.0","0.0","2.0","0.0","1.0","0.0","4.94","0.24","1.0","0.0","5.98","0.14","4.22","0.42","7.0","0.0","1.0","0.0","1.0","0.0","1.0","0.0","3.86","0.35","1.0","0.0","7.0","0.0","1.0","0.0","6.0","0.0","1.0","0.0","7.0","0.0"
"fear_new_7.jpg","1.0","0.0","2.0","0.0","1.0","0.0","3.56","0.5","1.0","0.0","6.0","0.0","3.98","0.51","7.0","0.0","1.0","0.0","1.0","0.0","1.0","0.0","4.48","0.5","1.0","0.0","7.0","0.0","1.0","0.0","6.72","0.45","1.0","0.0","7.0","0.0"
"fear_new_8.jpg","1.0","0.0","5.32","0.47","1.0","0.0","3.0","0.0","1.0","0.0","4.46","0.5","5.4","0.49","7.0","0.0","1.0","0.0","1.0","0.0","1.0","0.0","3.1","0.3","1.0","0.0","7.0","0.0","1.0","0.0","6.66","0.48","1.0","0.0","7.0","0.0"
"fear_new_9.jpg","1.0","0.0","2.0","0.0","1.0","0.0","6.0","0.0","1.0","0.0","2.9","0.3","5.0","0.0","7.0","0.0","1.0","0.0","1.0","0.0","1.0","0.0","2.0","0.0","1.0","0.0","7.0","0.0","1.0","0.0","6.0","0.0","1.0","0.0","7.0","0.0"
"neghighsoc_24_midj.jpg","1.0","0.0","6.0","0.0","1.0","0.0","4.0","0.0","1.0","0.0","6.68","0.47","5.1","0.36","7.0","0.0","1.0","0.0","1.0","0.0","1.0","0.0","6.0","0.0","1.0","0.0","7.0","0.0","1.0","0.0","6.08","0.27","1.0","0.0","7.0","0.0"
"spider_052_midj.jpg","1.82","0.39","1.0","0.0","1.0","0.0","4.8","0.4","1.0","0.0","6.0","0.0","3.98","0.14","7.0","0.0","1.0","0.0","1.06","0.24","1.0","0.0","1.0","0.0","1.0","0.0","6.94","0.24","1.0","0.0","6.0","0.0","1.0","0.0","7.0","0.0"
"spider_069_midj.jpg","1.0","0.0","1.0","0.0","1.0","0.0","4.2","0.4","1.0","0.0","6.48","0.5","3.94","0.24","7.0","0.0","1.0","0.0","1.08","0.27","1.0","0.0","1.0","0.0","1.0","0.0","7.0","0.0","1.0","0.0","5.96","0.2","1.0","0.0","7.0","0.0"
"spider_069_midj_af.jpg","1.0","0.0","1.0","0.0","1.0","0.0","4.0","0.0","1.0","0.0","6.22","0.42","3.86","0.35","7.0","0.0","1.0","0.0","1.24","0.43","1.0","0.0","1.0","0.0","1.0","0.0","7.0","0.0","1.0","0.0","6.0","0.0","1.0","0.0","7.0","0.0"
"spider_069_midj_as.jpg","1.96","0.2","1.0","0.0","1.0","0.0","4.0","0.0","1.0","0.0","6.0","0.0","3.92","0.27","7.0","0.0","1.0","0.0","1.76","0.43","1.0","0.0","1.0","0.0","1.0","0.0","7.0","0.0","1.0","0.0","5.84","0.37","1.0","0.0","7.0","0.0"
"spider_069_midj_euna.jpg","1.32","0.47","1.0","0.0","1.0","0.0","4.72","0.45","1.0","0.0","6.2","0.4","3.78","0.42","7.0","0.0","1.0","0.0","1.14","0.35","1.0","0.0","1.0","0.0","1.0","0.0","7.0","0.0","1.0","0.0","6.0","0.0","1.0","0.0","7.0","0.0"
"spider_069_midj_sa.jpg","1.0","0.0","1.0","0.0","1.0","0.0","4.18","0.39","1.0","0.0","6.44","0.5","3.92","0.27","7.0","0.0","1.0","0.0","1.04","0.2","1.0","0.0","1.0","0.0","1.0","0.0","7.0","0.0","1.0","0.0","5.98","0.14","1.0","0.0","7.0","0.0"
"2347_midj.jpg","7.0","0.0","1.0","0.0","5.4","0.49","2.0","0.0","1.0","0.0","1.0","0.0","5.94","0.24","1.0","0.0","7.0","0.0","1.0","0.0","3.42","0.5","1.0","0.0","7.0","0.0","1.0","0.0","2.76","0.43","5.76","0.48","1.0","0.0","",""
"8461_midj.jpg","7.0","0.0","1.0","0.0","6.0","0.0","2.0","0.0","1.0","0.0","1.0","0.0","6.0","0.0","1.0","0.0","7.0","0.0","1.0","0.0","2.0","0.0","1.0","0.0","7.0","0.0","1.0","0.0","3.0","0.0","5.74","0.44","1.9","1.94","",""
"amusement_new_1.jpg","7.0","0.0","1.0","0.0","6.0","0.0","2.24","0.43","1.0","0.0","1.0","0.0","7.0","0.0","1.0","0.0","7.0","0.0","1.0","0.0","2.0","0.0","1.0","0.0","7.0","0.0","1.0","0.0","1.0","0.0","7.0","0.0","1.0","0.0","",""
"amusement_new_2.jpg","7.0","0.0","1.0","0.0","7.0","0.0","2.0","0.0","2.38","0.49","1.0","0.0","4.86","0.35","1.0","0.0","7.0","0.0","1.0","0.0","4.9","0.71","1.0","0.0","7.0","0.0","1.0","0.0","4.2","0.45","4.22","0.42","5.18","2.0","1.0","0.0"
"amusement_new_2_midj_af.jpg","5.76","0.43","1.0","0.0","7.0","0.0","2.6","0.49","4.86","0.35","1.0","0.0","3.48","0.5","1.0","0.0","7.0","0.0","1.44","0.5","6.04","0.2","1.0","0.0","7.0","0.0","1.0","0.0","5.66","0.48","2.5","0.51","5.9","0.71","1.0","0.0"
"amusement_new_2_midj_as.jpg","6.0","0.0","1.0","0.0","7.0","0.0","2.3","0.46","5.0","0.0","1.0","0.0","3.62","0.49","1.0","0.0","7.0","0.0","1.94","0.24","4.54","0.65","1.0","0.0","7.0","0.0","1.0","0.0","5.4","0.49","3.0","0.0","4.5","2.31","1.0","0.0"
"amusement_new_2_midj_euna.jpg","7.0","0.0","1.0","0.0","7.0","0.0","2.0","0.0","2.38","0.49","1.0","0.0","4.82","0.39","1.0","0.0","7.0","0.0","1.0","0.0","4.9","0.74","1.0","0.0","7.0","0.0","1.0","0.0","4.16","0.37","4.28","0.5","5.02","2.18","",""
"amusement_new_2_midj_sa.jpg","3.0","0.0","1.0","0.0","7.0","0.0","2.0","0.0","5.12","0.33","1.0","0.0","3.56","0.5","1.0","0.0","7.0","0.0","1.84","0.37","6.28","0.45","1.0","0.0","7.0","0.0","1.0","0.0","5.72","0.45","2.62","0.49","4.7","2.22","1.0","0.0"
"amusement_new_5.jpg","7.0","0.0","1.0","0.0","6.0","0.0","1.66","0.48","2.0","0.0","1.0","0.0","5.46","0.5","1.0","0.0","7.0","0.0","1.0","0.0","2.12","0.33","1.0","0.0","7.0","0.0","1.0","0.0","3.74","0.44","5.06","0.24","5.48","1.87","1.0","0.0"
"amusement_new_6.jpg","6.98","0.14","1.0","0.0","6.0","0.0","3.0","0.0","1.7","0.46","1.0","0.0","5.18","0.39","1.0","0.0","7.0","0.0","1.82","0.39","2.72","0.45","1.0","0.0","7.0","0.0","1.0","0.0","4.98","0.47","4.3","0.46","4.1","2.45","1.0","0.0"
"amusement_new_7.jpg","7.0","0.0","1.0","0.0","6.0","0.0","2.0","0.0","1.0","0.0","1.0","0.0","4.6","0.49","1.0","0.0","7.0","0.0","1.0","0.0","2.5","0.51","1.0","0.0","7.0","0.0","1.0","0.0","2.86","0.5","4.64","0.48","1.6","1.64","",""
"amusement_new_8.jpg","7.0","0.0","1.0","0.0","3.8","0.4","1.08","0.27","1.0","0.0","1.0","0.0","6.0","0.0","1.0","0.0","7.0","0.0","1.0","0.0","2.0","0.0","1.0","0.0","7.0","0.0","1.0","0.0","2.0","0.0","6.0","0.0","1.68","1.63","",""
"joy_new_10.jpg","4.88","0.33","1.0","0.0","7.0","0.0","2.2","0.4","3.1","0.42","1.0","0.0","5.92","0.27","1.0","0.0","7.0","0.0","1.0","0.0","2.92","0.27","1.0","0.0","7.0","0.0","1.0","0.0","4.0","0.0","4.92","0.27","5.38","2.26","",""
"joy_new_10_midj_af.jpg","5.16","0.37","1.0","0.0","7.0","0.0","2.0","0.0","1.08","0.27","1.0","0.0","3.86","0.35","1.0","0.0","7.0","0.0","1.92","0.27","3.0","0.2","1.0","0.0","7.0","0.0","1.0","0.0","5.2","0.4","3.56","0.5","5.5","2.31","1.0","0.0"
"joy_new_10_midj_as.jpg","5.6","0.49","1.0","0.0","7.0","0.0","2.0","0.0","2.76","0.43","1.0","0.0","4.12","0.33","1.0","0.0","7.0","0.0","2.0","0.0","2.96","0.28","1.0","0.0","7.0","0.0","1.0","0.0","5.02","0.14","3.78","0.42","2.8","2.42","",""
"joy_new_10_midj_euna.jpg","4.94","0.24","1.0","0.0","7.0","0.0","2.2","0.4","3.16","0.42","1.0","0.0","5.96","0.2","1.0","0.0","7.0","0.0","1.0","0.0","2.98","0.14","1.0","0.0","7.0","0.0","1.0","0.0","4.0","0.0","4.96","0.2","5.74","1.99","1.0","0.0"
"joy_new_10_midj_sa.jpg","3.0","0.0","1.0","0.0","7.0","0.0","2.0","0.0","2.02","0.14","1.0","0.0","3.44","0.5","1.0","0.0","7.0","0.0","2.0","0.0","3.72","0.45","1.0","0.0","7.0","0.0","1.0","0.0","5.06","0.24","2.76","0.43","2.7","2.39","1.0","0.0"
"joy_new_11.jpg","7.0","0.0","1.0","0.0","5.44","0.5","4.0","0.0","2.0","0.0","1.0","0.0","7.0","0.0","1.0","0.0","7.0","0.0","1.0","0.0","2.0","0.0","1.0","0.0","7.0","0.0","1.0","0.0","2.14","0.35","6.04","0.2","2.2","2.42","1.0","0.0"
"joy_new_11_midj_af.jpg","7.0","0.0","1.0","0.0","6.0","0.0","2.0","0.0","2.6","0.49","1.0","0.0","6.0","0.0","1.0","0.0","7.0","0.0","1.98","0.14","2.0","0.0","1.0","0.0","7.0","0.0","1.0","0.0","3.0","0.0","5.18","0.39","4.5","2.31","1.0","0.0"
"joy_new_11_midj_as.jpg","7.0","0.0","1.0","0.0","6.0","0.0","2.04","0.2","1.74","0.44","1.0","0.0","7.0","0.0","1.0","0.0","7.0","0.0","1.0","0.0","1.88","0.33","1.0","0.0","7.0","0.0","1.0","0.0","2.0","0.0","6.76","0.43","1.2","0.99","",""
"joy_new_11_midj_euna.jpg","7.0","0.0","1.0","0.0","5.38","0.49","4.0","0.0","2.0","0.0","1.0","0.0","7.0","0.0","1.0","0.0","7.0","0.0","1.0","0.0","2.0","0.0","1.0","0.0","7.0","0.0","1.0","0.0","2.2","0.4","6.04","0.2","2.66","2.69","",""
"joy_new_11_midj_sa.jpg","6.0","0.0","1.0","0.0","6.0","0.0","2.0","0.0","2.4","0.49","1.0","0.0","5.04","0.2","1.0","0.0","7.0","0.0","1.1","0.3","2.2","0.4","1.0","0.0","7.0","0.0","1.0","0.0","3.94","0.24","4.12","0.33","5.0","2.02","1.0","0.0"
"joy_new_12.jpg","7.0","0.0","1.0","0.0","3.26","0.44","3.06","0.24","1.0","0.0","1.0","0.0","6.94","0.24","1.0","0.0","7.0","0.0","1.0","0.0","2.0","0.0","1.0","0.0","7.0","0.0","1.0","0.0","2.0","0.0","6.06","0.24","5.84","1.63","1.0","0.0"
"joy_new_13.jpg","6.0","0.0","1.0","0.0","4.96","0.2","3.72","0.45","1.0","0.0","1.0","0.0","5.0","0.0","1.0","0.0","6.0","0.0","2.0","0.0","3.0","0.0","1.0","0.0","6.98","0.14","1.0","0.0","3.02","0.14","4.0","0.0","2.24","1.08","1.0","0.0"
"joy_new_14.jpg","6.0","0.0","1.0","0.0","7.0","0.0","2.2","0.4","1.0","0.0","1.0","0.0","5.0","0.0","1.0","0.0","7.0","0.0","1.0","0.0","6.66","0.48","1.0","0.0","7.0","0.0","1.0","0.0","3.54","0.5","4.72","0.45","5.08","2.83","1.0","0.0"
"joy_new_2_midj_af.jpg","7.0","0.0","1.0","0.0","6.0","0.0","2.0","0.0","5.6","0.49","1.0","0.0","5.9","0.3","1.0","0.0","7.0","0.0","1.0","0.0","5.56","0.5","1.0","0.0","7.0","0.0","1.0","0.0","2.48","0.5","4.08","0.27","6.04","0.2","1.0","0.0"
"joy_new_2_midj_as.jpg","6.0","0.0","1.0","0.0","6.06","0.24","2.0","0.0","5.0","0.0","1.0","0.0","4.52","0.5","1.0","0.0","7.0","0.0","1.46","0.5","6.14","0.35","1.0","0.0","7.0","0.0","1.0","0.0","5.0","0.0","3.34","0.48","4.5","2.31","",""
"joy_new_2_midj_euna.jpg","7.0","0.0","1.0","0.0","4.46","0.5","2.0","0.0","6.0","0.0","1.8","0.4","6.0","0.0","1.0","0.0","7.0","0.0","1.0","0.0","4.46","0.71","1.0","0.0","7.0","0.0","1.0","0.0","1.68","0.47","6.0","0.0","5.74","1.23","",""
"joy_new_2_midj_sa.jpg","6.0","0.0","1.0","0.0","5.8","0.4","2.0","0.0","6.0","0.0","1.0","0.0","5.0","0.0","1.0","0.0","7.0","0.0","1.0","0.0","4.92","0.44","1.0","0.0","7.0","0.0","1.0","0.0","3.08","0.27","4.0","0.0","6.78","0.42","1.0","0.0"
"joy_new_4.jpg","6.0","0.0","1.0","0.0","4.26","0.44","2.0","0.0","1.0","0.0","1.0","0.0","4.56","0.5","1.0","0.0","7.0","0.0","1.0","0.0","2.26","0.44","1.0","0.0","7.0","0.0","1.0","0.0","3.0","0.0","4.14","0.35","5.9","0.71","1.0","0.0"
"joy_new_5.jpg","6.0","0.0","1.0","0.0","6.52","0.5","2.0","0.0","4.16","0.37","1.0","0.0","5.0","0.0","1.0","0.0","7.0","0.0","1.8","0.4","3.32","0.51","1.0","0.0","7.0","0.0","1.0","0.0","4.72","0.45","4.0","0.0","2.94","2.51","",""
"joy_new_6.jpg","4.74","0.44","1.0","0.0","6.0","0.0","6.16","0.37","1.2","0.4","1.0","0.0","6.14","0.35","1.0","0.0","7.0","0.0","1.1","0.3","2.22","0.42","1.0","0.0","7.0","0.0","1.0","0.0","2.6","0.53","5.98","0.14","1.2","0.99","",""
"joy_new_7.jpg","4.96","0.2","1.0","0.0","7.0","0.0","2.22","0.42","1.0","0.0","1.0","0.0","4.8","0.4","1.0","0.0","7.0","0.0","1.0","0.0","6.02","0.14","1.0","0.0","7.0","0.0","1.0","0.0","3.76","0.43","3.92","0.27","2.3","2.48","1.0","0.0"
"joy_new_7_midj_af.jpg","2.0","0.0","1.0","0.0","7.0","0.0","3.0","0.0","1.0","0.0","1.0","0.0","2.0","0.0","1.0","0.0","7.0","0.0","2.0","0.0","6.2","0.4","1.0","0.0","7.0","0.0","1.0","0.0","6.94","0.24","2.0","0.0","6.46","1.22","1.0","0.0"
"joy_new_7_midj_as.jpg","3.0","0.0","1.0","0.0","7.0","0.0","2.0","0.0","1.02","0.14","1.0","0.0","3.68","0.47","1.0","0.0","7.0","0.0","2.0","0.0","6.48","0.5","1.0","0.0","7.0","0.0","1.0","0.0","5.26","0.44","2.68","0.47","5.98","1.74","1.0","0.0"
"joy_new_7_midj_euna.jpg","5.0","0.0","1.0","0.0","7.0","0.0","2.74","0.44","1.0","0.0","1.0","0.0","4.04","0.2","1.0","0.0","7.0","0.0","1.46","0.5","6.0","0.0","1.0","0.0","7.0","0.0","1.0","0.0","4.46","0.5","3.06","0.24","4.0","2.82","",""
"joy_new_7_midj_sa.jpg","3.2","0.4","1.0","0.0","7.0","0.0","3.0","0.0","1.0","0.0","1.0","0.0","3.6","0.49","1.0","0.0","7.0","0.0","1.56","0.5","6.0","0.0","1.0","0.0","7.0","0.0","1.0","0.0","5.86","0.35","2.94","0.24","6.38","0.49","1.0","0.0"
"joy_new_8.jpg","2.0","0.0","1.0","0.0","5.0","0.0","2.0","0.0","6.0","0.0","1.0","0.0","2.22","0.42","1.0","0.0","6.0","0.0","2.0","0.0","3.04","0.2","1.0","0.0","7.0","0.0","1.0","0.0","6.08","0.27","2.22","0.42","4.12","2.43","1.0","0.0"
"joy_new_9.jpg","6.0","0.0","1.0","0.0","6.8","0.4","3.0","0.0","1.0","0.0","1.0","0.0","6.0","0.0","1.0","0.0","7.0","0.0","1.08","0.27","2.24","0.43","1.0","0.0","7.0","0.0","1.0","0.0","2.98","0.14","5.0","0.0","6.8","0.4","1.0","0.0"
"maps152_midj.jpg","5.06","0.24","1.0","0.0","7.0","0.0","2.7","0.46","1.0","0.0","1.0","0.0","6.0","0.0","1.0","0.0","7.0","0.0","1.74","0.44","2.32","0.47","1.0","0.0","7.0","0.0","1.0","0.0","2.98","0.14","5.0","0.0","1.6","1.64","",""
"2190_midj.jpg","1.0","0.0","2.0","0.0","3.0","0.0","2.0","0.0","1.0","0.0","1.0","0.0","1.4","0.49","2.0","0.0","2.0","0.0","5.18","0.44","2.0","0.0","3.04","0.2","2.48","0.5","2.08","0.27","4.38","0.49","2.0","0.0","2.0","0.0","",""
"2190_midj_af.jpg","1.0","0.0","2.0","0.0","2.38","0.49","3.38","0.49","1.0","0.0","1.0","0.0","1.56","0.5","2.0","0.0","2.0","0.0","4.2","0.4","2.0","0.0","3.0","0.0","2.38","0.49","2.22","0.42","4.3","0.46","2.0","0.0","2.0","0.0","",""
"2190_midj_as.jpg","1.0","0.0","1.0","0.0","3.0","0.0","3.0","0.0","1.0","0.0","1.0","0.0","1.0","0.0","1.0","0.0","2.0","0.0","5.12","0.33","2.0","0.0","2.0","0.0","3.0","0.0","1.74","0.44","5.96","0.2","1.52","0.5","1.96","0.2","1.0","0.0"
"2190_midj_euna.jpg","1.0","0.0","2.0","0.0","3.0","0.0","2.0","0.0","1.0","0.0","1.0","0.0","1.36","0.48","2.0","0.0","2.0","0.0","5.18","0.44","2.0","0.0","3.04","0.2","2.5","0.51","2.06","0.24","4.32","0.47","2.0","0.0","2.0","0.0","",""
"2190_midj_sa.jpg","1.0","0.0","2.0","0.0","3.0","0.0","2.56","0.5","1.0","0.0","1.0","0.0","2.0","0.0","2.0","0.0","2.0","0.0","4.0","0.0","2.0","0.0","2.98","0.14","3.0","0.0","2.14","0.35","4.0","0.0","2.0","0.0","2.0","0.0","",""
"2191_midj.jpg","1.36","0.48","1.0","0.0","2.0","0.0","2.1","0.3","1.78","0.42","1.0","0.0","2.0","0.0","1.0","0.0","3.12","0.33","4.5","0.54","2.02","0.14","1.0","0.0","4.12","0.33","1.0","0.0","5.8","0.4","2.0","0.0","1.84","0.51","1.0","0.0"
"2191_midj_af.jpg","1.0","0.0","1.0","0.0","3.0","0.0","3.0","0.0","1.0","0.0","1.0","0.0","2.0","0.0","1.0","0.0","4.0","0.0","4.62","0.67","2.92","0.27","1.12","0.33","5.0","0.0","1.0","0.0","6.0","0.0","2.0","0.0","2.24","0.74","",""
"2191_midj_as.jpg","1.14","0.35","1.0","0.0","2.32","0.47","2.54","0.5","1.0","0.0","1.0","0.0","2.0","0.0","1.0","0.0","3.06","0.24","4.66","0.48","2.0","0.0","1.0","0.0","4.06","0.24","1.0","0.0","5.76","0.43","2.0","0.0","1.48","0.5","",""
"2191_midj_euna.jpg","1.22","0.42","1.0","0.0","2.02","0.14","2.0","0.0","1.74","0.44","1.0","0.0","2.0","0.0","1.0","0.0","3.1","0.3","4.64","0.53","2.02","0.14","1.0","0.0","4.12","0.33","1.0","0.0","5.96","0.2","2.0","0.0","2.1","0.51","",""
"2191_midj_sa.jpg","1.96","0.2","1.0","0.0","3.0","0.0","2.0","0.0","2.92","0.27","1.0","0.0","2.0","0.0","1.0","0.0","3.96","0.2","4.32","0.47","2.0","0.0","1.08","0.27","4.94","0.24","1.06","0.24","5.08","0.27","2.0","0.0","2.16","0.58","",""
"2377_midj.jpg","2.0","0.0","1.0","0.0","2.0","0.0","2.0","0.0","1.0","0.0","1.0","0.0","2.0","0.0","1.0","0.0","3.58","0.5","5.2","0.4","1.0","0.0","1.0","0.0","4.58","0.5","1.0","0.0","6.0","0.0","2.0","0.0","2.9","0.51","1.0","0.0"
"2384_midj.jpg","2.0","0.0","1.0","0.0","1.04","0.2","2.1","0.3","1.0","0.0","1.0","0.0","1.0","0.0","1.0","0.0","2.96","0.2","6.0","0.0","1.0","0.0","1.0","0.0","3.94","0.24","1.0","0.0","7.0","0.0","1.0","0.0","1.34","0.48","",""
"2384_midj_af.jpg","2.0","0.0","1.0","0.0","2.0","0.0","4.22","0.42","1.84","0.37","1.0","0.0","2.0","0.0","1.0","0.0","3.86","0.35","5.12","0.66","1.38","0.49","1.24","0.43","4.86","0.35","1.0","0.0","7.0","0.0","2.0","0.0","1.24","0.43","",""
"2384_midj_as.jpg","2.0","0.0","1.0","0.0","2.0","0.0","5.98","0.14","1.36","0.48","1.0","0.0","2.0","0.0","1.0","0.0","4.98","0.14","4.18","0.83","1.0","0.0","2.0","0.0","5.98","0.14","1.0","0.0","7.0","0.0","2.0","0.0","1.04","0.2","",""
"2384_midj_euna.jpg","2.0","0.0","1.0","0.0","2.0","0.0","4.0","0.0","1.0","0.0","1.0","0.0","2.0","0.0","1.0","0.0","3.24","0.43","5.86","0.35","1.0","0.0","1.02","0.14","4.24","0.43","1.0","0.0","7.0","0.0","1.9","0.3","1.34","0.63","1.0","0.0"
"2384_midj_sa.jpg","2.0","0.0","1.0","0.0","2.0","0.0","5.0","0.0","1.0","0.0","1.0","0.0","2.0","0.0","1.0","0.0","4.0","0.0","5.26","0.44","1.0","0.0","1.56","0.5","5.0","0.0","1.0","0.0","7.0","0.0","2.0","0.0","1.66","0.48","",""
"5395_midj.jpg","2.0","0.0","1.0","0.0","1.0","0.0","2.6","0.49","1.0","0.0","3.38","0.49","2.0","0.0","1.18","0.39","1.06","0.24","4.94","0.24","1.0","0.0","2.0","0.0","2.0","0.0","2.96","0.2","4.36","0.48","2.0","0.0","2.46","0.58","",""
"5471_midj.jpg","1.38","0.49","1.0","0.0","1.0","0.0","3.92","0.27","1.0","0.0","1.0","0.0","2.0","0.0","1.0","0.0","2.0","0.0","5.84","0.37","1.0","0.0","1.0","0.0","2.12","0.33","1.0","0.0","5.72","0.45","2.0","0.0","1.14","0.35","1.0","0.0"
"5875_midj.jpg","2.0","0.0","1.0","0.0","3.42","0.5","5.0","0.0","1.0","0.0","1.0","0.0","2.0","0.0","1.0","0.0","4.0","0.0","4.84","0.37","2.12","0.33","2.0","0.0","5.0","0.0","1.0","0.0","6.0","0.0","2.0","0.0","1.44","0.54","1.0","0.0"
"5875_midj_af.jpg","1.6","0.49","1.0","0.0","2.18","0.39","4.8","0.4","1.0","0.0","1.0","0.0","2.0","0.0","1.0","0.0","2.82","0.39","5.1","0.54","1.88","0.33","2.0","0.0","3.24","0.43","1.88","0.33","6.0","0.0","2.0","0.0","1.36","0.48","1.0","0.0"
"5875_midj_as.jpg","1.36","0.48","1.0","0.0","2.4","0.49","5.8","0.4","1.0","0.0","1.0","0.0","2.0","0.0","1.0","0.0","4.0","0.0","5.0","0.64","2.0","0.0","2.0","0.0","5.14","0.35","1.0","0.0","7.0","0.0","2.0","0.0","1.0","0.0","",""
"5875_midj_euna.jpg","2.0","0.0","1.0","0.0","3.38","0.49","5.0","0.0","1.0","0.0","1.0","0.0","2.0","0.0","1.0","0.0","4.0","0.0","4.82","0.39","2.06","0.24","2.0","0.0","5.0","0.0","1.0","0.0","6.0","0.0","2.0","0.0","1.14","0.45","",""
"5875_midj_sa.jpg","2.0","0.0","1.0","0.0","4.0","0.0","5.98","0.14","2.52","0.5","1.0","0.0","2.0","0.0","1.0","0.0","4.62","0.49","3.64","0.48","3.02","0.14","2.0","0.0","5.46","0.5","1.0","0.0","6.0","0.0","2.0","0.0","1.6","0.49","",""
"7000_midj.jpg","1.0","0.0","1.0","0.0","1.0","0.0","1.0","0.0","1.0","0.0","1.0","0.0","1.0","0.0","1.0","0.0","1.0","0.0","6.22","0.42","1.0","0.0","1.0","0.0","1.06","0.24","1.0","0.0","6.18","0.39","1.0","0.0","1.0","0.0","1.0","0.0"
"7001_midj.jpg","2.0","0.0","1.0","0.0","1.0","0.0","1.0","0.0","1.0","0.0","1.0","0.0","2.0","0.0","1.0","0.0","2.0","0.0","6.0","0.0","1.0","0.0","1.0","0.0","2.0","0.0","1.0","0.0","4.66","0.48","1.92","0.27","2.0","0.0","1.0","0.0"
"7033_midj.jpg","2.0","0.0","1.0","0.0","1.0","0.0","3.0","0.0","1.0","0.0","1.0","0.0","3.6","0.49","1.4","0.49","2.12","0.33","5.2","0.4","1.0","0.0","1.0","0.0","2.98","0.14","1.0","0.0","4.8","0.4","2.64","0.56","1.36","0.48","",""
"7033_midj_af.jpg","2.0","0.0","1.0","0.0","2.0","0.0","2.02","0.14","1.0","0.0","1.04","0.2","2.56","0.5","2.0","0.0","2.56","0.5","4.78","0.42","1.14","0.35","1.1","0.3","2.58","0.5","1.24","0.43","4.0","0.0","2.0","0.0","2.0","0.0","",""
"7033_midj_as.jpg","2.0","0.0","1.0","0.0","1.0","0.0","3.0","0.0","1.0","0.0","1.0","0.0","3.68","0.47","1.54","0.5","2.1","0.3","5.14","0.35","1.0","0.0","1.0","0.0","2.96","0.2","1.0","0.0","4.76","0.43","2.78","0.58","1.3","0.46","",""
"7033_midj_euna.jpg","2.0","0.0","1.0","0.0","3.0","0.0","4.92","0.27","1.0","0.0","1.0","0.0","2.16","0.37","1.0","0.0","3.0","0.0","5.12","0.48","1.58","0.5","2.74","0.44","4.0","0.0","1.68","0.47","6.2","0.4","2.0","0.0","1.32","0.51","",""
"7033_midj_sa.jpg","2.0","0.0","1.0","0.0","1.0","0.0","2.0","0.0","1.0","0.0","1.0","0.0","2.94","0.24","2.0","0.0","2.0","0.0","4.98","0.14","1.0","0.0","1.0","0.0","3.0","0.0","1.0","0.0","4.84","0.37","2.0","0.0","2.0","0.0","",""
"7036_midj.jpg","1.0","0.0","1.0","0.0","1.0","0.0","4.0","0.0","1.0","0.0","1.0","0.0","3.0","0.0","1.0","0.0","2.0","0.0","5.2","0.4","1.0","0.0","1.0","0.0","2.98","0.14","1.0","0.0","3.86","0.35","2.06","0.24","1.94","0.24","1.0","0.0"
"7041_midj.jpg","1.0","0.0","1.0","0.0","1.0","0.0","1.0","0.0","1.0","0.0","1.0","0.0","1.0","0.0","1.0","0.0","1.0","0.0","6.0","0.0","1.0","0.0","1.0","0.0","2.0","0.0","1.0","0.0","5.92","0.27","1.0","0.0","1.0","0.0","1.0","0.0"
"7080_midj.jpg","1.0","0.0","1.0","0.0","1.0","0.0","2.0","0.0","1.18","0.39","1.0","0.0","1.0","0.0","1.0","0.0","1.0","0.0","6.0","0.0","1.0","0.0","1.0","0.0","2.0","0.0","1.0","0.0","5.32","0.47","1.0","0.0","1.0","0.0","",""
"7100_midj.jpg","1.0","0.0","1.0","0.0","1.0","0.0","1.0","0.0","1.0","0.0","1.9","0.3","1.0","0.0","1.0","0.0","1.0","0.0","6.0","0.0","1.0","0.0","1.0","0.0","1.9","0.3","1.32","0.47","5.0","0.0","1.0","0.0","1.0","0.0","1.0","0.0"
"7140_midj.jpg","3.0","0.0","1.0","0.0","2.9","0.3","2.22","0.42","1.0","0.0","1.0","0.0","3.0","0.0","1.0","0.0","3.0","0.0","5.2","0.4","1.0","0.0","1.0","0.0","3.98","0.14","1.0","0.0","5.56","0.5","2.0","0.0","1.9","0.3","1.0","0.0"
"7500_midj.jpg","1.0","0.0","1.0","0.0","1.0","0.0","4.0","0.0","1.0","0.0","1.0","0.0","2.0","0.0","1.0","0.0","1.0","0.0","6.0","0.0","1.0","0.0","1.0","0.0","2.0","0.0","1.0","0.0","5.1","0.3","1.56","0.5","1.96","0.2","1.0","0.0"
"7560_midj.jpg","1.54","0.5","2.9","0.3","1.0","0.0","6.0","0.0","1.0","0.0","1.0","0.0","5.0","0.0","2.6","0.49","2.0","0.0","3.16","0.37","1.0","0.0","1.0","0.0","2.74","0.44","2.04","0.2","1.1","0.3","5.0","0.0","2.0","0.0","2.66","0.48"
"7705_midj.jpg","1.0","0.0","1.0","0.0","1.0","0.0","1.0","0.0","1.0","0.0","1.0","0.0","1.0","0.0","1.0","0.0","1.0","0.0","7.0","0.0","1.0","0.0","1.0","0.0","1.0","0.0","1.0","0.0","6.66","0.48","1.0","0.0","1.0","0.0","1.0","0.0"
"n041_midj.jpg","1.0","0.0","1.0","0.0","1.0","0.0","1.0","0.0","1.0","0.0","1.0","0.0","1.0","0.0","1.0","0.0","1.0","0.0","6.18","0.39","1.0","0.0","1.0","0.0","1.0","0.0","1.0","0.0","6.0","0.0","1.0","0.0","1.0","0.0","",""
"n070_midj.jpg","1.0","0.0","1.0","0.0","1.0","0.0","1.0","0.0","1.0","0.0","1.0","0.0","1.0","0.0","1.0","0.0","1.0","0.0","6.0","0.0","1.0","0.0","1.0","0.0","2.0","0.0","1.0","0.0","5.08","0.27","1.0","0.0","1.0","0.0","",""
"1710_midj.jpg","5.98","0.14","1.0","0.0","7.0","0.0","3.42","0.5","1.78","0.42","1.0","0.0","4.18","0.39","1.0","0.0","7.0","0.0","1.98","0.14","7.0","0.0","1.0","0.0","7.0","0.0","1.0","0.0","5.0","0.0","3.08","0.27","6.88","0.85","1.0","0.0"
"animals_166_v_midj.jpg","3.0","0.0","1.0","0.0","7.0","0.0","2.0","0.0","1.0","0.0","1.0","0.0","2.0","0.0","1.0","0.0","6.54","0.5","2.0","0.0","6.78","0.42","1.0","0.0","7.0","0.0","1.0","0.0","7.0","0.0","2.0","0.0","4.1","2.45","1.0","0.0"
"baby1_midj.jpg","1.0","0.0","1.0","0.0","7.0","0.0","4.22","0.42","1.0","0.0","1.0","0.0","2.0","0.0","1.0","0.0","6.0","0.0","2.0","0.0","7.0","0.0","1.0","0.0","7.0","0.0","1.0","0.0","6.62","0.49","2.0","0.0","6.24","1.96","1.0","0.0"
"baby5_midj.jpg","2.92","0.27","1.0","0.0","7.0","0.0","3.04","0.35","1.0","0.0","1.0","0.0","2.8","0.4","1.0","0.0","7.0","0.0","2.0","0.0","7.0","0.0","1.0","0.0","7.0","0.0","1.0","0.0","5.06","0.24","2.0","0.0","5.32","2.72","1.0","0.0"
"baby_1_midj_af.jpg","1.0","0.0","1.0","0.0","7.0","0.0","4.16","0.37","1.0","0.0","1.0","0.0","2.0","0.0","1.0","0.0","6.0","0.0","2.0","0.0","7.0","0.0","1.3","0.46","7.0","0.0","1.0","0.0","6.0","0.0","2.0","0.0","2.24","2.14","",""
"baby_1_midj_as.jpg","1.0","0.0","1.0","0.0","7.0","0.0","3.74","0.44","1.0","0.0","1.0","0.0","2.0","0.0","1.0","0.0","6.0","0.0","2.0","0.0","7.0","0.0","1.0","0.0","7.0","0.0","1.0","0.0","6.12","0.33","2.0","0.0","1.12","0.72","",""
"baby_1_midj_euna.jpg","1.0","0.0","1.0","0.0","7.0","0.0","4.28","0.45","1.0","0.0","1.0","0.0","2.0","0.0","1.0","0.0","6.0","0.0","2.0","0.0","7.0","0.0","1.0","0.0","7.0","0.0","1.0","0.0","6.56","0.5","2.0","0.0","6.16","2.1","",""
"baby_1_midj_sa.jpg","1.36","0.48","1.0","0.0","7.0","0.0","3.06","0.24","1.0","0.0","1.0","0.0","2.0","0.0","1.0","0.0","6.0","0.0","2.0","0.0","7.0","0.0","1.0","0.0","7.0","0.0","1.0","0.0","6.0","0.0","2.0","0.0","1.5","1.52","",""
"baby_5_midj_af.jpg","2.0","0.0","1.0","0.0","7.0","0.0","3.4","0.49","1.0","0.0","1.0","0.0","2.04","0.2","1.0","0.0","6.0","0.0","2.0","0.0","7.0","0.0","1.0","0.0","7.0","0.0","1.0","0.0","5.76","0.43","2.0","0.0","3.12","2.86","",""
"baby_5_midj_as.jpg","2.22","0.42","1.0","0.0","7.0","0.0","2.3","0.46","1.0","0.0","1.0","0.0","2.0","0.0","1.0","0.0","6.86","0.35","2.0","0.0","7.0","0.0","1.0","0.0","7.0","0.0","1.0","0.0","6.0","0.0","2.0","0.0","6.28","1.97","1.0","0.0"
"baby_5_midj_euna.jpg","2.98","0.14","1.0","0.0","7.0","0.0","3.02","0.14","1.0","0.0","1.0","0.0","2.98","0.14","1.0","0.0","7.0","0.0","2.0","0.0","7.0","0.0","1.0","0.0","7.0","0.0","1.0","0.0","5.02","0.14","2.0","0.0","2.2","2.42","",""
"baby_5_midj_sa.jpg","4.64","0.48","1.0","0.0","7.0","0.0","3.0","0.0","1.0","0.0","1.0","0.0","3.0","0.0","1.0","0.0","7.0","0.0","2.0","0.0","7.0","0.0","1.0","0.0","7.0","0.0","1.0","0.0","6.0","0.0","2.0","0.0","7.0","0.0","1.0","0.0"
"cat5_midj.jpg","3.3","0.65","1.0","0.0","7.0","0.0","2.98","0.65","1.16","0.37","1.0","0.0","2.0","0.0","1.0","0.0","7.0","0.0","2.0","0.0","7.0","0.0","1.0","0.0","7.0","0.0","1.0","0.0","7.0","0.0","2.0","0.0","6.76","1.19","1.0","0.0"
"cat_5_midj_af.jpg","3.64","0.72","1.0","0.0","7.0","0.0","3.26","0.44","1.0","0.0","1.0","0.0","2.0","0.0","1.0","0.0","7.0","0.0","2.0","0.0","7.0","0.0","1.0","0.0","7.0","0.0","1.0","0.0","7.0","0.0","2.0","0.0","6.64","1.21","1.0","0.0"
"cat_5_midj_as.jpg","4.36","0.48","1.0","0.0","7.0","0.0","3.0","0.0","1.28","0.45","1.0","0.0","2.0","0.0","1.0","0.0","7.0","0.0","2.0","0.0","7.0","0.0","1.0","0.0","7.0","0.0","1.0","0.0","7.0","0.0","2.0","0.0","6.48","1.22","",""
"cat_5_midj_euna.jpg","4.08","0.27","1.0","0.0","7.0","0.0","3.56","0.5","1.0","0.0","1.0","0.0","2.02","0.14","1.0","0.0","7.0","0.0","2.0","0.0","7.0","0.0","1.0","0.0","7.0","0.0","1.0","0.0","7.0","0.0","1.98","0.14","2.88","2.77","",""
"cat_5_midj_sa.jpg","6.0","0.0","1.0","0.0","7.0","0.0","3.0","0.0","1.0","0.0","1.0","0.0","2.0","0.0","1.0","0.0","7.0","0.0","1.92","0.27","7.0","0.0","1.0","0.0","7.0","0.0","1.0","0.0","7.0","0.0","2.0","0.0","6.62","1.21","1.0","0.0"
"dog12_midj.jpg","6.0","0.0","1.0","0.0","7.0","0.0","2.0","0.0","1.0","0.0","1.0","0.0","6.0","0.0","1.0","0.0","7.0","0.0","1.64","0.48","6.2","0.4","1.0","0.0","7.0","0.0","1.0","0.0","2.44","0.5","5.04","0.2","3.88","3.03","",""
"dog4_midj.jpg","3.32","0.47","1.0","0.0","7.0","0.0","3.18","0.39","1.0","0.0","1.0","0.0","2.0","0.0","1.0","0.0","7.0","0.0","2.0","0.0","7.0","0.0","1.0","0.0","7.0","0.0","1.0","0.0","7.0","0.0","1.86","0.35","5.92","2.33","",""
"dog6_midj.jpg","6.86","0.35","1.0","0.0","7.0","0.0","2.96","0.2","1.0","0.0","1.0","0.0","5.0","0.2","1.0","0.0","7.0","0.0","1.78","0.42","7.0","0.0","1.0","0.0","7.0","0.0","1.0","0.0","3.94","0.37","3.96","0.2","2.92","2.83","",""
"dog_6_midj_af.jpg","4.4","0.49","1.0","0.0","7.0","0.0","2.94","0.24","1.0","0.0","1.0","0.0","3.44","0.5","1.0","0.0","7.0","0.0","2.0","0.0","7.0","0.0","1.0","0.0","7.0","0.0","1.0","0.0","5.24","0.43","2.34","0.48","6.88","0.85","1.0","0.0"
"dog_6_midj_as.jpg","6.0","0.0","1.0","0.0","7.0","0.0","2.0","0.0","1.72","0.45","1.0","0.0","4.26","0.44","1.0","0.0","7.0","0.0","1.32","0.47","7.0","0.0","1.0","0.0","7.0","0.0","1.0","0.0","5.0","0.0","2.98","0.14","7.0","0.0","1.0","0.0"
"dog_6_midj_euna.jpg","6.86","0.35","1.0","0.0","7.0","0.0","3.0","0.0","1.0","0.0","1.0","0.0","5.06","0.24","1.0","0.0","7.0","0.0","1.8","0.4","7.0","0.0","1.0","0.0","7.0","0.0","1.0","0.0","3.84","0.37","4.0","0.0","2.2","2.42","",""
"dog_6_midj_sa.jpg","4.04","0.2","1.0","0.0","7.0","0.0","3.0","0.0","1.0","0.0","1.0","0.0","3.0","0.0","1.0","0.0","7.0","0.0","2.0","0.0","7.0","0.0","1.0","0.0","7.0","0.0","1.0","0.0","6.0","0.0","2.0","0.0","6.52","1.64","",""
"h001_midj.jpg","1.6","0.49","1.0","0.0","7.0","0.0","3.36","0.48","1.0","0.0","1.0","0.0","1.44","0.5","1.0","0.0","6.0","0.0","2.8","0.4","7.0","0.0","1.0","0.0","7.0","0.0","1.0","0.0","7.0","0.0","1.24","0.43","4.92","1.76","1.0","0.0"
"h090_midj.jpg","6.0","0.0","1.0","0.0","5.4","0.49","2.0","0.0","1.0","0.0","1.0","0.0","4.64","0.48","1.0","0.0","7.0","0.0","1.1","0.3","4.96","0.7","1.0","0.0","7.0","0.0","1.0","0.0","3.88","0.33","3.52","0.5","5.6","1.37","",""
"maps145_midj.jpg","3.6","0.64","1.0","0.0","7.0","0.0","3.08","0.27","1.0","0.0","1.0","0.0","4.64","0.48","1.0","0.0","7.0","0.0","1.0","0.0","7.0","0.0","1.0","0.0","7.0","0.0","1.0","0.0","2.76","0.56","3.82","0.39","3.38","2.95","",""
"maps160_midj.jpg","6.0","0.0","1.0","0.0","7.0","0.0","2.0","0.0","1.0","0.0","1.0","0.0","4.0","0.0","1.0","0.0","7.0","0.0","1.0","0.0","7.0","0.0","1.0","0.0","7.0","0.0","1.0","0.0","4.44","0.5","3.0","0.2","6.64","0.48","1.0","0.0"
"maps252_midj.jpg","2.28","0.45","1.0","0.0","7.0","0.0","2.0","0.0","1.0","0.0","1.0","0.0","3.98","0.14","1.0","0.0","7.0","0.0","2.0","0.0","7.0","0.0","1.0","0.0","7.0","0.0","1.0","0.0","5.0","0.0","2.92","0.27","4.1","2.45","1.0","0.0"
"p030_midj.jpg","2.0","0.0","1.0","0.0","7.0","0.0","2.0","0.0","1.0","0.0","1.0","0.0","2.0","0.0","1.0","0.0","6.34","0.48","2.0","0.0","7.0","0.0","1.0","0.0","7.0","0.0","1.0","0.0","6.0","0.0","2.0","0.0","2.1","2.09","",""
"p030_midj_af.jpg","4.6","0.49","1.0","0.0","7.0","0.0","2.66","0.48","1.0","0.0","1.0","0.0","3.66","0.48","1.0","0.0","7.0","0.0","1.12","0.33","6.0","0.0","1.0","0.0","7.0","0.0","1.0","0.0","4.06","0.47","2.68","0.47","5.6","1.37","1.0","0.0"
"p030_midj_as.jpg","2.0","0.0","1.0","0.0","7.0","0.0","2.0","0.0","1.0","0.0","1.0","0.0","2.34","0.48","1.0","0.0","6.72","0.45","2.0","0.0","6.74","0.44","1.0","0.0","7.0","0.0","1.0","0.0","5.84","0.37","2.0","0.0","4.9","2.09","1.0","0.0"
"p030_midj_euna.jpg","2.04","0.2","1.0","0.0","7.0","0.0","2.0","0.0","1.0","0.0","1.0","0.0","2.08","0.27","1.0","0.0","7.0","0.0","2.0","0.0","6.84","0.37","1.0","0.0","7.0","0.0","1.0","0.0","6.0","0.0","2.0","0.0","5.94","0.74","1.0","0.0"
"p030_midj_sa.jpg","2.66","0.48","1.0","0.0","7.0","0.0","2.0","0.0","1.0","0.0","1.0","0.0","3.0","0.0","1.0","0.0","7.0","0.0","2.0","0.0","6.04","0.2","1.0","0.0","7.0","0.0","1.0","0.0","4.94","0.24","2.0","0.0","1.0","0.0","",""
"p035_midj.jpg","6.0","0.0","1.0","0.0","7.0","0.0","2.2","0.4","1.0","0.0","1.0","0.0","4.4","0.49","1.0","0.0","7.0","0.0","1.98","0.14","7.0","0.0","1.0","0.0","7.0","0.0","1.0","0.0","4.24","0.43","3.1","0.3","3.4","2.76","1.0","0.0"
"penguins2_midj.jpg","3.0","0.0","1.0","0.0","7.0","0.0","4.76","0.43","1.0","0.0","1.0","0.0","2.0","0.0","1.0","0.0","6.1","0.3","2.0","0.0","7.0","0.0","1.0","0.0","7.0","0.0","1.0","0.0","6.0","0.0","2.0","0.0","2.8","2.42","",""
"posmidsoc_18_midj.jpg","3.0","0.0","1.0","0.0","7.0","0.0","2.0","0.0","1.0","0.0","1.0","0.0","3.0","0.0","1.0","0.0","7.0","0.0","1.8","0.4","7.0","0.0","1.0","0.0","7.0","0.0","1.0","0.0","5.0","0.0","2.0","0.0","3.8","2.96","",""
"posmidsoc_23_midj.jpg","6.0","0.0","1.0","0.0","7.0","0.0","2.0","0.0","1.0","0.0","1.0","0.0","4.82","0.39","1.0","0.0","7.0","0.0","1.0","0.0","7.0","0.0","1.0","0.0","7.0","0.0","1.0","0.0","3.14","0.35","4.18","0.39","2.92","2.72","",""
"posmidsoc_25_midj.jpg","1.96","0.2","1.0","0.0","7.0","0.0","3.94","0.24","1.0","0.0","1.0","0.0","2.92","0.27","1.0","0.0","6.98","0.14","1.98","0.14","7.0","0.0","1.68","0.47","7.0","0.0","1.0","0.0","6.0","0.0","2.0","0.0","2.0","2.02","",""
"posmidsoc_2_midj.jpg","6.0","0.0","1.0","0.0","7.0","0.0","3.0","0.0","1.0","0.0","1.0","0.0","5.24","0.43","1.0","0.0","7.0","0.0","1.0","0.0","7.0","0.0","1.0","0.0","7.0","0.0","1.0","0.0","2.02","0.14","5.08","0.27","6.64","1.44","1.0","0.0"
"2455_midj.jpg","1.0","0.0","1.0","0.0","7.0","0.0","3.6","0.49","1.0","0.0","1.0","0.0","1.84","0.37","1.86","0.35","2.96","0.2","3.26","0.44","6.0","0.0","4.94","0.24","4.0","0.0","3.0","0.0","5.04","0.2","2.0","0.0","2.02","0.14","",""
"2480_midj.jpg","1.0","0.0","1.0","0.0","3.0","0.0","2.0","0.0","1.0","0.0","1.0","0.0","1.0","0.0","2.0","0.0","2.0","0.0","5.0","0.61","2.0","0.0","5.76","0.43","2.0","0.0","4.0","0.0","5.48","0.5","1.84","0.37","2.72","0.45","3.07","0.26"
"2480_midj_af.jpg","1.0","0.0","1.0","0.0","3.06","0.24","5.0","0.0","1.0","0.0","1.0","0.0","1.44","0.5","1.0","0.0","2.06","0.24","5.14","0.5","2.14","0.35","3.2","0.4","3.04","0.2","2.0","0.0","6.2","0.4","1.6","0.49","1.98","0.14","",""
"2480_midj_as.jpg","1.0","0.0","1.0","0.0","3.64","0.48","4.8","0.4","1.0","0.0","1.0","0.0","1.98","0.14","1.0","0.0","3.0","0.0","4.58","0.57","2.04","0.2","4.1","0.3","4.0","0.0","2.0","0.0","6.18","0.39","1.98","0.14","2.08","0.27","1.98","0.15"
"2480_midj_euna.jpg","1.0","0.0","1.0","0.0","3.0","0.0","2.0","0.0","1.0","0.0","1.0","0.0","1.0","0.0","2.0","0.0","2.0","0.0","4.96","0.6","2.0","0.0","5.72","0.45","2.0","0.0","4.04","0.2","5.34","0.48","1.8","0.4","2.78","0.42","3.05","0.21"
"2480_midj_sa.jpg","1.0","0.0","1.0","0.0","3.44","0.5","3.64","0.48","1.0","0.0","1.0","0.0","1.02","0.14","2.0","0.0","2.0","0.0","5.2","0.4","2.28","0.45","4.0","0.0","3.0","0.0","2.02","0.14","6.0","0.0","1.84","0.37","2.0","0.0","2.0","0.0"
"9470_midj.jpg","1.0","0.0","4.2","0.4","1.0","0.0","5.8","0.4","1.0","0.0","3.88","0.69","4.56","0.5","7.0","0.0","1.0","0.0","1.0","0.0","1.0","0.0","6.0","0.0","1.0","0.0","7.0","0.0","1.0","0.0","6.0","0.0","1.0","0.0","7.0","0.0"
"9530_midj.jpg","1.0","0.0","5.0","0.0","2.0","0.0","4.0","0.0","1.0","0.0","6.0","0.0","2.0","0.0","4.84","0.37","1.0","0.0","2.0","0.0","3.0","0.0","6.0","0.0","1.0","0.0","6.6","0.49","1.0","0.0","3.94","0.24","3.36","1.91","6.0","0.0"
"9530_midj_af.jpg","1.0","0.0","6.2","0.4","3.6","0.49","5.32","0.47","1.0","0.0","5.72","0.45","2.0","0.0","5.2","0.4","1.0","0.0","1.56","0.5","6.0","0.0","6.82","0.39","1.0","0.0","7.0","0.0","1.0","0.0","4.88","0.33","2.54","1.91","6.97","0.16"
"9530_midj_as.jpg","1.0","0.0","5.86","0.35","2.38","0.49","4.68","0.47","1.0","0.0","7.0","0.0","2.0","0.0","4.96","0.2","1.02","0.14","2.0","0.0","4.68","0.71","6.0","0.0","1.0","0.0","7.0","0.0","1.0","0.0","4.18","0.39","4.34","2.16","",""
"9530_midj_euna.jpg","1.0","0.0","5.0","0.0","2.0","0.0","4.0","0.0","1.0","0.0","6.0","0.0","2.0","0.0","4.8","0.4","1.0","0.0","2.0","0.0","2.8","0.4","6.0","0.0","1.0","0.0","6.6","0.49","1.0","0.0","3.92","0.27","2.88","1.67","6.0","0.0"
"9530_midj_sa.jpg","1.0","0.0","6.0","0.0","3.84","0.37","4.64","0.48","1.0","0.0","5.88","0.33","2.0","0.0","4.72","0.45","2.0","0.0","2.0","0.0","4.96","0.2","6.0","0.0","1.88","0.33","6.1","0.3","1.0","0.0","4.02","0.14","3.76","2.01","",""
"9561_midj.jpg","1.0","0.0","2.4","0.49","5.18","0.6","2.0","0.0","1.0","0.0","6.0","0.0","1.96","0.2","4.0","0.0","2.0","0.0","1.96","0.2","6.56","0.5","6.16","0.37","1.74","0.44","6.44","0.5","1.0","0.0","4.58","0.5","2.08","0.57","6.0","0.0"
"9941_midj.jpg","1.0","0.0","5.0","0.0","1.0","0.0","5.98","0.14","1.0","0.0","4.02","0.14","3.84","0.37","6.72","0.45","1.0","0.0","1.0","0.0","1.0","0.0","4.86","0.35","1.0","0.0","6.6","0.49","1.0","0.0","5.98","0.14","1.0","0.0","7.0","0.0"
"a039_midj.jpg","1.0","0.0","6.12","0.33","2.0","0.0","5.2","0.4","1.0","0.0","4.46","0.5","3.0","0.0","6.0","0.0","1.0","0.0","2.0","0.0","2.74","0.44","6.0","0.0","1.0","0.0","6.2","0.4","1.0","0.0","5.0","0.0","1.02","0.14","6.88","0.33"
"a059_midj.jpg","2.86","0.35","1.0","0.0","3.28","0.45","2.1","0.3","1.0","0.0","2.0","0.0","1.0","0.0","1.0","0.0","2.0","0.0","5.18","0.39","2.28","0.45","2.68","0.47","2.04","0.2","2.0","0.0","5.94","0.24","1.0","0.0","1.14","0.35","1.9","0.3"
"animals_077_h_midj.jpg","1.0","0.0","6.0","0.0","2.0","0.0","2.82","0.39","1.0","0.0","7.0","0.0","2.42","0.5","6.0","0.0","1.0","0.0","1.64","0.48","3.56","0.5","6.0","0.0","1.0","0.0","7.0","0.0","1.0","0.0","5.0","0.0","1.26","0.78","7.0","0.0"
"deadbodies2_midj.jpg","1.0","0.0","4.4","0.49","1.0","0.0","4.88","0.77","1.0","0.0","7.0","0.0","2.0","0.0","7.0","0.0","1.0","0.0","1.0","0.0","1.0","0.0","7.0","0.0","1.0","0.0","7.0","0.0","1.0","0.0","5.4","0.57","1.0","0.0","7.0","0.0"
"dog24_midj.jpg","1.0","0.0","2.0","0.0","3.0","0.0","2.0","0.0","2.58","0.57","5.54","0.5","2.0","0.0","3.2","0.4","2.0","0.0","3.62","0.49","5.2","0.4","6.0","0.0","2.0","0.0","6.0","0.0","2.0","0.0","3.26","0.44","5.5","0.51","",""
"dog26_midj.jpg","1.0","0.0","5.6","0.49","5.28","0.45","1.88","0.33","1.0","0.0","6.0","0.0","1.0","0.0","5.6","0.49","1.0","0.0","2.0","1.11","6.42","0.5","7.0","0.0","1.0","0.0","7.0","0.0","1.02","0.14","4.02","0.14","6.42","0.81","",""
"dog31_midj.jpg","1.0","0.0","5.02","0.14","6.0","0.0","2.06","0.24","1.0","0.0","3.0","0.0","1.84","0.37","4.0","0.0","1.84","0.37","2.0","0.0","6.62","0.49","6.38","0.49","2.0","0.0","6.0","0.0","1.32","0.47","4.0","0.0","4.92","1.69","3.71","0.58"
"dr11.eu_civil_protection_and_humanitarian_aid_operations-ccbyncnd2.0_midj.jpg","1.0","0.0","3.06","0.24","1.0","0.0","3.6","0.49","1.0","0.0","6.06","0.24","1.0","0.0","4.8","0.4","1.0","0.0","1.92","0.27","1.1","0.3","6.06","0.24","1.0","0.0","7.0","0.0","1.28","0.45","3.34","0.72","2.08","2.19","6.97","0.16"
"dr20.luca_de_vito-ccbyncnd2.0_midj.jpg","1.0","0.0","4.04","0.2","2.0","0.0","3.22","0.42","2.22","0.42","4.82","0.39","2.0","0.0","3.18","0.39","2.0","0.0","3.5","0.51","4.24","0.43","5.98","0.14","2.0","0.0","5.2","0.4","3.2","0.45","2.18","0.39","4.26","0.44","",""
"dr25.padre_djacy_brasileiro-ccbyncnd2.0_midj.jpg","1.0","0.0","4.44","0.5","1.0","0.0","3.6","0.49","1.0","0.0","7.0","0.0","1.0","0.0","5.58","0.5","1.0","0.0","1.2","0.4","1.0","0.0","6.82","0.39","1.0","0.0","7.0","0.0","1.0","0.0","4.46","0.5","1.0","0.0","7.0","0.0"
"faces_172_midj.jpg","1.0","0.0","2.0","0.0","4.2","0.4","3.42","0.5","1.0","0.0","2.6","0.49","1.0","0.0","2.6","0.49","2.0","0.0","3.44","0.5","4.84","0.74","6.0","0.0","2.0","0.0","5.62","0.49","3.26","0.44","2.0","0.0","4.3","0.46","",""
"faces_172_midj_af.jpg","1.0","0.0","1.0","0.0","4.18","0.39","2.0","0.0","1.0","0.0","2.0","0.0","1.0","0.0","2.0","0.0","2.0","0.0","4.0","0.0","5.16","0.42","6.0","0.0","2.0","0.0","4.98","0.14","4.38","0.49","1.98","0.14","2.5","0.51","3.81","0.4"
"faces_172_midj_as.jpg","1.0","0.0","1.0","0.0","5.02","0.14","2.0","0.0","1.0","0.0","1.0","0.0","1.0","0.0","1.36","0.48","2.0","0.0","5.0","0.61","4.02","0.14","4.56","0.5","2.02","0.14","3.12","0.33","5.28","0.45","1.4","0.49","2.0","0.0","",""
"faces_172_midj_euna.jpg","1.0","0.0","1.0","0.0","4.2","0.4","2.18","0.39","1.0","0.0","2.22","0.42","1.0","0.0","2.8","0.4","1.48","0.5","3.98","0.94","5.2","0.4","6.0","0.0","1.48","0.5","5.78","0.42","2.48","0.5","2.0","0.0","4.52","1.11","",""
"faces_172_midj_sa.jpg","1.0","0.0","1.0","0.0","5.76","0.43","3.14","0.35","1.0","0.0","2.0","0.0","1.0","0.0","2.0","0.0","2.0","0.0","3.28","0.45","5.98","0.14","6.0","0.0","2.0","0.0","5.4","0.49","3.02","0.14","1.98","0.14","4.2","0.67","",""
"faces_363_v_midj.jpg","1.0","0.0","6.0","0.0","5.0","0.0","2.58","0.5","1.0","0.0","4.52","0.58","1.0","0.0","6.0","0.0","1.0","0.0","1.04","0.2","6.4","0.49","7.0","0.0","1.0","0.0","7.0","0.0","1.0","0.0","5.24","0.43","4.3","2.67","",""
"maps330_midj.jpg","1.0","0.0","6.0","0.0","1.0","0.0","3.18","0.63","1.0","0.0","7.0","0.0","2.0","0.0","7.0","0.0","1.0","0.0","1.0","0.0","2.0","0.0","7.0","0.0","1.0","0.0","7.0","0.0","1.0","0.0","6.0","0.0","1.0","0.0","7.0","0.0"
"maps330_midj_af.jpg","1.0","0.0","7.0","0.0","2.24","0.43","3.86","0.35","1.0","0.0","7.0","0.0","1.78","0.42","7.0","0.0","1.0","0.0","1.0","0.0","3.72","1.01","7.0","0.0","1.0","0.0","7.0","0.0","1.0","0.0","5.84","0.37","1.0","0.0","7.0","0.0"
"maps330_midj_as.jpg","1.0","0.0","4.4","0.49","2.0","0.0","3.42","0.5","1.0","0.0","7.0","0.0","2.06","0.24","7.0","0.0","1.0","0.0","1.0","0.0","3.46","0.5","7.0","0.0","1.0","0.0","7.0","0.0","1.0","0.0","6.0","0.0","1.0","0.0","7.0","0.0"
"maps330_midj_euna.jpg","1.0","0.0","4.54","0.5","2.0","0.0","2.96","0.83","1.0","0.0","7.0","0.0","2.0","0.0","7.0","0.0","1.0","0.0","1.0","0.0","2.82","0.39","7.0","0.0","1.0","0.0","7.0","0.0","1.0","0.0","6.0","0.0","1.0","0.0","7.0","0.0"
"maps330_midj_sa.jpg","1.0","0.0","6.0","0.0","1.0","0.0","3.14","0.61","1.0","0.0","7.0","0.0","2.0","0.0","7.0","0.0","1.0","0.0","1.0","0.0","2.0","0.0","7.0","0.0","1.0","0.0","7.0","0.0","1.0","0.0","6.0","0.0","1.0","0.0","7.0","0.0"
"miserable_pose_3_midj_af.jpg","1.0","0.0","4.62","0.49","2.2","0.4","4.0","0.0","1.32","0.47","6.0","0.0","1.0","0.0","5.96","0.2","1.0","0.0","1.5","0.51","5.18","0.39","7.0","0.0","1.0","0.0","7.0","0.0","1.0","0.0","3.94","0.24","5.5","2.13","",""
"miserable_pose_3_midj_as.jpg","1.0","0.0","1.0","0.0","2.22","0.42","2.9","0.3","1.0","0.0","2.64","0.48","1.0","0.0","3.0","0.0","1.0","0.0","3.84","0.37","3.12","0.33","6.0","0.0","1.0","0.0","6.0","0.0","4.24","0.43","1.94","0.24","4.86","0.35","",""
"miserable_pose_3_midj_euna.jpg","1.0","0.0","5.46","0.5","2.98","0.14","4.24","0.43","1.0","0.0","6.68","0.47","1.0","0.0","6.0","0.0","1.0","0.0","1.0","0.0","6.0","0.0","7.0","0.0","1.0","0.0","7.0","0.0","1.0","0.0","4.42","0.5","1.12","0.85","7.0","0.0"
"miserable_pose_3_midj_sa.jpg","1.0","0.0","2.0","0.0","4.0","0.0","3.0","0.0","1.0","0.0","2.96","0.2","1.0","0.0","4.0","0.0","1.2","0.4","2.0","0.0","5.22","0.42","6.94","0.24","1.14","0.35","6.92","0.27","2.0","0.0","2.18","0.39","5.88","0.59","",""
"miserablepose3_midj.jpg","1.0","0.0","5.38","0.49","2.82","0.39","4.18","0.39","1.0","0.0","6.6","0.49","1.0","0.0","6.0","0.0","1.0","0.0","1.02","0.14","6.0","0.0","7.0","0.0","1.0","0.0","7.0","0.0","1.0","0.0","4.5","0.51","1.0","0.0","7.0","0.0"
