image,amusement_Mean,amusement_Std,anger_Mean,anger_Std,attachment love_Mean,attachment love_Std,awe_Mean,awe_Std,craving_Mean,craving_Std,disgust_Mean,disgust_Std,excitement_Mean,excitement_Std,fear_Mean,fear_Std,joy_Mean,joy_Std,neutral_Mean,neutral_Std,nurturant love_Mean,nurturant love_Std,sadness_Mean,sadness_Std,positive_Mean,positive_Std,negative_Mean,negative_Std,calm_Mean,calm_Std,aroused_Mean,aroused_Std,motivated to approach_Mean,motivated to approach_Std,motivated to avoid_Mean,motivated to avoid_Std
amusement_new_10.jpg,6.02,0.1414,1.0,0.0,4.92,0.5284,2.18,0.3881,1.24,0.4314,1.0,0.0,4.4,0.5714,1.0,0.0,5.34,0.4785,2.34,0.7174,3.64,0.7494,1.18,0.3881,6.02,0.1414,1.0,0.0,3.86,0.7562,4.72,0.6074,6.02,0.1414,1.04,0.1979
amusement_new_11.jpg,6.0,0.0,1.06,0.2399,5.28,0.4536,3.14,0.5718,1.2,0.4041,1.0,0.0,5.12,0.3283,1.34,0.4785,5.84,0.3703,2.44,0.5771,5.6,0.4949,1.04,0.1979,6.04,0.1979,1.0,0.0,3.78,0.7365,5.12,0.3283,6.04,0.1979,1.0,0.0
amusement_new_12.jpg,5.96,0.1979,1.82,0.3881,2.06,0.2399,3.32,0.5511,1.18,0.3881,2.0,0.0,5.06,0.2399,2.02,0.1414,5.02,0.1414,2.48,0.5436,1.94,0.2399,1.2,0.4041,5.1,0.303,2.0,0.0,2.0,0.0,5.12,0.3283,5.04,0.2828,2.66,0.5194
amusement_new_13.jpg,6.14,0.3505,1.0,0.0,5.3,0.7354,2.72,0.5729,1.72,0.4965,1.0,0.0,6.26,0.4431,1.0,0.0,6.7,0.4629,1.04,0.1979,3.3,0.8391,1.0,0.0,6.92,0.274,1.0,0.0,1.86,0.3505,6.04,0.1979,6.2,0.4041,1.0,0.0
amusement_new_14.jpg,6.22,0.4185,1.0,0.0,5.7,0.544,5.16,0.4677,1.28,0.4536,1.0,0.0,5.92,0.274,1.72,0.4536,6.04,0.1979,1.54,0.5035,5.8,0.4949,1.0,0.0,6.42,0.4986,1.0,0.0,2.48,0.5436,5.56,0.5014,6.04,0.1979,1.2,0.4041
amusement_new_15.jpg,6.0,0.0,1.0,0.0,5.1,0.3642,2.52,0.5436,1.1,0.303,1.0,0.0,4.42,0.5379,1.96,0.1979,5.44,0.5014,2.34,0.7174,5.6,0.4949,1.26,0.4431,6.0,0.0,1.72,0.4536,2.72,0.7296,5.34,0.4785,5.94,0.2399,1.48,0.5047
amusement_new_15_midj_af.jpg,5.66,0.4785,1.0,0.0,5.92,0.274,3.0,0.6389,1.48,0.5047,1.0,0.0,3.8,0.6389,1.94,0.2399,5.16,0.3703,3.76,0.8221,6.02,0.1414,1.86,0.3505,6.0,0.0,1.24,0.4314,5.62,0.4903,4.48,0.6465,5.96,0.1979,1.24,0.4314
amusement_new_15_midj_as.jpg,6.0,0.0,1.0,0.0,5.94,0.3136,3.2,0.6061,1.24,0.4314,1.0,0.0,3.92,0.5657,1.96,0.1979,5.72,0.4536,3.38,0.7796,6.04,0.1979,1.84,0.3703,6.04,0.1979,1.2,0.4041,5.86,0.3505,4.38,0.6024,6.02,0.1414,1.18,0.3881
amusement_new_15_midj_euna.jpg,6.0,0.0,1.0,0.0,5.1,0.3642,2.52,0.5436,1.1,0.303,1.0,0.0,4.42,0.5379,1.96,0.1979,5.44,0.5014,2.34,0.7174,5.6,0.4949,1.26,0.4431,6.0,0.0,1.72,0.4536,2.72,0.7296,5.34,0.4785,5.94,0.2399,1.48,0.5047
amusement_new_15_midj_sa.jpg,6.02,0.1414,1.0,0.0,5.96,0.3476,3.56,0.6749,1.22,0.4185,1.0,0.0,4.7,0.5803,2.0,0.0,6.02,0.1414,1.96,0.4932,6.06,0.2399,1.96,0.1979,6.06,0.2399,1.26,0.4431,3.78,0.7365,4.92,0.5284,6.2,0.4041,1.24,0.4314
amusement_new_16.jpg,6.0,0.0,1.0,0.0,5.52,0.5047,2.1,0.303,4.5,0.7071,1.0,0.0,5.28,0.4536,1.0,0.0,6.04,0.1979,1.38,0.4903,5.24,0.5175,1.0,0.0,6.14,0.3505,1.0,0.0,3.32,0.7407,5.22,0.4185,6.06,0.2399,1.0,0.0
amusement_new_16_midj_af.jpg,6.02,0.1414,1.0,0.0,3.78,0.7365,2.66,0.5194,5.92,0.274,1.0,0.0,5.0,0.3499,1.0,0.0,6.0,0.0,1.98,0.4734,4.0,0.833,1.0,0.0,6.04,0.1979,1.0,0.0,3.38,0.6667,5.08,0.3959,6.04,0.1979,1.0,0.0
amusement_new_16_midj_as.jpg,6.14,0.3505,1.0,0.0,5.6,0.4949,4.64,0.598,5.5,0.5051,1.0,0.0,5.16,0.3703,1.0,0.0,6.0,0.0,1.96,0.4932,5.76,0.4764,1.0,0.0,6.06,0.2399,1.0,0.0,3.68,0.7126,5.2,0.4518,6.04,0.1979,1.0,0.0
amusement_new_16_midj_euna.jpg,6.0,0.0,1.0,0.0,5.52,0.5047,2.1,0.303,4.5,0.7071,1.0,0.0,5.28,0.4536,1.0,0.0,6.04,0.1979,1.38,0.4903,5.24,0.5175,1.0,0.0,6.14,0.3505,1.0,0.0,3.32,0.7407,5.22,0.4185,6.06,0.2399,1.0,0.0
amusement_new_16_midj_sa.jpg,6.04,0.1979,1.0,0.0,5.12,0.4352,2.44,0.5014,5.62,0.4903,1.0,0.0,5.14,0.4046,1.0,0.0,6.04,0.1979,1.36,0.4849,5.12,0.5938,1.0,0.0,6.2,0.4041,1.0,0.0,2.7,0.5803,5.66,0.4785,6.04,0.1979,1.0,0.0
amusement_new_17.jpg,6.0,0.0,1.0,0.0,5.04,0.4932,2.14,0.3505,1.08,0.274,1.0,0.0,4.62,0.5303,1.1,0.303,5.6,0.4949,2.18,0.5956,4.52,0.6773,1.22,0.4185,6.0,0.0,1.08,0.274,3.54,0.706,5.04,0.2828,5.92,0.274,1.04,0.1979
amusement_new_19.jpg,6.0,0.0,1.04,0.1979,4.36,0.598,2.1,0.303,3.9,0.9313,1.04,0.1979,4.32,0.5511,1.24,0.4314,5.12,0.3283,2.76,0.744,4.46,0.6764,1.9,0.303,6.0,0.0,1.48,0.5047,4.22,0.7365,4.4,0.5714,5.82,0.3881,1.24,0.4314
amusement_new_21.jpg,6.0,0.0,1.6,0.4949,4.38,0.6024,2.18,0.3881,1.24,0.4314,1.0,0.0,3.94,0.4699,1.86,0.3505,4.74,0.5646,4.52,0.6773,4.92,0.5284,2.0,0.0,5.92,0.274,1.8,0.4041,5.2,0.4518,3.7,0.7071,5.66,0.4785,1.28,0.4536
amusement_new_22.jpg,6.0,0.0,1.36,0.4849,3.84,0.7918,2.72,0.7296,1.06,0.2399,1.0,0.0,2.44,0.5014,1.22,0.4185,2.18,0.3881,5.1,0.6145,4.92,0.6337,1.9,0.3642,4.96,0.402,2.04,0.4499,4.86,0.6392,3.9,0.7071,4.8,0.6061,1.72,0.4536
amusement_new_24.jpg,6.04,0.1979,1.04,0.1979,3.54,0.706,3.08,0.5284,1.0,0.0,1.0,0.0,5.12,0.3283,1.04,0.1979,5.94,0.2399,2.02,0.5529,3.02,0.6543,1.0,0.0,6.02,0.1414,1.04,0.1979,3.62,0.753,4.38,0.6024,6.02,0.1414,1.1,0.303
amusement_new_25.jpg,6.0,0.0,1.04,0.1979,3.6,0.6701,3.28,0.6713,3.3,0.8864,2.74,0.487,4.42,0.5379,2.1,0.303,5.06,0.2399,3.74,0.7231,4.58,0.6728,1.24,0.4314,5.82,0.3881,2.0,0.0,4.8,0.6061,4.5,0.544,5.2,0.4041,3.02,0.6543
amusement_new_26.jpg,5.66,0.4785,1.0,0.0,4.68,0.6528,3.42,0.6091,1.78,0.4647,1.2,0.4041,3.6,0.5714,1.72,0.4536,5.0,0.3499,4.52,0.6773,5.44,0.5014,1.36,0.4849,5.62,0.4903,1.72,0.4536,5.56,0.5014,3.52,0.6141,5.1,0.303,1.96,0.1979
amusement_new_27.jpg,6.44,0.5014,1.0,0.0,6.0,0.2857,2.18,0.3881,1.42,0.4986,1.0,0.0,5.66,0.5194,1.0,0.0,6.6,0.4949,1.0,0.0,6.04,0.1979,1.0,0.0,6.96,0.1979,1.0,0.0,1.8,0.4518,5.5,0.7071,6.42,0.4986,1.0,0.0
amusement_new_30.jpg,6.04,0.1979,1.0,0.0,5.56,0.5014,3.3,0.6776,1.36,0.4849,1.0,0.0,5.14,0.4522,1.0,0.0,6.04,0.1979,1.36,0.4849,6.04,0.1979,1.0,0.0,6.5,0.5051,1.0,0.0,5.6,0.5345,4.64,0.6627,6.26,0.4431,1.0,0.0
amusement_new_31.jpg,5.92,0.274,1.0,0.0,5.1,0.6145,2.94,0.5115,1.74,0.4431,1.0,0.0,5.9,0.303,1.48,0.5047,6.02,0.1414,1.82,0.4375,5.82,0.3881,1.0,0.0,6.04,0.1979,1.04,0.1979,2.06,0.2399,5.9,0.303,6.04,0.1979,1.1,0.303
amusement_new_31_midj_af.jpg,4.8,0.6061,1.06,0.2399,6.04,0.1979,5.44,0.5014,1.98,0.5147,1.0,0.0,5.9,0.303,2.12,0.4798,6.02,0.1414,1.78,0.4647,6.04,0.1979,1.04,0.1979,6.06,0.2399,1.24,0.4314,2.72,0.7296,5.94,0.3136,6.04,0.1979,1.76,0.4314
amusement_new_31_midj_as.jpg,5.78,0.4185,1.76,0.4314,6.02,0.1414,4.56,0.5406,1.84,0.4219,1.22,0.4185,5.12,0.3283,2.14,0.3505,5.92,0.274,2.5,0.544,6.02,0.1414,1.0,0.0,6.0,0.0,1.84,0.3703,2.74,0.6328,5.34,0.4785,5.98,0.1414,2.06,0.2399
amusement_new_31_midj_euna.jpg,5.92,0.274,1.0,0.0,5.1,0.6145,2.94,0.5115,1.74,0.4431,1.0,0.0,5.9,0.303,1.48,0.5047,6.02,0.1414,1.82,0.4375,5.82,0.3881,1.0,0.0,6.04,0.1979,1.04,0.1979,2.06,0.2399,5.9,0.303,6.04,0.1979,1.1,0.303
amusement_new_31_midj_sa.jpg,6.04,0.1979,1.0,0.0,5.26,0.6328,4.5,0.544,1.48,0.5047,1.1,0.303,6.04,0.1979,1.34,0.4785,6.06,0.2399,1.34,0.4785,4.52,0.7351,1.0,0.0,6.14,0.3505,1.0,0.0,1.84,0.3703,6.04,0.1979,6.02,0.1414,1.54,0.5035
animals_173_h_midj.jpg,4.04,0.533,1.0,0.0,3.56,0.7045,3.72,0.5729,1.22,0.4185,1.0,0.0,2.44,0.5014,1.28,0.4536,4.86,0.4953,5.08,0.5284,4.42,0.6417,1.76,0.4314,5.94,0.2399,1.2,0.4041,6.04,0.1979,3.02,0.5529,5.66,0.4785,1.26,0.4431
poshighnonsoc_11_midj.jpg,6.04,0.1979,1.0,0.0,5.96,0.3476,2.82,0.5956,1.56,0.5014,1.0,0.0,5.96,0.3476,1.0,0.0,6.7,0.4629,1.04,0.1979,5.66,0.5194,1.0,0.0,6.96,0.1979,1.0,0.0,2.52,0.5436,5.62,0.4903,6.3,0.4629,1.0,0.0
poshighnonsoc_11_midj_af.jpg,5.06,0.3731,1.0,0.0,5.78,0.4185,2.66,0.5194,1.54,0.5035,1.0,0.0,4.42,0.5379,1.0,0.0,6.0,0.0,2.28,0.6713,5.14,0.5718,1.0,0.0,6.02,0.1414,1.0,0.0,5.02,0.5147,4.66,0.5928,6.02,0.1414,1.06,0.2399
poshighnonsoc_11_midj_as.jpg,5.16,0.3703,1.0,0.0,5.72,0.4536,2.0,0.0,1.62,0.5303,1.0,0.0,5.06,0.3731,1.0,0.0,6.0,0.0,2.24,0.6565,5.24,0.5175,1.0,0.0,6.0,0.0,1.0,0.0,4.08,0.6952,5.06,0.3731,6.02,0.1414,1.0,0.0
poshighnonsoc_11_midj_euna.jpg,6.04,0.1979,1.0,0.0,5.96,0.3476,2.82,0.5956,1.56,0.5014,1.0,0.0,5.96,0.3476,1.0,0.0,6.7,0.4629,1.04,0.1979,5.66,0.5194,1.0,0.0,6.96,0.1979,1.0,0.0,2.52,0.5436,5.62,0.4903,6.3,0.4629,1.0,0.0
poshighnonsoc_11_midj_sa.jpg,6.14,0.3505,1.0,0.0,5.32,0.6528,2.22,0.4185,1.64,0.5253,1.88,0.3283,6.06,0.2399,1.0,0.0,6.34,0.4785,1.08,0.274,4.46,0.8134,1.0,0.0,6.3,0.4629,1.0,0.0,1.2,0.4041,6.04,0.1979,6.06,0.2399,1.1,0.303
poshighnonsoc_19_midj.jpg,6.02,0.1414,1.0,0.0,4.44,0.7866,3.36,0.6312,1.1,0.303,1.0,0.0,5.08,0.3405,1.0,0.0,6.0,0.0,1.96,0.4932,5.5,0.5051,1.0,0.0,6.04,0.1979,1.0,0.0,3.92,0.7783,4.94,0.5115,6.04,0.1979,1.0,0.0
poshighnonsoc_19_midj_af.jpg,3.86,0.6704,1.0,0.0,6.02,0.1414,2.18,0.3881,1.7,0.4629,1.0,0.0,2.1,0.303,2.0,0.0,4.24,0.5555,4.76,0.6565,6.04,0.1979,2.44,0.5406,6.0,0.0,1.88,0.3283,6.02,0.1414,3.24,0.6247,6.0,0.0,1.42,0.4986
poshighnonsoc_19_midj_as.jpg,5.94,0.2399,2.0,0.0,4.14,0.7827,4.08,0.5284,1.2,0.4041,1.0,0.0,4.14,0.4953,1.92,0.274,2.8,0.6061,5.6,0.4949,3.76,0.8221,2.18,0.3881,5.22,0.4185,2.04,0.1979,5.92,0.274,3.94,0.6518,5.28,0.4536,2.0,0.0
poshighnonsoc_19_midj_euna.jpg,5.92,0.274,1.0,0.0,5.82,0.3881,3.28,0.6713,1.1,0.303,1.0,0.0,2.68,0.5127,1.0,0.0,4.94,0.5115,4.74,0.7775,5.66,0.4785,1.94,0.3136,6.0,0.0,1.1,0.303,6.0,0.0,3.2,0.6061,6.04,0.1979,1.0,0.0
poshighnonsoc_19_midj_sa.jpg,6.0,0.0,1.3,0.4629,5.04,0.4932,3.4,0.6389,1.38,0.4903,1.0,0.0,3.66,0.5573,1.82,0.3881,4.36,0.598,4.6,0.6999,5.12,0.5938,2.22,0.4185,5.92,0.274,1.88,0.3283,5.34,0.4785,4.22,0.5817,5.92,0.274,1.38,0.4903
9340_midj.jpg,1.38,0.4903,5.06,0.2399,1.0,0.0,1.06,0.2399,1.0,0.0,5.86,0.3505,1.84,0.3703,2.0,0.0,1.0,0.0,1.76,0.4314,1.0,0.0,5.16,0.3703,1.0,0.0,6.0,0.0,1.42,0.4986,2.86,0.7001,1.06,0.2399,5.92,0.274
anger_new_1.jpg,4.8,0.4041,2.82,0.7475,1.2,0.4041,2.18,0.3881,1.48,0.5047,3.8,0.4949,3.62,0.5675,1.86,0.3505,2.44,0.5014,3.8,0.7284,1.08,0.274,2.18,0.3881,2.62,0.5303,4.3,0.5051,2.78,0.5067,3.42,0.6091,2.02,0.1414,3.66,0.7174
anger_new_10.jpg,2.14,0.3505,2.0,0.0,1.88,0.3283,2.22,0.4185,2.58,0.7309,1.94,0.3136,4.0,0.4949,2.64,0.6627,2.64,0.4849,4.88,0.4798,1.24,0.4314,3.38,0.6024,3.42,0.6091,4.08,0.6952,4.4,0.5714,4.36,0.598,3.68,0.7126,4.4,0.8571
anger_new_11.jpg,1.0,0.0,5.72,0.4536,1.2,0.4041,1.84,0.3703,1.0,0.0,6.04,0.1979,1.88,0.3283,3.52,0.8142,1.0,0.0,1.38,0.4903,1.82,0.3881,6.02,0.1414,1.0,0.0,6.58,0.4986,1.28,0.4536,4.32,0.9134,1.34,0.4785,6.06,0.2399
anger_new_11_midj_af.jpg,1.0,0.0,5.08,0.3959,1.2,0.4041,1.92,0.3405,1.0,0.0,6.02,0.1414,2.0,0.0,2.8,0.6999,1.0,0.0,1.54,0.5035,1.6,0.4949,6.0,0.0,1.22,0.4185,6.26,0.4431,1.86,0.3505,3.72,0.7296,1.74,0.4431,6.06,0.2399
anger_new_11_midj_as.jpg,1.38,0.4903,5.12,0.3283,1.2,0.4041,1.98,0.2466,1.1,0.303,5.92,0.274,2.02,0.1414,3.4,0.8081,1.1,0.303,1.82,0.4375,1.98,0.4734,5.96,0.1979,1.38,0.4903,6.04,0.1979,1.92,0.274,3.86,0.7562,1.88,0.3283,5.92,0.274
anger_new_11_midj_euna.jpg,1.0,0.0,5.72,0.4536,1.2,0.4041,1.84,0.3703,1.0,0.0,6.04,0.1979,1.88,0.3283,3.52,0.8142,1.0,0.0,1.38,0.4903,1.82,0.3881,6.02,0.1414,1.0,0.0,6.58,0.4986,1.28,0.4536,4.32,0.9134,1.34,0.4785,6.06,0.2399
anger_new_11_midj_sa.jpg,1.08,0.274,5.46,0.5035,1.38,0.4903,2.36,0.4849,1.0,0.0,6.0,0.0,2.02,0.1414,2.94,0.7117,1.06,0.2399,1.26,0.4431,1.86,0.3505,6.02,0.1414,1.38,0.4903,6.3,0.4629,1.8,0.4041,4.54,0.706,1.88,0.3283,6.06,0.2399
anger_new_13.jpg,5.96,0.1979,2.0,0.3499,5.92,0.274,1.96,0.1979,3.4,0.9689,1.08,0.274,5.94,0.2399,1.98,0.3774,6.02,0.1414,1.86,0.4046,5.22,0.6788,1.26,0.4431,6.0,0.0,2.06,0.2399,1.96,0.1979,6.02,0.1414,6.04,0.1979,1.96,0.3476
anger_new_14.jpg,1.72,0.4536,6.3,0.4629,1.0,0.0,1.62,0.4903,1.0,0.0,3.42,0.9708,5.64,0.5253,5.94,0.3731,1.0,0.0,1.0,0.0,1.0,0.0,3.86,1.3403,1.0,0.0,6.58,0.4986,1.0,0.0,6.86,0.3505,1.06,0.2399,6.36,0.4849
anger_new_14_midj_af.jpg,5.8,0.4949,6.0,0.3499,1.0,0.0,2.1,0.4165,1.2,0.4041,2.74,0.6328,5.96,0.3476,5.64,0.6627,1.0,0.0,1.0,0.0,1.0,0.0,1.6,0.4949,1.2,0.4041,6.0,0.3499,1.0,0.0,6.7,0.4629,1.76,0.4314,6.04,0.1979
anger_new_14_midj_as.jpg,4.06,1.3001,6.48,0.5047,1.0,0.0,2.5,0.5803,1.1,0.303,2.48,0.6141,5.94,0.3731,5.94,0.3731,1.0,0.0,1.0,0.0,1.0,0.0,1.48,0.5047,1.0,0.0,6.26,0.4431,1.0,0.0,6.76,0.4314,1.42,0.4986,6.2,0.4041
anger_new_14_midj_euna.jpg,1.72,0.4536,6.3,0.4629,1.0,0.0,1.62,0.4903,1.0,0.0,3.42,0.9708,5.64,0.5253,5.94,0.3731,1.0,0.0,1.0,0.0,1.0,0.0,3.86,1.3403,1.0,0.0,6.58,0.4986,1.0,0.0,6.86,0.3505,1.06,0.2399,6.36,0.4849
anger_new_14_midj_sa.jpg,5.96,0.3476,5.22,1.2664,1.74,0.487,2.48,0.6141,1.22,0.4185,2.06,0.2399,5.5,0.5051,4.82,1.3805,2.02,0.5887,1.34,0.4785,1.82,0.4375,1.84,0.4677,1.88,0.5206,5.94,0.3731,1.12,0.3283,5.96,0.3476,2.06,0.5859,5.88,0.4352
anger_new_15.jpg,3.12,0.6893,2.8,0.8571,4.7,0.5803,1.34,0.4785,1.26,0.4431,2.0,0.0,5.16,0.3703,3.82,0.7743,3.96,0.8071,3.2,0.6061,3.84,0.7918,3.28,0.9044,3.82,0.6606,4.36,0.598,2.0,0.0,5.82,0.3881,5.14,0.5718,4.0,0.833
anger_new_2.jpg,2.1,0.303,2.06,0.2399,1.28,0.4536,1.8,0.4041,1.0,0.0,3.64,0.5253,2.0,0.0,2.72,0.5729,1.22,0.4185,3.4,0.8571,1.58,0.5379,2.74,0.6328,1.88,0.3283,4.22,0.4647,2.8,0.6999,3.26,0.8992,1.84,0.3703,4.74,0.5646
anger_new_3.jpg,1.0,0.0,3.98,1.3013,1.38,0.4903,1.48,0.5047,1.08,0.274,3.34,0.8478,3.78,1.2337,5.84,0.4219,1.0,0.0,1.0,0.0,1.38,0.4903,6.04,0.1979,1.0,0.0,6.58,0.4986,1.0,0.0,5.74,0.6328,1.28,0.4536,6.06,0.2399
anger_new_3_midj_af.jpg,1.08,0.274,4.48,0.9947,1.72,0.4536,1.9,0.3642,1.1,0.303,1.9,0.303,4.04,1.0683,5.5,0.5051,1.0,0.0,2.0,0.4949,1.48,0.5047,5.2,0.6061,1.1,0.303,6.02,0.1414,1.42,0.4986,5.8,0.4518,2.02,0.1414,5.94,0.2399
anger_new_3_midj_as.jpg,1.34,0.4785,3.7,0.8144,1.84,0.3703,1.98,0.2466,1.18,0.3881,2.04,0.1979,5.62,0.4903,5.08,0.3959,1.08,0.274,2.22,0.4185,1.32,0.4712,4.38,0.6024,1.86,0.3505,5.94,0.2399,1.6,0.4949,5.96,0.2828,2.22,0.4185,5.72,0.4536
anger_new_3_midj_euna.jpg,1.0,0.0,3.98,1.3013,1.38,0.4903,1.48,0.5047,1.08,0.274,3.34,0.8478,3.78,1.2337,5.84,0.4219,1.0,0.0,1.0,0.0,1.38,0.4903,6.04,0.1979,1.0,0.0,6.58,0.4986,1.0,0.0,5.74,0.6328,1.28,0.4536,6.06,0.2399
anger_new_3_midj_sa.jpg,1.34,0.4785,3.52,0.8142,1.74,0.4431,2.04,0.1979,1.04,0.1979,2.7,0.5803,5.62,0.4903,3.7,0.7071,1.0,0.0,2.56,0.7045,1.2,0.4041,3.14,0.7827,1.84,0.3703,5.92,0.274,1.24,0.4314,6.04,0.1979,2.4,0.6061,5.6,0.4949
anger_new_4.jpg,5.5,0.5051,5.46,0.5035,1.48,0.5047,5.36,0.5253,1.04,0.1979,4.38,0.6024,6.0,0.0,3.7,0.8631,2.42,0.6417,1.34,0.4785,1.1,0.303,2.02,0.1414,2.48,0.6141,5.6,0.4949,1.2,0.4041,6.04,0.1979,3.26,0.8992,5.44,0.5014
anger_new_5.jpg,1.22,0.4185,5.6,0.4949,1.28,0.4536,1.54,0.5035,1.0,0.0,6.0,0.0,2.0,0.0,2.0,0.0,1.1,0.303,1.48,0.5047,1.38,0.4903,6.0,0.0,1.2,0.4041,6.14,0.3505,1.88,0.3283,4.8,0.6061,1.8,0.4041,5.92,0.274
anger_new_5_midj_af.jpg,1.22,0.4185,5.1,0.303,1.7,0.4629,1.86,0.3505,1.0,0.0,6.0,0.0,2.02,0.1414,2.18,0.3881,1.48,0.5047,1.92,0.3959,1.76,0.4314,5.94,0.2399,1.84,0.3703,6.02,0.1414,1.96,0.1979,4.74,0.5646,2.0,0.0,5.92,0.274
anger_new_5_midj_as.jpg,1.22,0.4185,5.92,0.274,1.42,0.4986,3.1,0.8631,1.0,0.0,6.06,0.2399,2.18,0.3881,3.24,0.744,1.06,0.2399,1.28,0.4536,1.38,0.4903,6.04,0.1979,1.2,0.4041,6.44,0.5014,1.6,0.4949,5.84,0.4677,1.84,0.3703,6.06,0.2399
anger_new_5_midj_euna.jpg,1.22,0.4185,5.6,0.4949,1.28,0.4536,1.54,0.5035,1.0,0.0,6.0,0.0,2.0,0.0,2.0,0.0,1.1,0.303,1.48,0.5047,1.38,0.4903,6.0,0.0,1.2,0.4041,6.14,0.3505,1.88,0.3283,4.8,0.6061,1.8,0.4041,5.92,0.274
anger_new_5_midj_sa.jpg,1.22,0.4185,5.22,0.4185,1.38,0.4903,2.18,0.3881,1.0,0.0,6.0,0.0,2.06,0.2399,2.18,0.3881,1.26,0.4431,1.8,0.4041,1.6,0.4949,6.0,0.0,1.54,0.5035,6.04,0.1979,2.0,0.0,4.62,0.6354,2.0,0.0,5.94,0.3136
anger_new_6.jpg,1.86,0.3505,5.2,0.6061,1.28,0.4536,1.2,0.4041,1.0,0.0,2.34,0.5194,2.1,0.303,2.48,0.6141,1.22,0.4185,3.76,0.8466,1.04,0.1979,2.44,0.5771,1.72,0.4536,5.78,0.4185,2.0,0.3499,3.46,0.706,2.18,0.3881,5.82,0.3881
anger_new_8.jpg,2.14,0.3505,5.56,0.5014,1.0,0.0,1.26,0.4431,1.0,0.0,4.84,0.4677,5.04,0.2828,3.6,0.6701,1.24,0.4314,1.26,0.4431,1.0,0.0,3.18,0.7475,1.08,0.274,6.0,0.0,1.1,0.303,5.56,0.5014,1.88,0.3283,5.5,0.5051
garbagedump2_midj.jpg,1.0,0.0,5.48,0.5047,1.0,0.0,1.2,0.4041,1.0,0.0,6.0,0.0,1.22,0.4185,2.14,0.3505,1.0,0.0,1.24,0.4314,1.08,0.274,6.0,0.0,1.0,0.0,6.44,0.5014,1.22,0.4185,5.14,0.5718,1.0,0.0,6.04,0.1979
garbagedump4_midj.jpg,1.2,0.4041,5.1,0.303,1.0,0.0,1.6,0.4949,1.0,0.0,6.0,0.0,1.6,0.4949,2.66,0.5194,1.0,0.0,1.28,0.4536,1.0,0.0,6.0,0.0,1.0,0.0,6.24,0.4314,1.0,0.0,4.46,0.6764,1.0,0.0,6.04,0.1979
h038_midj.jpg,1.04,0.1979,2.84,0.8418,1.92,0.3959,1.72,0.4536,1.04,0.1979,4.38,0.6024,1.8,0.4041,3.82,0.7197,1.08,0.274,2.04,0.533,2.26,0.7508,5.9,0.303,1.28,0.4536,5.92,0.274,2.34,0.5194,3.16,0.7918,1.84,0.3703,5.34,0.4785
landscapes_026_h_midj.jpg,1.0,0.0,5.06,0.2399,1.0,0.0,1.04,0.1979,1.0,0.0,5.92,0.274,1.48,0.5047,2.0,0.0,1.0,0.0,1.48,0.5047,1.06,0.2399,5.6,0.4949,1.0,0.0,6.04,0.1979,1.2,0.4041,3.6,0.7559,1.06,0.2399,5.92,0.274
landscapes_139_h_midj.jpg,1.42,0.4986,4.96,0.2828,1.0,0.0,1.0,0.0,1.1,0.303,5.92,0.274,1.76,0.4314,1.94,0.2399,1.0,0.0,1.74,0.487,1.0,0.0,5.06,0.2399,1.0,0.0,6.02,0.1414,1.2,0.4041,3.32,0.7407,1.0,0.0,5.92,0.274
landscapes_139_h_midj_af.jpg,1.24,0.4314,5.06,0.2399,1.0,0.0,1.26,0.4431,1.0,0.0,5.92,0.274,1.84,0.3703,2.0,0.0,1.0,0.0,1.42,0.4986,1.1,0.303,5.72,0.4536,1.0,0.0,6.04,0.1979,1.74,0.4431,3.54,0.706,1.06,0.2399,5.9,0.303
landscapes_139_h_midj_as.jpg,1.42,0.4986,4.98,0.2466,1.08,0.274,2.4,0.5714,1.26,0.4431,5.6,0.4949,1.96,0.1979,2.0,0.0,1.36,0.4849,1.86,0.4046,1.12,0.3283,5.48,0.5047,1.6,0.4949,6.0,0.0,2.04,0.1979,3.34,0.6884,1.42,0.4986,5.92,0.274
landscapes_139_h_midj_euna.jpg,1.42,0.4986,4.96,0.2828,1.0,0.0,1.0,0.0,1.1,0.303,5.92,0.274,1.76,0.4314,1.94,0.2399,1.0,0.0,1.74,0.487,1.0,0.0,5.06,0.2399,1.0,0.0,6.02,0.1414,1.2,0.4041,3.32,0.7407,1.0,0.0,5.92,0.274
landscapes_139_h_midj_sa.jpg,1.0,0.0,5.62,0.4903,1.04,0.1979,1.6,0.4949,1.0,0.0,6.0,0.0,1.56,0.5014,2.18,0.3881,1.0,0.0,1.24,0.4314,1.22,0.4185,6.0,0.0,1.0,0.0,6.44,0.5014,1.26,0.4431,3.76,0.8221,1.08,0.274,6.04,0.1979
people_127_h_midj.jpg,1.58,0.4986,5.92,0.274,1.0,0.0,1.0,0.0,1.0,0.0,4.74,0.5646,5.6,0.4949,6.02,0.1414,1.0,0.0,1.04,0.1979,1.0,0.0,5.14,0.5718,1.0,0.0,6.36,0.4849,1.0,0.0,6.14,0.3505,1.28,0.4536,6.06,0.2399
picture3_midj.jpg,1.88,0.3283,5.1,0.544,2.6,0.6389,1.0,0.0,1.0,0.0,1.76,0.4314,5.22,0.4185,5.44,0.5014,1.0,0.0,1.08,0.274,2.14,0.3505,2.92,0.8041,1.1,0.303,6.0,0.0,1.1,0.303,6.04,0.1979,1.8,0.4041,5.96,0.1979
2340_midj.jpg,6.02,0.1414,1.0,0.0,6.06,0.2399,1.94,0.2399,1.08,0.274,1.0,0.0,3.98,0.5147,1.0,0.0,6.04,0.1979,1.28,0.4536,6.22,0.4185,1.0,0.0,6.42,0.4986,1.0,0.0,3.94,0.7117,5.08,0.3405,6.04,0.1979,1.0,0.0
2340_midj_af.jpg,4.38,0.6024,1.0,0.0,6.06,0.2399,2.1,0.303,1.1,0.303,1.0,0.0,2.98,0.3774,1.0,0.0,6.0,0.0,1.84,0.3703,6.2,0.4041,1.06,0.2399,6.04,0.1979,1.0,0.0,5.5,0.5051,4.02,0.5529,6.04,0.1979,1.0,0.0
2340_midj_as.jpg,6.04,0.1979,1.0,0.0,6.76,0.4314,2.0,0.202,1.1,0.303,1.0,0.0,4.52,0.6141,1.0,0.0,6.44,0.5014,1.0,0.0,6.92,0.274,1.0,0.0,6.96,0.1979,1.0,0.0,3.74,0.7231,5.22,0.4185,6.44,0.5014,1.0,0.0
2340_midj_euna.jpg,6.02,0.1414,1.0,0.0,6.06,0.2399,1.94,0.2399,1.08,0.274,1.0,0.0,3.98,0.5147,1.0,0.0,6.04,0.1979,1.28,0.4536,6.22,0.4185,1.0,0.0,6.42,0.4986,1.0,0.0,3.94,0.7117,5.08,0.3405,6.04,0.1979,1.0,0.0
2340_midj_sa.jpg,6.04,0.1979,1.0,0.0,6.6,0.4949,1.96,0.1979,1.1,0.303,1.0,0.0,5.08,0.3959,1.0,0.0,6.42,0.4986,1.0,0.0,6.82,0.3881,1.0,0.0,6.96,0.1979,1.0,0.0,3.86,0.7562,5.12,0.3283,6.3,0.4629,1.0,0.0
2398_midj.jpg,4.94,0.3136,1.0,0.0,5.1,0.303,2.18,0.3881,1.84,0.3703,1.0,0.0,5.0,0.0,1.6,0.4949,5.92,0.274,3.02,0.4734,3.38,0.6667,1.0,0.0,6.0,0.0,1.2,0.4041,4.48,0.5799,5.02,0.1414,5.72,0.4536,1.34,0.4785
2560_midj.jpg,3.64,0.5253,1.0,0.0,6.02,0.1414,4.64,0.4849,5.16,0.3703,1.0,0.0,3.84,0.4219,1.06,0.2399,5.66,0.4785,3.58,0.6417,6.04,0.1979,1.1,0.303,6.0,0.0,1.2,0.4041,5.94,0.2399,4.14,0.4953,6.0,0.0,1.06,0.2399
2580_midj.jpg,2.84,0.4219,1.26,0.4431,4.88,0.3283,1.56,0.5014,1.0,0.0,1.0,0.0,2.6,0.4949,1.06,0.2399,3.28,0.536,5.82,0.3881,2.8,0.6389,2.1,0.303,4.88,0.3283,2.02,0.1414,6.0,0.0,3.64,0.5253,4.16,0.5481,1.42,0.4986
attachment_love_new_2_midj_af.jpg,3.06,0.4243,1.0,0.0,6.8,0.4041,3.08,0.5284,1.7,0.4629,1.0,0.0,2.94,0.3136,1.0,0.0,5.82,0.3881,2.12,0.4798,6.92,0.274,1.04,0.1979,6.04,0.1979,1.0,0.0,6.04,0.1979,3.68,0.5127,6.04,0.1979,1.0,0.0
attachment_love_new_2_midj_as.jpg,4.56,0.5406,1.0,0.0,6.92,0.274,2.04,0.1979,1.1,0.303,1.0,0.0,3.04,0.402,1.0,0.0,6.0,0.0,2.0,0.4949,6.86,0.3505,1.0,0.0,6.26,0.4431,1.0,0.0,5.94,0.2399,4.26,0.5646,6.04,0.1979,1.0,0.0
attachment_love_new_2_midj_euna.jpg,3.7,0.5051,1.0,0.0,6.5,0.5051,3.24,0.6247,1.26,0.4431,1.0,0.0,3.34,0.5573,1.0,0.0,5.72,0.4536,2.0,0.4949,6.76,0.4314,1.42,0.4986,6.04,0.1979,1.0,0.0,6.02,0.1414,3.88,0.5584,6.04,0.1979,1.0,0.0
attachment_love_new_2_midj_sa.jpg,2.66,0.4785,1.0,0.0,6.44,0.5014,2.18,0.3881,1.24,0.4314,1.0,0.0,2.22,0.4185,1.0,0.0,5.22,0.4185,2.58,0.6728,6.7,0.4629,1.76,0.4314,6.02,0.1414,1.0,0.0,6.02,0.1414,3.52,0.6141,6.02,0.1414,1.0,0.0
attachment_love_new_3_midj_af.jpg,4.3,0.6468,1.0,0.0,6.7,0.4629,4.06,0.6518,1.42,0.4986,1.0,0.0,4.26,0.5646,1.0,0.0,6.36,0.4849,1.04,0.1979,6.42,0.4986,1.0,0.0,6.96,0.1979,1.0,0.0,5.44,0.5014,4.44,0.6115,6.36,0.4849,1.0,0.0
attachment_love_new_3_midj_as.jpg,3.62,0.6667,1.0,0.0,6.2,0.4041,2.3,0.4629,1.26,0.4431,1.0,0.0,3.04,0.402,1.0,0.0,6.02,0.1414,1.6,0.5345,6.06,0.2399,1.0,0.0,6.44,0.5014,1.0,0.0,5.6,0.4949,3.56,0.6115,6.06,0.2399,1.0,0.0
attachment_love_new_3_midj_euna.jpg,3.38,0.6024,1.0,0.0,6.92,0.274,2.44,0.5014,1.22,0.4185,1.0,0.0,3.28,0.536,1.0,0.0,6.06,0.2399,1.04,0.1979,6.62,0.4903,1.0,0.0,6.98,0.1414,1.0,0.0,5.72,0.4536,3.74,0.6642,6.36,0.4849,1.0,0.0
attachment_love_new_3_midj_sa.jpg,3.1,0.5051,1.0,0.0,6.5,0.5051,4.86,0.5349,1.42,0.4986,1.0,0.0,3.6,0.5714,1.0,0.0,6.04,0.1979,1.48,0.5047,6.44,0.5014,1.0,0.0,6.76,0.4314,1.0,0.0,5.62,0.4903,4.22,0.5817,6.42,0.4986,1.0,0.0
attachment_love_new_8_midj_af.jpg,2.64,0.4849,1.0,0.0,6.0,0.0,4.36,0.598,1.84,0.3703,1.0,0.0,2.72,0.4536,1.0,0.0,5.12,0.3283,3.18,0.7475,6.04,0.1979,2.02,0.1414,6.0,0.0,1.34,0.4785,6.0,0.0,3.52,0.6141,6.04,0.1979,1.0,0.0
attachment_love_new_8_midj_as.jpg,2.9,0.4165,1.0,0.0,6.42,0.4986,3.38,0.6024,1.76,0.4314,1.0,0.0,2.86,0.3505,1.0,0.0,5.92,0.274,2.12,0.4798,6.44,0.5014,1.0,0.0,6.26,0.4431,1.0,0.0,6.04,0.1979,3.34,0.5573,6.04,0.1979,1.0,0.0
attachment_love_new_8_midj_euna.jpg,3.72,0.5729,1.0,0.0,6.12,0.3283,4.06,0.55,1.84,0.3703,1.0,0.0,3.44,0.5014,1.0,0.0,6.0,0.0,1.74,0.4431,6.5,0.5051,1.0,0.0,6.44,0.5014,1.0,0.0,6.02,0.1414,4.26,0.5646,6.14,0.3505,1.0,0.0
attachment_love_new_8_midj_sa.jpg,4.02,0.5529,1.0,0.0,6.04,0.1979,2.66,0.5194,1.76,0.4314,1.0,0.0,3.54,0.5035,1.0,0.0,6.0,0.0,1.72,0.4536,6.06,0.2399,1.0,0.0,6.22,0.4185,1.0,0.0,5.92,0.274,4.14,0.4953,6.04,0.1979,1.0,0.0
attachmentlove_new_1.jpg,4.74,0.5646,1.0,0.0,6.36,0.4849,2.18,0.3881,5.34,0.4785,1.0,0.0,4.56,0.5406,1.0,0.0,6.36,0.4849,1.28,0.4536,6.06,0.2399,1.0,0.0,6.96,0.1979,1.0,0.0,5.72,0.4536,4.64,0.5628,6.26,0.4431,1.0,0.0
attachmentlove_new_10.jpg,2.02,0.1414,1.0,0.0,6.06,0.2399,6.04,0.1979,1.96,0.4932,1.0,0.0,3.46,0.5789,1.0,0.0,5.92,0.274,1.42,0.4986,5.46,0.6764,1.88,0.3283,6.14,0.3505,1.0,0.0,6.22,0.4185,3.94,0.7117,6.02,0.1414,1.0,0.0
attachmentlove_new_12.jpg,2.0,0.0,1.0,0.0,6.04,0.1979,2.0,0.0,2.12,0.5938,1.0,0.0,2.72,0.4536,1.0,0.0,5.22,0.4185,1.8,0.4041,5.8,0.4518,1.96,0.1979,6.0,0.0,1.06,0.2399,6.0,0.0,4.22,0.5817,6.0,0.0,1.0,0.0
attachmentlove_new_2.jpg,3.7,0.5051,1.0,0.0,6.5,0.5051,3.24,0.6247,1.26,0.4431,1.0,0.0,3.34,0.5573,1.0,0.0,5.72,0.4536,2.0,0.4949,6.76,0.4314,1.42,0.4986,6.04,0.1979,1.0,0.0,6.02,0.1414,3.88,0.5584,6.04,0.1979,1.0,0.0
attachmentlove_new_3.jpg,3.38,0.6024,1.0,0.0,6.92,0.274,2.44,0.5014,1.22,0.4185,1.0,0.0,3.28,0.536,1.0,0.0,6.06,0.2399,1.04,0.1979,6.62,0.4903,1.0,0.0,6.96,0.1979,1.0,0.0,5.72,0.4536,3.74,0.6642,6.36,0.4849,1.0,0.0
attachmentlove_new_5.jpg,1.88,0.3283,1.0,0.0,6.96,0.1979,2.06,0.2399,1.2,0.4041,1.0,0.0,2.64,0.4849,1.0,0.0,5.92,0.274,1.28,0.4536,6.64,0.4849,2.5,0.544,6.04,0.1979,1.24,0.4314,5.86,0.3505,3.42,0.6091,6.06,0.2399,1.0,0.0
attachmentlove_new_7.jpg,5.18,0.3881,1.0,0.0,6.6,0.4949,2.14,0.3505,4.74,0.5646,1.0,0.0,4.0,0.4949,1.0,0.0,6.04,0.1979,1.08,0.274,6.86,0.3505,1.0,0.0,6.92,0.274,1.0,0.0,5.56,0.5014,4.6,0.5345,6.14,0.3505,1.0,0.0
attachmentlove_new_8.jpg,3.72,0.5729,1.0,0.0,6.12,0.3283,4.06,0.55,1.84,0.3703,1.0,0.0,3.44,0.5014,1.0,0.0,6.0,0.0,1.74,0.4431,6.5,0.5051,1.0,0.0,6.44,0.5014,1.0,0.0,6.02,0.1414,4.26,0.5646,6.14,0.3505,1.0,0.0
attachmentlove_new_9.jpg,2.0,0.0,1.0,0.0,5.96,0.1979,4.88,0.3283,1.24,0.4314,1.0,0.0,2.0,0.0,1.0,0.0,4.7,0.4629,5.5,0.5051,6.0,0.0,2.14,0.3505,5.92,0.274,1.28,0.4536,6.24,0.4314,2.14,0.3505,5.04,0.4932,1.0,0.0
maps134_midj.jpg,3.66,0.5928,1.0,0.0,6.04,0.1979,2.62,0.5303,1.0,0.0,1.0,0.0,5.28,0.4536,1.0,0.0,6.04,0.1979,1.26,0.4431,6.0,0.0,1.0,0.0,6.44,0.5014,1.0,0.0,4.3,0.6468,5.06,0.2399,6.02,0.1414,1.0,0.0
maps138_midj.jpg,3.6,0.6389,1.0,0.0,4.64,0.4849,2.02,0.1414,1.0,0.0,1.0,0.0,3.66,0.5194,1.84,0.3703,5.12,0.3283,2.74,0.5646,4.96,0.3476,1.0,0.0,5.92,0.274,1.92,0.274,5.2,0.4041,3.76,0.4764,5.82,0.3881,1.8,0.4041
maps158_midj.jpg,3.86,0.7562,1.0,0.0,6.6,0.4949,2.14,0.3505,1.42,0.4986,1.0,0.0,5.96,0.3476,1.0,0.0,6.42,0.4986,1.0,0.0,6.06,0.2399,1.0,0.0,6.92,0.274,1.0,0.0,3.24,0.744,5.62,0.4903,6.14,0.3505,1.0,0.0
maps158_midj_af.jpg,2.74,0.5997,1.0,0.0,6.6,0.4949,2.22,0.4185,1.62,0.5303,1.0,0.0,4.48,0.6465,1.04,0.1979,6.04,0.1979,1.08,0.274,5.98,0.3774,1.1,0.303,6.3,0.4629,1.0,0.0,5.26,0.6328,4.74,0.5646,6.06,0.2399,1.0,0.0
maps158_midj_as.jpg,2.0,0.0,1.0,0.0,6.06,0.2399,2.68,0.5127,1.76,0.4314,1.0,0.0,4.08,0.5284,1.04,0.1979,5.82,0.3881,1.76,0.4764,5.5,0.7071,2.0,0.0,6.0,0.0,1.22,0.4185,5.44,0.5014,4.52,0.6141,6.0,0.0,1.0,0.0
maps158_midj_euna.jpg,3.86,0.7562,1.0,0.0,6.6,0.4949,2.14,0.3505,1.42,0.4986,1.0,0.0,5.96,0.3476,1.0,0.0,6.42,0.4986,1.0,0.0,6.06,0.2399,1.0,0.0,6.92,0.274,1.0,0.0,3.24,0.744,5.62,0.4903,6.14,0.3505,1.0,0.0
maps158_midj_sa.jpg,1.84,0.3703,1.0,0.0,6.04,0.1979,2.06,0.2399,2.48,0.8142,1.0,0.0,3.58,0.6091,1.88,0.3283,4.36,0.598,1.8,0.4041,5.22,0.6788,3.4,0.8081,5.92,0.274,2.0,0.0,5.16,0.3703,4.86,0.4953,5.98,0.1414,1.0,0.0
maps236_midj.jpg,5.02,0.3188,1.0,0.0,4.78,0.5455,2.18,0.3881,1.0,0.0,1.0,0.0,3.6,0.5714,2.0,0.0,5.82,0.3881,2.08,0.5284,3.58,0.7848,1.0,0.0,5.96,0.1979,1.04,0.1979,5.12,0.3283,4.16,0.5481,5.82,0.3881,1.92,0.274
picture197_mid.jpg,6.44,0.5014,1.0,0.0,5.7,0.5051,1.26,0.4431,1.04,0.1979,1.0,0.0,6.04,0.1979,1.0,0.0,6.96,0.1979,1.0,0.0,3.46,0.8621,1.0,0.0,6.96,0.1979,1.0,0.0,1.2,0.4041,5.92,0.274,6.14,0.3505,1.0,0.0
posmidsoc_3_midj.jpg,4.22,0.4647,1.0,0.0,5.92,0.274,1.92,0.274,1.08,0.274,1.0,0.0,3.58,0.4986,1.0,0.0,5.1,0.303,2.72,0.5729,5.92,0.274,1.42,0.4986,6.0,0.0,1.04,0.1979,5.34,0.4785,4.44,0.5014,5.94,0.2399,1.1,0.303
wedding4_midj.jpg,2.1,0.303,1.0,0.0,5.98,0.3188,5.04,0.2828,5.22,0.4185,1.0,0.0,3.98,0.5147,1.0,0.0,6.04,0.1979,1.84,0.5841,4.6,0.9897,1.0,0.0,6.44,0.5014,1.0,0.0,6.02,0.1414,3.6,0.6701,6.14,0.3505,1.0,0.0
awe_new_1.jpg,2.0,0.0,1.0,0.0,3.92,0.7783,6.06,0.2399,1.8,0.4041,1.0,0.0,3.22,0.5067,2.0,0.0,5.34,0.4785,3.86,0.7562,3.92,0.7783,1.8,0.4041,6.02,0.1414,1.0,0.0,6.58,0.4986,3.82,0.6606,6.0,0.0,1.04,0.1979
awe_new_1_midj_af.jpg,2.4,0.4949,1.0,0.0,3.4,0.8081,6.04,0.1979,1.88,0.3854,1.0,0.0,4.42,0.5379,1.34,0.4785,6.0,0.0,3.48,0.6773,3.14,0.7827,1.04,0.1979,6.06,0.2399,1.0,0.0,6.04,0.1979,4.96,0.402,6.02,0.1414,1.0,0.0
awe_new_1_midj_as.jpg,2.0,0.0,1.0,0.0,3.18,0.8497,6.04,0.1979,1.54,0.5035,1.0,0.0,3.06,0.4243,1.34,0.4785,5.72,0.4536,4.52,0.8862,3.38,0.9234,1.26,0.4431,6.04,0.1979,1.0,0.0,6.96,0.1979,3.98,0.5887,6.02,0.1414,1.0,0.0
awe_new_1_midj_euna.jpg,2.0,0.0,1.0,0.0,3.92,0.7783,6.06,0.2399,1.8,0.4041,1.0,0.0,3.22,0.5067,2.0,0.0,5.34,0.4785,3.86,0.7562,3.92,0.7783,1.8,0.4041,6.02,0.1414,1.0,0.0,6.58,0.4986,3.82,0.6606,6.0,0.0,1.04,0.1979
awe_new_1_midj_sa.jpg,2.0,0.0,1.0,0.0,3.28,0.8581,6.0,0.0,1.8,0.4041,1.0,0.0,2.72,0.4536,2.0,0.0,5.04,0.2828,5.02,0.6224,3.4,0.833,2.0,0.0,6.0,0.0,1.24,0.4314,6.42,0.4986,3.72,0.6402,5.72,0.4536,1.1,0.303
awe_new_2.jpg,2.0,0.0,1.0,0.0,1.8,0.4041,6.84,0.3703,1.0,0.0,1.0,0.0,4.14,0.4953,1.88,0.3283,3.9,0.6468,5.32,0.7407,1.34,0.4785,2.18,0.3881,5.92,0.274,1.04,0.1979,6.96,0.1979,3.28,0.6713,4.8,0.6061,1.0,0.0
awe_new_3.jpg,1.94,0.2399,1.0,0.0,1.8,0.4041,6.66,0.4785,1.04,0.1979,1.0,0.0,5.1,0.303,2.06,0.2399,4.56,0.5406,5.18,0.4819,1.24,0.4314,1.72,0.4536,6.0,0.0,1.26,0.4431,6.04,0.1979,4.38,0.6024,4.74,0.5646,1.86,0.3505
awe_new_4.jpg,2.0,0.0,1.0,0.0,1.6,0.4949,6.0,0.0,1.0,0.0,1.0,0.0,3.28,0.536,2.0,0.0,3.32,0.5511,5.6,0.4949,1.48,0.5047,3.3,0.6776,5.26,0.4431,2.06,0.2399,6.76,0.4314,2.6,0.4949,3.68,0.6833,1.94,0.2399
awe_new_5.jpg,2.0,0.0,1.0,0.0,2.12,0.4798,6.06,0.2399,1.2,0.4041,1.0,0.0,3.04,0.402,1.1,0.303,5.5,0.5051,5.86,0.4953,2.08,0.4445,1.9,0.303,6.06,0.2399,1.0,0.0,7.0,0.0,2.74,0.5646,5.98,0.3188,1.0,0.0
awe_new_6.jpg,2.24,0.4314,1.0,0.0,2.82,0.6289,6.0,0.0,1.36,0.4849,1.0,0.0,5.06,0.2399,1.38,0.4903,5.12,0.3283,4.22,0.5817,1.86,0.3505,1.94,0.2399,6.0,0.0,1.2,0.4041,5.86,0.3505,4.96,0.402,6.0,0.0,1.1,0.303
awe_new_7.jpg,2.04,0.1979,1.0,0.0,3.14,0.7827,6.02,0.1414,1.38,0.4903,1.0,0.0,3.6,0.5714,1.0,0.0,5.56,0.5014,4.32,0.9134,2.34,0.4785,1.56,0.5014,6.06,0.2399,1.0,0.0,6.5,0.5051,3.56,0.6749,6.04,0.1979,1.0,0.0
awe_new_8.jpg,1.96,0.1979,1.0,0.0,1.72,0.4536,6.86,0.3505,1.2,0.4041,1.0,0.0,4.9,0.4165,2.0,0.0,4.62,0.5303,3.24,0.9806,1.08,0.274,1.54,0.5035,6.02,0.1414,1.04,0.1979,6.0,0.2857,4.36,0.598,5.5,0.5051,1.38,0.4903
awe_new_8_midj_af.jpg,2.0,0.0,1.0,0.0,2.14,0.3505,6.58,0.4986,1.34,0.4785,1.0,0.0,5.0,0.3499,2.0,0.0,6.0,0.0,2.58,0.9916,1.9,0.3642,1.2,0.4041,6.36,0.4849,1.0,0.0,6.06,0.2399,4.62,0.6354,6.04,0.1979,1.1,0.303
awe_new_8_midj_as.jpg,2.0,0.0,1.0,0.0,2.14,0.4522,6.76,0.4314,1.3,0.4629,1.0,0.0,4.26,0.5646,2.0,0.0,5.72,0.4536,3.46,1.0144,1.98,0.3774,1.28,0.4536,6.2,0.4041,1.0,0.0,6.44,0.5014,4.7,0.5803,6.04,0.1979,1.08,0.274
awe_new_8_midj_euna.jpg,1.96,0.1979,1.0,0.0,1.72,0.4536,6.86,0.3505,1.2,0.4041,1.0,0.0,4.9,0.4165,2.0,0.0,4.62,0.5303,3.24,0.9806,1.08,0.274,1.54,0.5035,6.02,0.1414,1.04,0.1979,6.0,0.2857,4.36,0.598,5.5,0.5051,1.38,0.4903
awe_new_8_midj_sa.jpg,2.0,0.0,1.0,0.0,2.02,0.2466,6.22,0.4185,1.3,0.4629,1.0,0.0,4.76,0.5175,2.0,0.0,5.82,0.3881,2.48,0.7624,1.86,0.3505,1.26,0.4431,6.04,0.1979,1.18,0.3881,6.04,0.1979,5.04,0.4932,5.82,0.3881,1.6,0.4949
lake12_midj.jpg,2.0,0.0,1.0,0.0,2.46,0.5789,6.94,0.2399,1.36,0.4849,1.0,0.0,4.28,0.536,1.42,0.4986,6.02,0.1414,3.3,1.2495,2.08,0.4445,1.06,0.2399,6.92,0.274,1.0,0.0,6.96,0.1979,3.86,0.6704,6.3,0.4629,1.0,0.0
lake2_midj.jpg,2.0,0.0,1.0,0.0,2.44,0.5406,5.92,0.274,1.54,0.5035,1.0,0.0,2.3,0.4629,1.0,0.0,5.9,0.303,5.64,0.5628,2.44,0.5406,1.0,0.0,6.04,0.1979,1.0,0.0,6.86,0.3505,3.02,0.4734,6.0,0.0,1.0,0.0
landscapes_121_h_midj.jpg,2.22,0.4185,1.0,0.0,2.3,0.4629,5.82,0.3881,1.76,0.4314,1.0,0.0,3.32,0.5511,1.04,0.1979,5.92,0.274,5.16,0.6503,1.98,0.3188,1.38,0.4903,6.02,0.1414,1.0,0.0,6.44,0.5014,3.12,0.4798,5.96,0.1979,1.0,0.0
landscapes_140_v_midj.jpg,2.66,0.4785,1.0,0.0,2.64,0.6627,6.0,0.0,2.28,0.6074,1.0,0.0,4.42,0.5379,1.86,0.3505,6.0,0.0,4.16,0.8657,2.48,0.5436,1.28,0.4536,6.04,0.1979,1.04,0.1979,6.04,0.1979,3.86,0.6704,6.04,0.1979,1.04,0.1979
landscapes_154_h_midj.jpg,1.88,0.3283,1.0,0.0,2.02,0.1414,6.0,0.0,1.2,0.4041,1.0,0.0,3.7,0.5051,1.88,0.3283,4.88,0.3854,5.4,0.4949,1.82,0.3881,1.92,0.274,5.94,0.2399,1.26,0.4431,6.04,0.1979,3.32,0.5511,5.12,0.3283,1.48,0.5047
landscapes_180_h_midj.jpg,2.4,0.4949,1.0,0.0,2.52,0.5436,5.96,0.1979,1.98,0.5147,1.0,0.0,3.9,0.4165,1.04,0.1979,6.0,0.0,3.22,0.9538,2.24,0.4314,1.0,0.0,6.06,0.2399,1.0,0.0,6.04,0.1979,3.62,0.5675,6.04,0.1979,1.0,0.0
p045_midj.jpg,1.88,0.3283,1.0,0.0,1.84,0.3703,6.06,0.2399,1.08,0.274,1.0,0.0,4.38,0.5675,2.0,0.0,4.64,0.598,4.6,0.6999,1.76,0.4314,2.1,0.303,5.86,0.3505,1.88,0.3283,6.04,0.1979,4.06,0.5859,4.3,0.6776,1.94,0.2399
p067_midj.jpg,2.0,0.0,1.0,0.0,2.6,0.5345,6.0,0.0,1.34,0.4785,1.0,0.0,2.48,0.5047,1.0,0.0,6.0,0.0,4.52,1.0544,2.24,0.4314,1.72,0.4536,6.2,0.4041,1.0,0.0,6.92,0.274,3.14,0.5718,6.04,0.1979,1.0,0.0
p070_midj.jpg,2.44,0.5014,1.0,0.0,2.14,0.4522,6.04,0.1979,1.48,0.5047,1.0,0.0,5.08,0.274,2.0,0.0,5.92,0.274,3.62,0.6667,2.1,0.4165,1.22,0.4185,6.04,0.1979,1.0,0.0,6.0,0.0,5.08,0.3405,6.0,0.0,1.28,0.4536
p070_midj_af.jpg,2.14,0.3505,1.0,0.0,2.38,0.5303,6.76,0.4314,1.74,0.487,1.0,0.0,5.22,0.4185,1.92,0.274,6.02,0.1414,2.64,0.9638,2.3,0.4629,1.04,0.1979,6.76,0.4314,1.0,0.0,6.14,0.3505,5.08,0.3959,6.14,0.3505,1.0,0.0
p070_midj_as.jpg,2.06,0.2399,1.0,0.0,3.18,0.8497,6.44,0.5014,1.72,0.4536,1.0,0.0,4.74,0.5646,1.26,0.4431,6.02,0.1414,1.98,0.5887,2.24,0.4314,1.26,0.4431,6.92,0.274,1.0,0.0,6.76,0.4314,4.8,0.6061,6.36,0.4849,1.0,0.0
p070_midj_euna.jpg,2.44,0.5014,1.0,0.0,2.14,0.4522,6.04,0.1979,1.48,0.5047,1.0,0.0,5.08,0.274,2.0,0.0,5.92,0.274,3.62,0.6667,2.1,0.4165,1.22,0.4185,6.04,0.1979,1.0,0.0,6.0,0.0,5.08,0.3405,6.0,0.0,1.28,0.4536
p070_midj_sa.jpg,2.14,0.3505,1.0,0.0,2.14,0.4522,6.14,0.3505,1.28,0.4536,1.0,0.0,5.56,0.5014,2.48,0.5047,5.54,0.5035,4.46,0.6764,1.98,0.3774,2.0,0.0,6.0,0.0,1.78,0.4185,5.5,0.5051,5.22,0.4185,5.92,0.274,2.02,0.1414
p092_midj.jpg,2.02,0.1414,1.0,0.0,2.44,0.5406,6.04,0.1979,1.84,0.4219,1.0,0.0,4.4,0.5345,2.0,0.0,5.72,0.4536,3.48,0.7887,2.52,0.5436,1.76,0.4314,6.0,0.0,1.18,0.3881,6.04,0.1979,4.18,0.5226,5.94,0.2399,1.38,0.4903
p092_midj_af.jpg,2.66,0.5194,1.0,0.0,3.0,0.8081,6.14,0.3505,2.14,0.6064,1.0,0.0,5.1,0.3642,1.54,0.5035,6.04,0.1979,1.98,0.5147,3.24,0.8704,1.0,0.0,6.6,0.4949,1.0,0.0,6.06,0.2399,5.08,0.3959,6.14,0.3505,1.0,0.0
p092_midj_as.jpg,2.52,0.5047,1.0,0.0,2.64,0.6627,6.42,0.4986,2.2,0.6389,1.0,0.0,5.08,0.3959,1.22,0.4185,6.04,0.1979,1.62,0.5303,3.84,0.7918,1.04,0.1979,6.58,0.4986,1.0,0.0,6.04,0.1979,5.2,0.4518,6.34,0.4785,1.0,0.0
p092_midj_euna.jpg,2.0,0.0,1.0,0.0,2.48,0.5436,6.0,0.0,1.86,0.4046,1.0,0.0,4.2,0.4949,2.02,0.1414,5.22,0.4185,3.86,0.7562,2.48,0.5436,2.0,0.0,5.92,0.274,1.86,0.3505,6.0,0.0,3.88,0.6273,5.66,0.4785,1.88,0.3283
p092_midj_sa.jpg,2.14,0.3505,1.0,0.0,2.62,0.6354,6.5,0.5051,2.02,0.5529,1.0,0.0,5.08,0.3959,1.84,0.3703,6.04,0.1979,1.94,0.55,3.0,0.8081,1.0,0.0,6.7,0.4629,1.0,0.0,6.06,0.2399,5.14,0.4522,6.42,0.4986,1.0,0.0
poshighnonsoc_14_midj.jpg,2.14,0.3505,1.0,0.0,2.18,0.3881,6.3,0.4629,1.22,0.4185,1.0,0.0,5.04,0.2828,2.04,0.1979,5.08,0.3959,4.62,0.753,1.88,0.3283,2.1,0.303,5.94,0.2399,1.86,0.3505,6.04,0.1979,4.7,0.5803,5.82,0.3881,1.84,0.3703
poshighnonsoc_14_midj_af.jpg,2.48,0.5047,1.0,0.0,2.44,0.5406,6.42,0.4986,1.48,0.5047,1.0,0.0,5.02,0.3188,2.0,0.0,5.96,0.1979,3.36,1.0053,1.92,0.3405,1.54,0.5035,6.3,0.4629,1.0,0.0,6.3,0.4629,4.38,0.6024,6.04,0.1979,1.06,0.2399
poshighnonsoc_14_midj_as.jpg,2.04,0.1979,1.0,0.0,2.44,0.5406,6.6,0.4949,1.34,0.4785,1.0,0.0,4.4,0.5345,1.94,0.2399,5.6,0.4949,4.82,0.919,2.08,0.4445,1.94,0.2399,6.14,0.3505,1.0,0.0,6.92,0.274,4.14,0.6392,6.04,0.1979,1.0,0.0
poshighnonsoc_14_midj_euna.jpg,2.14,0.3505,1.0,0.0,2.18,0.3881,6.3,0.4629,1.22,0.4185,1.0,0.0,5.04,0.2828,2.04,0.1979,5.08,0.3959,4.62,0.753,1.88,0.3283,2.1,0.303,5.94,0.2399,1.86,0.3505,6.04,0.1979,4.7,0.5803,5.82,0.3881,1.84,0.3703
poshighnonsoc_14_midj_sa.jpg,2.4,0.4949,1.0,0.0,2.34,0.5194,6.96,0.1979,1.26,0.4431,1.0,0.0,5.5,0.5051,2.0,0.0,6.02,0.1414,3.02,1.02,1.92,0.3959,1.2,0.4041,6.6,0.4949,1.0,0.0,6.06,0.2399,5.28,0.4536,6.2,0.4041,1.1,0.303
poshighnonsoc_7_midj.jpg,2.78,0.5067,1.0,0.0,4.28,0.8816,6.04,0.1979,1.82,0.4375,1.0,0.0,4.38,0.5675,1.0,0.0,6.02,0.1414,1.86,0.4046,3.52,0.8142,1.86,0.3505,6.6,0.4949,1.0,0.0,6.06,0.2399,4.52,0.6773,6.26,0.4431,1.0,0.0
0147_midj.jpg,2.0,0.0,1.0,0.0,2.3,0.4629,2.18,0.3881,6.0,0.0,1.0,0.0,3.4,0.5714,1.0,0.0,5.82,0.3881,2.2,0.6701,3.06,0.7931,1.0,0.0,6.0,0.0,1.04,0.1979,4.38,0.6024,3.38,0.6024,6.0,0.0,1.0,0.0
0325_midj.jpg,2.06,0.2399,1.0,0.0,2.6,0.6701,2.54,0.5425,6.0,0.0,1.0,0.0,3.74,0.5997,1.0,0.0,5.96,0.1979,1.88,0.5584,2.8,0.7284,1.0,0.0,6.0,0.0,1.0,0.0,3.82,0.7197,3.4,0.7559,6.04,0.1979,1.0,0.0
7330_midj.jpg,2.22,0.4185,1.0,0.0,1.92,0.3959,2.66,0.5194,6.06,0.2399,1.0,0.0,4.04,0.533,1.0,0.0,6.0,0.0,1.22,0.4185,2.44,0.5406,1.0,0.0,6.04,0.1979,1.0,0.0,3.18,0.5956,3.98,0.6848,6.06,0.2399,1.0,0.0
7405_midj.jpg,2.18,0.3881,1.0,0.0,3.24,0.8704,2.4,0.4949,6.0,0.0,1.0,0.0,3.12,0.4798,1.0,0.0,5.96,0.1979,2.02,0.5529,4.7,0.5803,1.0,0.0,6.0,0.0,1.0,0.0,5.06,0.3731,3.16,0.5841,6.02,0.1414,1.0,0.0
7405_midj_af.jpg,2.02,0.1414,1.0,0.0,3.78,0.7365,2.02,0.1414,5.86,0.3505,1.0,0.0,2.72,0.4536,1.0,0.0,5.82,0.3881,2.74,0.8526,4.62,0.6354,1.0,0.0,6.0,0.0,1.0,0.0,5.12,0.3283,3.16,0.6181,6.0,0.0,1.0,0.0
7405_midj_as.jpg,2.04,0.1979,1.0,0.0,3.32,0.8192,2.02,0.1414,5.84,0.3703,1.0,0.0,3.22,0.5067,1.0,0.0,5.54,0.5035,3.24,0.744,4.38,0.6024,1.0,0.0,6.0,0.0,1.08,0.274,4.7,0.6145,3.6,0.6701,6.0,0.0,1.0,0.0
7405_midj_euna.jpg,2.18,0.3881,1.0,0.0,3.24,0.8704,2.4,0.4949,6.0,0.0,1.0,0.0,3.12,0.4798,1.0,0.0,5.96,0.1979,2.04,0.533,4.7,0.5803,1.0,0.0,6.0,0.0,1.0,0.0,5.06,0.3731,3.14,0.5718,6.02,0.1414,1.0,0.0
7405_midj_sa.jpg,2.18,0.3881,1.0,0.0,2.1,0.4165,3.38,0.6024,6.04,0.1979,1.0,0.0,4.08,0.5284,1.0,0.0,6.0,0.0,1.58,0.5379,2.98,0.8204,1.0,0.0,6.04,0.1979,1.0,0.0,3.44,0.7329,3.68,0.7126,6.14,0.3505,1.0,0.0
craving_new_1.jpg,2.0,0.0,1.0,0.0,1.8,0.4041,2.02,0.1414,6.04,0.1979,1.48,0.5047,4.12,0.5206,1.0,0.0,5.66,0.4785,1.74,0.6328,1.84,0.3703,1.0,0.0,6.0,0.0,1.48,0.5047,2.14,0.3505,4.2,0.6061,6.14,0.3505,1.06,0.2399
craving_new_10.jpg,2.06,0.2399,1.0,0.0,2.3,0.5803,2.28,0.4536,6.04,0.1979,1.0,0.0,4.02,0.5147,1.0,0.0,6.0,0.0,2.04,0.533,2.78,0.7083,1.0,0.0,6.04,0.1979,1.0,0.0,3.28,0.6713,4.38,0.6024,6.32,0.4712,1.0,0.0
craving_new_11.jpg,2.0,0.0,1.0,0.0,2.44,0.5406,3.02,0.5529,6.04,0.1979,1.0,0.0,3.18,0.5226,1.0,0.0,5.92,0.274,2.3,0.7071,3.32,0.8192,1.0,0.0,6.0,0.0,1.0,0.0,5.22,0.4185,3.74,0.7231,6.04,0.1979,1.0,0.0
craving_new_12.jpg,2.14,0.3505,1.0,0.0,2.48,0.5436,2.44,0.5014,6.22,0.4185,1.0,0.0,3.56,0.6115,1.0,0.0,6.0,0.0,1.42,0.4986,4.54,0.706,1.0,0.0,6.2,0.4041,1.0,0.0,5.04,0.4932,3.78,0.7083,6.44,0.5014,1.0,0.0
craving_new_13.jpg,1.86,0.3505,1.0,0.0,4.2,0.8081,2.0,0.0,6.0,0.0,1.0,0.0,2.3,0.4629,1.0,0.0,5.56,0.5014,3.02,0.9581,5.26,0.487,1.0,0.0,6.0,0.0,1.04,0.1979,5.04,0.4932,2.74,0.5997,6.04,0.1979,1.0,0.0
craving_new_14.jpg,1.88,0.3283,1.0,0.0,3.58,0.7848,1.92,0.274,5.94,0.2399,1.6,0.4949,2.3,0.4629,1.0,0.0,5.06,0.2399,3.48,0.6773,5.08,0.3959,1.0,0.0,5.94,0.2399,1.1,0.303,4.14,0.6704,2.76,0.5911,6.0,0.0,1.1,0.303
craving_new_15.jpg,2.0,0.0,1.0,0.0,1.92,0.3959,2.18,0.3881,6.06,0.2399,1.06,0.2399,3.68,0.6833,1.0,0.0,5.92,0.274,1.74,0.487,2.12,0.4798,1.0,0.0,6.02,0.1414,1.0,0.0,2.62,0.5303,4.38,0.6024,6.42,0.4986,1.0,0.0
craving_new_16.jpg,2.0,0.0,1.0,0.0,1.84,0.3703,1.96,0.1979,6.0,0.0,1.1,0.303,4.14,0.4953,1.0,0.0,5.56,0.5014,2.0,0.5714,2.02,0.4734,1.0,0.0,6.0,0.0,1.22,0.4185,2.04,0.1979,4.22,0.5817,6.04,0.1979,1.04,0.1979
craving_new_1_midj_af.jpg,1.8,0.4041,1.0,0.0,2.12,0.4798,2.06,0.2399,6.0,0.0,1.0,0.0,3.16,0.5481,1.0,0.0,5.22,0.4185,3.48,0.6773,3.66,0.8478,1.0,0.0,6.0,0.0,1.1,0.303,3.62,0.753,3.44,0.7329,6.0,0.0,1.0,0.0
craving_new_1_midj_as.jpg,2.0,0.0,1.0,0.0,2.18,0.3881,2.0,0.0,5.92,0.274,1.08,0.274,3.38,0.5675,1.0,0.0,5.12,0.3283,3.52,0.6465,3.36,0.7762,1.0,0.0,5.92,0.274,1.2,0.4041,3.72,0.6402,3.58,0.6091,6.0,0.0,1.0,0.0
craving_new_1_midj_euna.jpg,2.0,0.0,1.0,0.0,1.8,0.4041,2.02,0.1414,6.04,0.1979,1.48,0.5047,4.12,0.5206,1.0,0.0,5.66,0.4785,1.74,0.6328,1.84,0.3703,1.0,0.0,6.0,0.0,1.48,0.5047,2.14,0.3505,4.2,0.6061,6.14,0.3505,1.06,0.2399
craving_new_1_midj_sa.jpg,2.0,0.0,1.0,0.0,2.18,0.5602,2.62,0.5303,6.02,0.1414,1.0,0.0,4.26,0.5646,1.0,0.0,6.0,0.0,2.4,0.7825,2.36,0.5628,1.0,0.0,6.04,0.1979,1.0,0.0,3.38,0.6667,4.36,0.598,6.06,0.2399,1.0,0.0
craving_new_2.jpg,2.0,0.0,1.0,0.0,2.04,0.533,3.5,0.6468,6.08,0.274,1.0,0.0,3.88,0.6273,1.0,0.0,6.0,0.0,1.42,0.4986,2.62,0.6966,1.0,0.0,6.04,0.1979,1.0,0.0,3.34,0.8478,3.34,0.8947,6.44,0.5014,1.0,0.0
craving_new_2_midj_af.jpg,1.88,0.3283,1.0,0.0,3.0,0.8081,2.02,0.1414,6.0,0.0,1.0,0.0,2.64,0.4849,1.0,0.0,5.22,0.4185,3.7,0.6468,4.34,0.7453,1.0,0.0,6.0,0.0,1.08,0.274,4.44,0.6115,2.92,0.6007,6.04,0.1979,1.0,0.0
craving_new_2_midj_as.jpg,1.9,0.303,1.0,0.0,1.92,0.4445,2.3,0.4629,6.04,0.1979,1.08,0.274,4.16,0.5481,1.0,0.0,5.92,0.274,2.1,0.7354,3.16,0.9337,1.0,0.0,6.04,0.1979,1.0,0.0,3.68,0.7126,4.44,0.6115,6.2,0.4041,1.0,0.0
craving_new_2_midj_euna.jpg,2.0,0.0,1.0,0.0,2.66,0.6581,2.28,0.4536,6.04,0.1979,1.0,0.0,3.68,0.5511,1.0,0.0,5.92,0.274,2.52,0.9089,3.24,0.8704,1.0,0.0,6.02,0.1414,1.0,0.0,4.16,0.5481,3.66,0.6884,6.04,0.1979,1.0,0.0
craving_new_2_midj_sa.jpg,1.88,0.3283,1.0,0.0,2.02,0.4281,2.1,0.303,6.0,0.0,1.1,0.303,3.02,0.4734,1.0,0.0,5.22,0.4185,2.26,0.6642,3.4,0.7559,1.0,0.0,6.0,0.0,1.1,0.303,3.68,0.7126,3.66,0.7174,6.02,0.1414,1.0,0.0
craving_new_3.jpg,2.22,0.4185,1.0,0.0,1.88,0.3854,4.12,0.5584,6.02,0.1414,1.0,0.0,4.62,0.5303,1.0,0.0,6.0,0.0,2.04,0.6376,2.04,0.4499,1.0,0.0,6.04,0.1979,1.0,0.0,4.8,0.6061,4.7,0.5803,6.14,0.3505,1.0,0.0
craving_new_3_midj_af.jpg,1.92,0.274,1.0,0.0,3.3,0.8631,2.22,0.4185,5.86,0.3505,1.2,0.4041,2.96,0.4499,1.0,0.0,5.18,0.3881,4.36,0.598,3.78,0.8154,1.0,0.0,6.0,0.0,1.24,0.4314,5.12,0.3283,3.56,0.6115,6.0,0.0,1.0,0.0
craving_new_3_midj_as.jpg,2.0,0.0,1.0,0.0,2.04,0.402,2.02,0.1414,6.0,0.0,1.0,0.0,3.88,0.5584,1.0,0.0,5.34,0.4785,3.52,0.6465,2.5,0.5803,1.0,0.0,6.0,0.0,1.24,0.4314,3.36,0.6312,4.06,0.55,6.0,0.0,1.0,0.0
craving_new_3_midj_euna.jpg,1.88,0.3283,1.0,0.0,3.58,0.7848,1.92,0.274,5.94,0.2399,1.6,0.4949,2.3,0.4629,1.0,0.0,5.06,0.2399,3.48,0.6773,5.08,0.3959,1.0,0.0,5.94,0.2399,1.1,0.303,4.14,0.6704,2.76,0.5911,6.0,0.0,1.1,0.303
craving_new_3_midj_sa.jpg,1.94,0.2399,1.0,0.0,2.74,0.7508,2.02,0.1414,5.72,0.4536,1.94,0.2399,3.06,0.4243,1.0,0.0,5.06,0.2399,4.4,0.5714,3.86,0.7562,1.08,0.274,5.92,0.274,1.84,0.3703,4.44,0.6115,3.14,0.5718,6.0,0.0,1.26,0.4431
craving_new_4.jpg,2.14,0.3505,1.0,0.0,3.92,0.7783,2.94,0.6197,6.06,0.2399,1.26,0.4431,3.88,0.5584,1.0,0.0,6.0,0.0,2.34,0.7174,2.72,0.7296,1.0,0.0,6.04,0.1979,1.0,0.0,5.14,0.5718,4.22,0.5817,6.44,0.5014,1.0,0.0
craving_new_4_midj_af.jpg,2.04,0.1979,1.0,0.0,3.3,0.6776,2.0,0.0,5.5,0.5051,1.06,0.2399,3.22,0.5067,1.0,0.0,5.06,0.2399,3.86,0.6704,4.36,0.598,1.08,0.274,5.92,0.274,1.34,0.4785,5.12,0.3283,3.64,0.5628,6.0,0.0,1.04,0.1979
craving_new_4_midj_as.jpg,2.6,0.4949,1.0,0.0,3.32,0.7407,4.36,0.598,6.0,0.0,1.48,0.5047,4.36,0.598,1.0,0.0,6.0,0.0,1.92,0.4445,3.94,0.8184,1.0,0.0,6.04,0.1979,1.0,0.0,4.38,0.6024,4.74,0.5646,6.06,0.2399,1.0,0.0
craving_new_4_midj_euna.jpg,2.14,0.3505,1.0,0.0,2.48,0.5436,2.44,0.5014,6.22,0.4185,1.0,0.0,3.56,0.6115,1.0,0.0,6.0,0.0,1.42,0.4986,4.54,0.706,1.0,0.0,6.2,0.4041,1.0,0.0,5.04,0.4932,3.78,0.7083,6.44,0.5014,1.0,0.0
craving_new_4_midj_sa.jpg,2.0,0.0,1.0,0.0,3.24,0.9161,3.68,0.6833,6.04,0.1979,1.0,0.0,3.52,0.6141,1.0,0.0,6.0,0.0,1.78,0.5455,3.96,0.8071,1.0,0.0,6.06,0.2399,1.0,0.0,4.58,0.6728,3.4,0.7559,6.3,0.4629,1.0,0.0
craving_new_5.jpg,2.0,0.0,1.0,0.0,2.48,0.7351,3.12,0.5938,6.04,0.1979,1.0,0.0,3.56,0.6115,1.0,0.0,6.0,0.0,1.38,0.4903,3.4,0.9258,1.0,0.0,6.06,0.2399,1.0,0.0,4.38,0.7796,3.68,0.7126,6.44,0.5014,1.0,0.0
craving_new_6.jpg,1.76,0.4314,1.0,0.0,1.42,0.4986,2.18,0.3881,6.04,0.1979,1.0,0.0,3.52,0.6141,1.0,0.0,5.16,0.3703,1.98,0.5887,1.82,0.3881,1.0,0.0,6.0,0.0,1.22,0.4185,3.54,0.706,3.86,0.7562,6.04,0.1979,1.0,0.0
craving_new_7.jpg,2.14,0.3505,1.0,0.0,3.38,0.9234,3.9,0.6468,6.06,0.2399,1.0,0.0,4.02,0.5529,1.0,0.0,6.06,0.2399,1.32,0.4712,4.12,0.8241,1.0,0.0,6.92,0.274,1.0,0.0,4.58,0.6728,3.98,0.6848,6.92,0.274,1.0,0.0
craving_new_8.jpg,2.0,0.0,1.0,0.0,2.66,0.6581,2.28,0.4536,6.04,0.1979,1.0,0.0,3.68,0.5511,1.0,0.0,5.92,0.274,2.52,0.9089,3.24,0.8704,1.0,0.0,6.02,0.1414,1.0,0.0,4.16,0.5481,3.66,0.6884,6.04,0.1979,1.0,0.0
craving_new_9.jpg,1.9,0.303,1.0,0.0,1.92,0.4445,2.3,0.4629,6.04,0.1979,1.08,0.274,4.16,0.5481,1.0,0.0,5.92,0.274,2.1,0.7354,3.16,0.9337,1.0,0.0,6.04,0.1979,1.0,0.0,3.68,0.7126,4.44,0.6115,6.2,0.4041,1.0,0.0
1119_bodyproducts_midj.jpg,1.26,0.4431,3.0,0.6389,1.0,0.0,1.0,0.0,1.0,0.0,6.58,0.4986,1.0,0.0,2.06,0.2399,1.0,0.0,1.06,0.2399,1.0,0.0,3.86,0.6704,1.0,0.0,6.92,0.274,1.0,0.0,2.66,0.8947,1.0,0.0,6.92,0.274
1120_bodyproducts_midj.jpg,2.42,0.5379,4.56,0.5406,1.0,0.0,1.0,0.0,1.0,0.0,6.0,0.0,2.0,0.0,2.0,0.0,1.0,0.0,1.78,0.4647,1.0,0.0,2.86,0.5718,1.0,0.0,6.0,0.0,1.04,0.1979,3.5,0.9091,1.0,0.0,6.04,0.1979
1139_bodyproducts_midj.jpg,1.48,0.5047,2.02,0.1414,1.0,0.0,1.0,0.0,1.0,0.0,6.98,0.1414,1.0,0.0,2.22,0.4185,1.0,0.0,1.0,0.0,1.0,0.0,2.36,0.4849,1.0,0.0,6.96,0.1979,1.0,0.0,2.22,0.7083,1.0,0.0,6.98,0.1414
1209_death_midj_af.jpg,1.0,0.0,2.46,0.5789,1.0,0.0,1.9,0.3642,1.0,0.0,6.06,0.2399,1.84,0.3703,5.34,0.4785,1.0,0.0,1.0,0.0,1.0,0.0,6.04,0.1979,1.0,0.0,6.92,0.274,1.0,0.0,3.48,1.313,1.0,0.0,6.42,0.4986
1209_death_midj_as.jpg,1.0,0.0,2.1,0.303,1.0,0.0,4.24,0.716,1.0,0.0,6.0,0.0,2.18,0.3881,5.06,0.2399,1.0,0.0,1.48,0.5047,1.0,0.0,6.0,0.0,1.0,0.0,6.04,0.1979,1.84,0.3703,2.98,0.8204,1.04,0.1979,6.0,0.0
1209_death_midj_euna.jpg,1.0,0.0,3.2,0.833,1.0,0.0,2.12,0.4798,1.04,0.1979,6.0,0.0,2.58,0.7025,5.28,0.4536,1.0,0.0,1.06,0.2399,1.0,0.0,6.0,0.0,1.0,0.0,6.26,0.4431,1.0,0.0,5.56,0.6749,1.0,0.0,6.02,0.1414
1209_death_midj_sa.jpg,1.0,0.0,2.02,0.1414,1.06,0.2399,2.98,0.9366,1.0,0.0,6.0,0.0,2.0,0.0,4.96,0.402,1.0,0.0,1.54,0.5035,1.48,0.5047,6.04,0.1979,1.0,0.0,6.14,0.3505,1.72,0.4536,2.78,0.864,1.0,0.0,6.04,0.1979
1271_hygiene_midj.jpg,1.6,0.4949,2.18,0.3881,1.0,0.0,1.08,0.274,1.0,0.0,6.0,0.0,1.88,0.3283,3.64,0.5628,1.0,0.0,1.58,0.5379,1.0,0.0,5.02,0.2466,1.0,0.0,6.04,0.1979,1.0,0.0,2.8,0.8571,1.0,0.0,6.2,0.4041
a100_midj.jpg,1.0,0.0,2.22,0.4185,1.0,0.0,1.38,0.4903,1.66,0.6884,6.02,0.1414,2.14,0.3505,4.14,0.4953,1.0,0.0,1.24,0.4314,1.0,0.0,4.5,0.544,1.0,0.0,6.04,0.1979,1.0,0.0,5.5,0.5051,1.2,0.4041,6.02,0.1414
animal_carcass_5_midj_af.jpg,1.0,0.0,2.44,0.5406,1.0,0.0,1.86,0.3505,1.0,0.0,6.0,0.0,1.72,0.4536,4.36,0.6312,1.0,0.0,1.04,0.1979,1.0,0.0,6.06,0.2399,1.0,0.0,6.76,0.4314,1.04,0.1979,2.16,0.5481,1.0,0.0,6.04,0.1979
animal_carcass_5_midj_as.jpg,1.0,0.0,2.04,0.4499,1.04,0.1979,2.34,0.6263,1.0,0.0,5.92,0.274,1.98,0.2466,4.76,0.8221,1.0,0.0,1.08,0.274,1.26,0.4431,6.58,0.4986,1.0,0.0,6.86,0.3505,1.36,0.4849,2.16,0.6503,1.0,0.0,6.06,0.2399
animal_carcass_5_midj_euna.jpg,1.0,0.0,2.82,0.6908,1.0,0.0,1.6,0.4949,1.0,0.0,6.02,0.1414,2.0,0.0,5.56,0.5014,1.0,0.0,1.04,0.1979,1.0,0.0,6.02,0.1414,1.0,0.0,6.58,0.4986,1.0,0.0,5.54,0.7616,1.0,0.0,6.06,0.2399
animal_carcass_5_midj_sa.jpg,1.0,0.0,1.34,0.4785,1.48,0.5047,2.48,0.6141,1.0,0.0,4.92,0.4882,1.72,0.4536,2.34,0.5194,1.0,0.0,1.52,0.5436,1.82,0.7475,6.3,0.4629,1.04,0.1979,6.2,0.4041,4.54,1.4172,1.2,0.4041,1.22,0.4185,5.72,0.4536
animalcarcass5_midj.jpg,1.0,0.0,2.82,0.6908,1.0,0.0,1.6,0.4949,1.0,0.0,6.02,0.1414,2.0,0.0,5.56,0.5014,1.0,0.0,1.04,0.1979,1.0,0.0,6.02,0.1414,1.0,0.0,6.58,0.4986,1.0,0.0,5.54,0.7616,1.0,0.0,6.06,0.2399
cockroach1_midj.jpg,1.98,0.2466,1.88,0.3283,1.0,0.0,1.88,0.3283,1.0,0.0,5.92,0.274,2.14,0.3505,5.06,0.2399,1.0,0.0,1.54,0.5035,1.0,0.0,1.1,0.303,1.24,0.4314,5.9,0.303,1.36,0.4849,5.24,0.6565,1.22,0.4185,6.0,0.0
deadbodies3_midj.jpg,1.0,0.0,4.32,0.9134,1.0,0.0,1.74,0.487,1.0,0.0,6.06,0.2399,1.22,0.4185,6.08,0.5657,1.0,0.0,1.0,0.0,1.0,0.0,7.0,0.0,1.0,0.0,7.0,0.0,1.0,0.0,4.9,1.9509,1.0,0.0,6.96,0.1979
dr08.alunmcdonald_oxfam-ccbyncnd2.0_midj.jpg,1.0,0.0,2.86,0.7287,1.0,0.0,1.92,0.3959,1.0,0.0,5.96,0.1979,1.8,0.4041,4.92,0.5284,1.0,0.0,1.18,0.3881,1.0,0.0,6.02,0.1414,1.0,0.0,6.42,0.4986,1.22,0.4185,2.7,0.9742,1.0,0.0,6.04,0.1979
dr32.padre_djacy_brasileiro-ccbyncnd2.0_midj.jpg,1.0,0.0,3.4,0.9258,1.0,0.0,1.6,0.4949,1.0,0.0,6.06,0.2399,1.04,0.1979,5.18,0.7197,1.0,0.0,1.0,0.0,1.0,0.0,7.0,0.0,1.0,0.0,7.0,0.0,1.0,0.0,1.86,0.5718,1.0,0.0,6.76,0.4314
dr32_padre_djacy_brasileiro-ccbyncnd2_0_midj_af.jpg,1.0,0.0,3.44,0.9071,1.0,0.0,1.72,0.4536,1.0,0.0,6.04,0.1979,1.04,0.1979,5.14,0.7562,1.0,0.0,1.0,0.0,1.0,0.0,7.0,0.0,1.0,0.0,7.0,0.0,1.0,0.0,1.98,0.6224,1.0,0.0,6.6,0.4949
dr32_padre_djacy_brasileiro-ccbyncnd2_0_midj_as.jpg,1.0,0.0,3.4,0.9258,1.04,0.1979,2.36,0.9424,1.0,0.0,5.92,0.3405,1.24,0.4314,4.42,0.8827,1.0,0.0,1.0,0.0,1.2,0.4041,7.0,0.0,1.0,0.0,7.0,0.0,1.0,0.0,1.96,0.4932,1.0,0.0,6.42,0.4986
dr32_padre_djacy_brasileiro-ccbyncnd2_0_midj_euna.jpg,1.0,0.0,2.0,0.0,1.0,0.0,4.26,0.5646,1.0,0.0,5.06,0.2399,2.0,0.0,5.0,0.0,1.0,0.0,2.04,0.533,1.0,0.0,5.9,0.303,1.08,0.274,6.0,0.0,2.88,0.7183,2.52,0.5436,1.36,0.4849,5.44,0.5014
dr32_padre_djacy_brasileiro-ccbyncnd2_0_midj_sa.jpg,1.0,0.0,2.14,0.3505,1.0,0.0,3.04,0.9026,1.0,0.0,6.0,0.0,1.86,0.3505,5.1,0.3642,1.0,0.0,1.1,0.303,1.0,0.0,6.06,0.2399,1.0,0.0,6.6,0.4949,1.2,0.4041,2.76,0.9381,1.0,0.0,6.06,0.2399
dr42.oxfam_international-ccbyncnd2.0_midj.jpg,1.0,0.0,4.18,0.8003,1.0,0.0,2.0,0.4949,1.0,0.0,5.92,0.274,1.48,0.5047,5.14,0.5718,1.0,0.0,1.04,0.1979,1.0,0.0,6.64,0.4849,1.0,0.0,7.0,0.0,1.0,0.0,3.22,1.0934,1.0,0.0,6.42,0.4986
h022_midj.jpg,1.04,0.1979,1.74,0.4431,1.0,0.0,2.04,0.533,1.0,0.0,5.92,0.274,1.54,0.5035,5.96,0.3476,1.0,0.0,1.06,0.2399,1.0,0.0,6.36,0.4849,1.0,0.0,6.94,0.2399,1.2,0.4041,1.98,0.6224,1.0,0.0,6.3,0.4629
maps325_midj.jpg,1.0,0.0,1.78,0.4647,1.0,0.0,1.28,0.4536,1.0,0.0,7.0,0.0,1.88,0.4352,6.96,0.1979,1.0,0.0,1.0,0.0,1.0,0.0,5.98,0.5887,1.0,0.0,7.0,0.0,1.0,0.0,6.7,0.4629,1.0,0.0,7.0,0.0
maps325_midj_af.jpg,1.0,0.0,1.56,0.5014,1.0,0.0,1.24,0.4314,1.0,0.0,6.94,0.2399,1.76,0.4314,6.7,0.4629,1.0,0.0,1.0,0.0,1.0,0.0,6.5,0.5051,1.0,0.0,7.0,0.0,1.0,0.0,6.22,0.8401,1.0,0.0,7.0,0.0
maps325_midj_as.jpg,1.0,0.0,1.8,0.4041,1.0,0.0,1.24,0.4314,1.0,0.0,6.44,0.5014,1.86,0.4046,6.44,0.5014,1.0,0.0,1.0,0.0,1.36,0.5628,6.3,0.5803,1.0,0.0,7.0,0.0,1.0,0.0,6.6,0.4949,1.0,0.0,7.0,0.0
maps325_midj_euna.jpg,1.0,0.0,1.78,0.4647,1.0,0.0,1.28,0.4536,1.0,0.0,7.0,0.0,1.88,0.4352,6.96,0.1979,1.0,0.0,1.0,0.0,1.0,0.0,5.98,0.5887,1.0,0.0,7.0,0.0,1.0,0.0,6.7,0.4629,1.0,0.0,7.0,0.0
maps325_midj_sa.jpg,1.0,0.0,1.6,0.4949,1.0,0.0,1.58,0.5379,1.0,0.0,6.36,0.4849,1.98,0.4734,6.02,0.6224,1.0,0.0,1.0,0.0,1.1,0.303,6.42,0.4986,1.0,0.0,7.0,0.0,1.0,0.0,4.98,1.7319,1.0,0.0,6.96,0.1979
maps349_midj.jpg,1.0,0.0,1.98,0.2466,1.0,0.0,1.0,0.0,1.0,0.0,6.96,0.1979,1.1,0.303,6.14,0.3505,1.0,0.0,1.0,0.0,1.0,0.0,5.74,0.5272,1.0,0.0,7.0,0.0,1.0,0.0,6.86,0.3505,1.0,0.0,7.0,0.0
neghighnonsoc_7_midj.jpg,1.0,0.0,3.86,1.1782,1.0,0.0,1.98,0.5147,1.0,0.0,6.96,0.1979,1.9,0.3642,6.06,0.2399,1.0,0.0,1.0,0.0,1.0,0.0,5.7,0.544,1.0,0.0,7.0,0.0,1.0,0.0,6.08,0.4882,1.0,0.0,7.0,0.0
neghighnonsoc_7_midj_af.jpg,1.0,0.0,3.86,1.1782,1.0,0.0,1.98,0.5147,1.0,0.0,6.96,0.1979,1.9,0.3642,6.06,0.2399,1.0,0.0,1.0,0.0,1.0,0.0,5.7,0.544,1.0,0.0,7.0,0.0,1.0,0.0,6.08,0.4882,1.0,0.0,7.0,0.0
neghighnonsoc_7_midj_as.jpg,1.0,0.0,2.0,0.4518,1.1,0.303,2.92,0.9442,1.1,0.303,6.26,0.4431,2.14,0.3505,5.7,0.5051,1.0,0.0,1.04,0.1979,1.08,0.274,6.04,0.1979,1.0,0.0,6.76,0.4314,1.2,0.4041,5.48,1.0349,1.0,0.0,6.44,0.5014
neghighnonsoc_7_midj_euna.jpg,1.2,0.4041,2.08,0.4445,1.26,0.4431,1.86,0.4046,1.88,0.659,6.06,0.2399,1.94,0.2399,5.16,0.6503,1.0,0.0,1.2,0.4041,1.36,0.4849,6.04,0.1979,1.0,0.0,6.3,0.4629,1.6,0.4949,4.26,1.5361,1.2,0.4041,6.3,0.4629
neghighnonsoc_7_midj_sa.jpg,1.8,0.4041,2.1,0.4165,1.42,0.4986,4.42,0.8104,2.02,0.742,5.92,0.274,2.48,0.5436,4.3,0.7071,1.0,0.0,1.92,0.4445,1.54,0.5035,5.66,0.4785,1.6,0.4949,6.0,0.0,1.92,0.3959,4.6,0.9897,1.86,0.3505,5.92,0.274
neghighnonsoc_8_midj.jpg,1.0,0.0,2.1,0.303,1.0,0.0,1.8,0.4041,1.08,0.274,6.06,0.2399,1.92,0.274,5.6,0.4949,1.0,0.0,1.04,0.1979,1.0,0.0,5.94,0.3136,1.0,0.0,6.5,0.5051,1.0,0.0,5.34,0.9172,1.0,0.0,6.14,0.3505
people_198_h_midj.jpg,1.0,0.0,1.88,0.3283,1.0,0.0,1.0,0.0,1.0,0.0,7.0,0.0,1.0,0.0,6.6,0.4949,1.0,0.0,1.0,0.0,1.06,0.2399,6.3,0.4629,1.0,0.0,7.0,0.0,1.0,0.0,6.82,0.3881,1.0,0.0,7.0,0.0
people_218_v_mid.jpg,1.0,0.0,1.88,0.3854,1.0,0.0,1.0,0.0,1.0,0.0,7.0,0.0,1.04,0.1979,6.3,0.4629,1.0,0.0,1.0,0.0,1.0,0.0,5.92,0.4445,1.0,0.0,7.0,0.0,1.0,0.0,6.92,0.274,1.0,0.0,7.0,0.0
people_364_v_mid.jpg,1.0,0.0,1.54,0.5035,1.0,0.0,1.26,0.4431,1.0,0.0,7.0,0.0,1.26,0.4431,6.96,0.1979,1.0,0.0,1.0,0.0,1.2,0.4041,6.96,0.1979,1.0,0.0,7.0,0.0,1.0,0.0,6.6,0.4949,1.0,0.0,7.0,0.0
test_a.jpg,1.0,0.0,1.48,0.5047,1.0,0.0,1.2,0.4041,1.0,0.0,7.0,0.0,1.54,0.5035,7.0,0.0,1.0,0.0,1.0,0.0,1.0,0.0,6.46,0.6455,1.0,0.0,7.0,0.0,1.0,0.0,6.94,0.2399,1.0,0.0,7.0,0.0
8465_midj.jpg,3.08,0.3959,1.2,0.4041,1.94,0.2399,4.62,0.5303,1.88,0.3854,1.0,0.0,5.06,0.2399,1.34,0.4785,5.22,0.4185,3.82,0.7197,1.76,0.4314,1.24,0.4314,6.0,0.0,1.28,0.4536,4.8,0.6061,5.44,0.5014,5.92,0.274,1.22,0.4185
8540_midj.jpg,3.38,0.6354,1.0,0.0,5.6,0.4949,3.2,0.6061,1.12,0.3283,1.0,0.0,5.92,0.274,1.0,0.0,6.14,0.3505,1.18,0.3881,3.46,0.8621,1.0,0.0,6.76,0.4314,1.0,0.0,3.86,0.7562,5.08,0.3405,6.04,0.1979,1.0,0.0
8540_midj_af.jpg,3.24,0.6247,1.0,0.0,5.84,0.3703,2.62,0.5303,1.1,0.303,1.0,0.0,5.96,0.2828,1.0,0.0,6.32,0.4712,1.08,0.274,3.92,0.7783,1.0,0.0,6.8,0.4041,1.0,0.0,3.42,0.6091,5.08,0.3959,6.04,0.1979,1.0,0.0
8540_midj_as.jpg,3.26,0.6943,1.0,0.0,5.6,0.4949,3.66,0.6884,1.1,0.303,1.0,0.0,6.04,0.1979,1.0,0.0,6.36,0.4849,1.04,0.1979,3.34,0.8947,1.0,0.0,6.92,0.274,1.0,0.0,2.52,0.5436,5.66,0.4785,6.06,0.2399,1.0,0.0
8540_midj_euna.jpg,3.38,0.6354,1.0,0.0,5.6,0.4949,3.2,0.6061,1.12,0.3283,1.0,0.0,5.92,0.274,1.0,0.0,6.14,0.3505,1.18,0.3881,3.46,0.8621,1.0,0.0,6.76,0.4314,1.0,0.0,3.82,0.7743,5.08,0.3405,6.04,0.1979,1.0,0.0
8540_midj_sa.jpg,2.22,0.4185,1.0,0.0,4.7,0.5803,2.18,0.3881,1.28,0.4536,1.0,0.0,4.96,0.402,1.0,0.0,5.5,0.5051,3.24,0.744,2.88,0.7183,1.0,0.0,6.0,0.0,1.0,0.0,4.7,0.5803,4.1,0.5803,5.86,0.3505,1.0,0.0
excitement_new_10.jpg,5.08,0.5284,1.2,0.4041,1.42,0.4986,5.96,0.1979,1.48,0.5047,1.0,0.0,6.04,0.1979,3.58,0.6091,5.92,0.274,1.72,0.4965,1.0,0.0,1.0,0.0,5.94,0.2399,1.84,0.3703,1.54,0.5035,6.06,0.2399,5.78,0.4185,2.04,0.402
excitement_new_11.jpg,2.34,0.5194,1.08,0.274,1.84,0.4219,3.1,0.8631,1.22,0.4185,1.0,0.0,7.0,0.0,1.0,0.0,7.0,0.0,1.0,0.0,1.04,0.1979,1.0,0.0,7.0,0.0,1.0,0.0,1.0,0.0,7.0,0.0,7.0,0.0,1.0,0.0
excitement_new_12.jpg,4.04,0.7548,1.0,0.0,1.08,0.274,6.04,0.1979,1.2,0.4041,1.0,0.0,6.58,0.4986,4.48,0.5799,5.94,0.3136,1.34,0.4785,1.0,0.0,1.0,0.0,6.0,0.0,1.76,0.4314,1.42,0.4986,6.42,0.4986,5.9,0.303,3.24,1.6483
excitement_new_13_midj_af.jpg,2.3,0.4629,1.94,0.2399,1.82,0.3881,5.9,0.303,1.22,0.4185,1.0,0.0,6.0,0.0,4.66,0.5573,2.4,0.4949,3.68,0.7126,1.1,0.303,1.88,0.3283,4.74,0.5646,2.76,0.6247,2.06,0.2399,5.9,0.303,5.14,0.4046,3.7,0.953
excitement_new_13_midj_as.jpg,2.22,0.4185,1.6,0.4949,1.94,0.3136,5.96,0.1979,1.06,0.2399,1.0,0.0,6.0,0.0,4.96,0.3476,3.86,0.6704,3.62,0.6667,1.26,0.4431,1.76,0.4314,5.16,0.3703,2.72,0.5729,1.96,0.1979,6.04,0.1979,5.82,0.3881,5.18,0.6289
excitement_new_13_midj_euna.jpg,2.0,0.0,1.86,0.3505,1.76,0.4314,5.66,0.4785,1.04,0.1979,1.0,0.0,6.0,0.0,5.06,0.2399,2.14,0.3505,3.14,0.7827,1.04,0.1979,1.84,0.3703,4.38,0.6024,4.36,0.598,1.94,0.2399,6.04,0.1979,5.4,0.5345,5.5,0.5051
excitement_new_13_midj_sa.jpg,2.0,0.0,1.84,0.3703,1.92,0.3405,5.94,0.2399,1.08,0.274,1.0,0.0,6.0,0.0,5.06,0.2399,2.32,0.4712,3.68,0.6833,1.42,0.4986,2.0,0.0,4.44,0.6115,3.98,0.6848,2.0,0.0,6.0,0.0,5.56,0.5014,5.44,0.5014
excitement_new_14.jpg,5.14,0.8084,1.0,0.0,3.9,0.7626,5.12,0.4352,1.34,0.4785,1.0,0.0,6.96,0.1979,1.0,0.0,6.94,0.2399,1.0,0.0,2.04,0.1979,1.0,0.0,6.96,0.1979,1.0,0.0,1.06,0.2399,6.7,0.4629,6.6,0.4949,1.0,0.0
excitement_new_15.jpg,3.58,0.7848,1.0,0.0,2.24,0.6247,4.72,0.6713,1.1,0.303,1.0,0.0,7.0,0.0,1.0,0.0,7.0,0.0,1.0,0.0,1.28,0.4536,1.0,0.0,7.0,0.0,1.0,0.0,1.0,0.0,7.0,0.0,6.96,0.1979,1.0,0.0
excitement_new_16.jpg,3.68,0.6833,1.08,0.274,2.0,0.2857,6.0,0.0,1.34,0.4785,1.0,0.0,6.02,0.1414,3.26,0.5997,5.02,0.5147,2.46,0.6131,1.1,0.303,1.0,0.0,5.92,0.274,1.96,0.1979,1.92,0.274,6.02,0.1414,5.78,0.4185,1.98,0.3774
excitement_new_17.jpg,3.18,0.6289,1.0,0.0,4.44,0.951,4.42,0.6417,1.1,0.303,1.0,0.0,6.94,0.2399,1.0,0.0,6.6,0.4949,1.0,0.0,2.08,0.4445,1.0,0.0,6.76,0.4314,1.0,0.0,1.22,0.4185,6.7,0.4629,6.58,0.4986,1.0,0.0
excitement_new_17_midj_af.jpg,3.5,0.7354,1.0,0.0,2.98,0.8204,3.56,0.7329,1.2,0.4041,1.0,0.0,6.58,0.4986,1.0,0.0,6.44,0.5014,1.0,0.0,1.88,0.3283,1.0,0.0,6.5,0.5051,1.0,0.0,1.08,0.274,6.6,0.4949,6.44,0.5014,1.0,0.0
excitement_new_17_midj_as.jpg,3.48,0.7351,1.0,0.0,3.32,0.8192,5.18,0.4819,1.26,0.4431,1.0,0.0,6.92,0.274,1.0,0.0,6.92,0.274,1.0,0.0,1.86,0.3505,1.0,0.0,6.96,0.1979,1.0,0.0,1.48,0.5047,6.5,0.5051,6.6,0.4949,1.0,0.0
excitement_new_17_midj_euna.jpg,3.18,0.6289,1.0,0.0,4.44,0.951,4.42,0.6417,1.1,0.303,1.0,0.0,6.94,0.2399,1.0,0.0,6.6,0.4949,1.0,0.0,2.08,0.4445,1.0,0.0,6.76,0.4314,1.0,0.0,1.22,0.4185,6.7,0.4629,6.58,0.4986,1.0,0.0
excitement_new_17_midj_sa.jpg,4.62,0.6354,1.0,0.0,3.82,0.7743,4.08,0.6952,1.54,0.5035,1.0,0.0,6.04,0.1979,1.0,0.0,6.14,0.3505,1.04,0.1979,2.08,0.3405,1.0,0.0,6.42,0.4986,1.0,0.0,1.98,0.2466,6.04,0.1979,6.04,0.1979,1.0,0.0
excitement_new_19.jpg,4.4,0.7559,1.86,0.3505,1.48,0.5047,5.66,0.4785,1.08,0.274,1.22,0.4185,6.42,0.4986,4.94,0.3136,5.06,0.55,1.08,0.274,1.0,0.0,1.0,0.0,5.26,0.4431,3.26,0.7508,1.0,0.0,6.8,0.4041,5.12,0.5938,5.14,0.5718
excitement_new_2.jpg,5.62,0.4903,1.36,0.4849,1.86,0.3505,4.42,0.5379,1.34,0.4785,1.0,0.0,6.0,0.0,3.08,0.5284,5.62,0.4903,2.08,0.5284,1.1,0.303,1.0,0.0,5.86,0.3505,1.84,0.3703,1.48,0.5047,6.02,0.1414,5.92,0.274,2.04,0.402
excitement_new_20.jpg,5.5,0.5051,1.88,0.3283,1.6,0.4949,6.0,0.0,1.48,0.5047,1.0,0.0,6.2,0.4041,3.88,0.5584,5.96,0.2828,1.56,0.5014,1.0,0.0,1.0,0.0,6.02,0.1414,2.02,0.1414,1.26,0.4431,6.14,0.3505,5.92,0.274,2.5,0.5803
excitement_new_21.jpg,5.32,0.5127,1.84,0.3703,1.12,0.3283,5.5,0.5051,1.26,0.4431,1.0,0.0,6.04,0.1979,4.42,0.5379,5.14,0.5718,1.76,0.6869,1.0,0.0,1.0,0.0,5.72,0.4536,2.02,0.3188,1.04,0.1979,6.06,0.2399,5.82,0.3881,3.32,0.9781
excitement_new_22.jpg,5.18,0.6289,1.72,0.4536,1.88,0.3283,2.04,0.1979,1.08,0.274,2.28,0.4965,6.44,0.5014,1.08,0.274,6.14,0.3505,1.0,0.0,1.06,0.2399,1.0,0.0,6.04,0.1979,1.76,0.4314,1.0,0.0,6.44,0.5014,5.98,0.3774,2.08,0.5284
excitement_new_22_midj_af.jpg,5.32,0.6528,1.0,0.0,4.32,0.9134,2.8,0.6061,1.32,0.4712,1.38,0.4903,6.44,0.5014,1.0,0.0,6.58,0.4986,1.0,0.0,2.32,0.5511,1.0,0.0,6.84,0.3703,1.0,0.0,1.54,0.5035,6.06,0.2399,6.2,0.4041,1.0,0.0
excitement_new_22_midj_as.jpg,3.78,0.7365,1.0,0.0,2.18,0.3881,2.1,0.303,2.04,0.7273,1.0,0.0,6.04,0.1979,1.0,0.0,6.04,0.1979,1.1,0.303,1.72,0.4536,1.0,0.0,6.02,0.1414,1.0,0.0,1.86,0.3505,6.04,0.1979,6.04,0.1979,1.04,0.1979
excitement_new_22_midj_euna.jpg,5.18,0.6289,1.72,0.4536,1.88,0.3283,2.04,0.1979,1.08,0.274,2.28,0.4965,6.44,0.5014,1.08,0.274,6.14,0.3505,1.0,0.0,1.06,0.2399,1.0,0.0,6.04,0.1979,1.76,0.4314,1.0,0.0,6.44,0.5014,5.98,0.3774,2.08,0.5284
excitement_new_22_midj_sa.jpg,4.08,0.6952,1.0,0.0,3.46,0.7879,2.66,0.5194,1.78,0.4647,1.0,0.0,6.26,0.4431,1.0,0.0,6.5,0.5051,1.04,0.1979,1.94,0.3136,1.0,0.0,6.58,0.4986,1.0,0.0,1.92,0.274,6.04,0.1979,6.04,0.1979,1.0,0.0
excitement_new_4.jpg,5.04,0.7273,1.48,0.5047,1.84,0.3703,6.04,0.1979,1.74,0.487,1.0,0.0,6.58,0.4986,3.58,0.7025,5.96,0.3476,1.06,0.2399,1.04,0.1979,1.0,0.0,6.04,0.1979,1.88,0.3283,1.22,0.4185,6.34,0.4785,5.98,0.3188,1.98,0.4734
excitement_new_5.jpg,5.56,0.6749,1.0,0.0,1.98,0.5147,6.04,0.1979,1.28,0.4536,1.0,0.0,6.42,0.4986,4.52,0.6773,6.04,0.1979,1.0,0.0,1.26,0.4431,1.0,0.0,6.14,0.3505,1.1,0.303,1.42,0.4986,6.3,0.4629,6.04,0.1979,5.08,1.122
excitement_new_5_midj_af.jpg,5.9,0.4629,1.0,0.0,1.96,0.4932,6.04,0.1979,1.24,0.4314,1.0,0.0,6.96,0.1979,1.86,0.4046,6.5,0.5051,1.0,0.0,1.28,0.4536,1.0,0.0,6.84,0.3703,1.0,0.0,1.06,0.2399,6.7,0.4629,6.14,0.3505,1.38,0.4903
excitement_new_5_midj_as.jpg,5.88,0.4352,1.0,0.0,2.6,0.7559,6.02,0.1414,1.28,0.4536,1.0,0.0,6.06,0.2399,2.78,0.864,6.04,0.1979,1.04,0.1979,1.7,0.4629,1.0,0.0,6.14,0.3505,1.0,0.0,1.84,0.3703,6.04,0.1979,6.02,0.1414,2.68,0.9988
excitement_new_5_midj_euna.jpg,4.98,0.769,1.0,0.0,2.26,0.6943,6.04,0.1979,1.32,0.4712,1.0,0.0,6.36,0.4849,3.32,1.0583,6.36,0.4849,1.0,0.0,1.82,0.3881,1.0,0.0,6.86,0.3505,1.0,0.0,1.84,0.3703,6.06,0.2399,6.14,0.3505,1.58,0.5379
excitement_new_5_midj_sa.jpg,4.88,0.6893,1.0,0.0,2.42,0.6417,6.0,0.0,1.42,0.4986,1.0,0.0,6.04,0.1979,1.72,0.4536,6.04,0.1979,1.48,0.5047,1.94,0.3136,1.0,0.0,6.26,0.4431,1.0,0.0,3.46,0.7616,6.04,0.1979,6.04,0.1979,1.1,0.303
excitement_new_6.jpg,2.1,0.303,1.8,0.4041,1.84,0.3703,2.1,0.303,1.0,0.0,1.0,0.0,5.56,0.5014,1.84,0.3703,3.26,0.5997,2.64,0.6627,1.04,0.1979,1.1,0.303,4.9,0.4165,2.14,0.3505,1.94,0.2399,5.92,0.274,5.9,0.303,1.94,0.3136
excitement_new_7.jpg,2.4,0.4949,3.32,0.5511,1.1,0.303,2.3,0.4629,1.0,0.0,1.04,0.1979,5.94,0.2399,2.86,0.4522,2.1,0.303,3.14,0.7827,1.0,0.0,1.08,0.274,4.02,0.5529,3.6,0.6701,1.76,0.4314,6.04,0.1979,5.44,0.5014,4.38,0.6024
excitement_new_8.jpg,2.72,0.536,1.0,0.0,1.86,0.3505,5.34,0.4785,1.08,0.274,1.0,0.0,5.94,0.2399,2.18,0.3881,4.66,0.6263,4.44,0.7045,1.36,0.4849,1.48,0.5047,5.72,0.4536,1.92,0.274,2.48,0.5436,5.6,0.4949,5.62,0.4903,1.84,0.3703
excitement_new_9.jpg,5.38,0.4903,1.06,0.2399,1.04,0.1979,6.0,0.0,1.08,0.274,1.0,0.0,6.14,0.3505,5.38,0.4903,5.44,0.5014,1.38,0.4903,1.0,0.0,1.0,0.0,5.94,0.2399,2.32,0.5127,1.2,0.4041,6.24,0.4314,5.66,0.4785,5.6,0.4949
1120_midj.jpg,1.72,0.4536,5.98,0.3774,1.0,0.0,3.84,0.7656,1.0,0.0,5.6,0.4949,5.62,0.4903,6.04,0.1979,1.0,0.0,1.0,0.0,1.0,0.0,1.0,0.0,1.0,0.0,6.04,0.1979,1.0,0.0,6.42,0.4986,1.0,0.0,6.44,0.5014
1930_midj.jpg,1.82,0.3881,5.88,0.4352,1.0,0.0,5.56,0.5014,1.0,0.0,5.12,0.3283,6.04,0.1979,6.14,0.3505,1.0,0.0,1.0,0.0,1.0,0.0,1.0,0.0,1.0,0.0,6.06,0.2399,1.0,0.0,6.5,0.5051,1.0,0.0,6.94,0.2399
2770_midj.jpg,2.36,0.5253,4.32,0.9134,1.2,0.4041,5.34,0.4785,1.0,0.0,5.12,0.3283,5.1,0.3642,5.86,0.3505,1.08,0.274,1.98,0.5147,1.04,0.1979,1.88,0.3854,1.54,0.5035,5.6,0.4949,1.34,0.4785,5.56,0.5014,1.86,0.3505,5.86,0.3505
2811_midj.jpg,1.8,0.4041,4.52,0.7351,1.08,0.274,1.86,0.4046,1.0,0.0,2.82,0.7743,5.62,0.4903,5.96,0.3476,1.24,0.4314,1.6,0.5345,1.04,0.1979,1.84,0.3703,1.1,0.303,6.04,0.1979,1.24,0.4314,5.98,0.3774,1.54,0.5035,6.04,0.1979
6250.1_midj.jpg,1.2,0.4041,5.5,0.5051,1.0,0.0,2.02,0.3188,1.0,0.0,2.04,0.1979,6.02,0.1414,5.96,0.3476,1.0,0.0,1.72,0.4965,1.0,0.0,2.04,0.2828,1.04,0.1979,6.04,0.1979,1.28,0.4536,6.14,0.3505,1.76,0.4314,6.04,0.1979
6250.1_midj_af.jpg,1.0,0.0,5.94,0.3136,1.0,0.0,1.7,0.4629,1.0,0.0,4.04,1.049,5.7,0.5051,6.3,0.4629,1.0,0.0,1.84,0.4677,1.0,0.0,2.44,0.644,1.0,0.0,6.96,0.1979,1.12,0.3283,6.6,0.4949,1.08,0.274,6.44,0.5014
6250.1_midj_as.jpg,1.2,0.4041,5.34,0.4785,1.0,0.0,2.06,0.3731,1.0,0.0,1.94,0.2399,6.02,0.1414,6.06,0.2399,1.0,0.0,1.88,0.4352,1.0,0.0,1.48,0.5047,1.0,0.0,6.04,0.1979,1.28,0.4536,6.3,0.4629,1.26,0.4431,6.06,0.2399
6250.1_midj_euna.jpg,1.04,0.1979,5.56,0.5014,1.0,0.0,1.96,0.1979,1.0,0.0,3.46,0.8134,6.02,0.1414,6.04,0.1979,1.0,0.0,1.92,0.4445,1.0,0.0,2.7,0.6145,1.0,0.0,6.06,0.2399,1.26,0.4431,6.06,0.2399,1.1,0.303,6.04,0.1979
6250.1_midj_sa.jpg,1.2,0.4041,5.5,0.5051,1.0,0.0,2.02,0.3188,1.0,0.0,2.04,0.1979,6.02,0.1414,5.96,0.3476,1.0,0.0,1.72,0.4965,1.0,0.0,2.04,0.2828,1.04,0.1979,6.04,0.1979,1.28,0.4536,6.14,0.3505,1.76,0.4314,6.04,0.1979
6370_midj.jpg,1.08,0.274,2.72,0.7296,1.76,0.4314,3.34,0.8478,1.1,0.303,2.14,0.3505,2.62,0.5303,5.12,0.3283,1.0,0.0,4.72,0.757,1.1,0.303,4.78,0.5817,1.22,0.4185,5.56,0.5014,3.44,1.0333,4.84,0.6503,2.0,0.0,5.34,0.4785
6370_midj_af.jpg,1.22,0.4185,5.92,0.274,1.2,0.4041,3.42,0.9708,1.32,0.4712,4.52,0.9311,4.76,0.7969,5.34,0.6581,1.0,0.0,1.82,0.4375,1.0,0.0,1.96,0.4932,1.04,0.1979,5.96,0.2828,1.22,0.4185,5.96,0.3476,1.78,0.4185,6.0,0.0
6370_midj_as.jpg,1.28,0.4536,4.0,0.833,1.88,0.3283,2.78,0.6788,1.34,0.4785,2.46,0.5789,3.82,0.7197,4.74,0.5646,1.04,0.1979,5.28,0.4536,1.24,0.4314,3.64,0.7494,1.84,0.3703,5.12,0.3283,3.44,0.9071,5.2,0.4518,2.22,0.4185,5.12,0.3283
6370_midj_euna.jpg,1.1,0.303,5.02,0.3188,1.8,0.4041,2.18,0.3881,1.24,0.4314,2.14,0.3505,3.6,0.6701,4.74,0.5646,1.0,0.0,4.24,0.716,1.08,0.274,2.9,0.9313,1.76,0.4314,5.34,0.4785,2.1,0.4165,5.34,0.4785,2.08,0.274,5.34,0.4785
6370_midj_sa.jpg,1.0,0.0,5.12,0.3283,1.48,0.5047,2.32,0.4712,1.26,0.4431,2.14,0.3505,3.68,0.7126,5.14,0.4046,1.0,0.0,3.92,0.7783,1.04,0.1979,2.48,0.6141,1.26,0.4431,5.72,0.4536,1.98,0.2466,5.5,0.5051,2.02,0.1414,5.82,0.3881
a002_midj.jpg,2.16,0.5481,4.3,1.233,1.48,0.5047,1.2,0.4041,1.24,0.4314,5.92,0.274,2.14,0.3505,3.06,1.0184,1.08,0.274,2.0,0.4949,1.58,0.4986,2.38,0.6024,1.34,0.4785,5.72,0.4536,1.26,0.4431,5.0,0.6999,1.48,0.5047,5.56,0.5014
animals_076_v_midj.jpg,1.38,0.4903,6.84,0.3703,1.0,0.0,1.48,0.5047,1.08,0.274,5.0,0.3499,5.38,0.7796,6.04,0.1979,1.0,0.0,1.0,0.0,1.0,0.0,1.0,0.0,1.0,0.0,6.42,0.4986,1.0,0.0,6.92,0.274,1.0,0.0,6.42,0.4986
animals_076_v_midj_af.jpg,1.9,0.3642,6.8,0.4041,1.0,0.0,5.62,0.4903,1.28,0.4536,3.92,0.7783,5.96,0.3476,6.2,0.4041,1.0,0.0,1.0,0.0,1.0,0.0,1.0,0.0,1.22,0.4185,6.04,0.1979,1.0,0.0,6.94,0.2399,1.04,0.1979,6.44,0.5014
animals_076_v_midj_as.jpg,1.76,0.4314,6.7,0.4629,1.0,0.0,5.66,0.5194,1.28,0.4536,2.5,0.5803,5.98,0.3188,6.44,0.5014,1.0,0.0,1.0,0.0,1.0,0.0,1.0,0.0,1.2,0.4041,6.04,0.1979,1.0,0.0,6.92,0.274,1.04,0.1979,6.86,0.3505
animals_076_v_midj_euna.jpg,1.38,0.4903,6.84,0.3703,1.0,0.0,1.48,0.5047,1.08,0.274,5.0,0.3499,5.38,0.7796,6.04,0.1979,1.0,0.0,1.0,0.0,1.0,0.0,1.0,0.0,1.0,0.0,6.42,0.4986,1.0,0.0,6.92,0.274,1.0,0.0,6.42,0.4986
animals_076_v_midj_sa.jpg,2.1,0.4165,6.08,0.274,1.08,0.274,4.8,0.6061,1.42,0.4986,2.22,0.4185,5.8,0.4518,6.04,0.1979,1.0,0.0,1.0,0.0,1.0,0.0,1.0,0.0,1.28,0.4536,6.04,0.1979,1.0,0.0,6.7,0.4629,1.38,0.4903,6.06,0.2399
fear_new_1.jpg,1.1,0.303,2.8,0.8571,1.04,0.1979,1.72,0.4536,1.04,0.1979,4.34,0.6263,5.84,0.4219,6.04,0.1979,1.0,0.0,1.0,0.0,1.0,0.0,3.16,0.7656,1.0,0.0,6.36,0.4849,1.0,0.0,6.3,0.4629,1.04,0.1979,6.06,0.2399
fear_new_2.jpg,1.72,0.4536,5.74,0.8283,1.0,0.0,1.86,0.3505,1.26,0.4431,6.04,0.1979,5.96,0.3476,6.06,0.2399,1.0,0.0,1.0,0.0,1.0,0.0,1.88,0.3283,1.0,0.0,6.8,0.4041,1.0,0.0,6.44,0.5014,1.0,0.0,6.6,0.4949
fear_new_3.jpg,1.58,0.4986,2.0,0.0,1.34,0.4785,3.9,0.6468,1.0,0.0,3.02,0.5529,3.94,0.6518,6.0,0.0,1.0,0.0,1.82,0.3881,1.24,0.4314,5.0,0.3499,1.42,0.4986,6.0,0.0,2.02,0.1414,5.44,0.5014,2.0,0.0,6.0,0.0
fear_new_4.jpg,1.0,0.0,2.02,0.1414,1.0,0.0,2.52,0.5799,1.0,0.0,5.48,0.5047,4.28,0.757,6.04,0.1979,1.0,0.0,1.04,0.1979,1.0,0.0,3.78,0.7083,1.0,0.0,6.42,0.4986,1.0,0.0,5.96,0.3476,1.0,0.0,6.36,0.4849
fear_new_5.jpg,1.06,0.2399,2.18,0.3881,1.88,0.3283,2.5,0.5803,1.22,0.4185,2.0,0.0,3.4,0.8081,5.6,0.4949,1.0,0.0,2.64,0.6627,1.28,0.4536,5.22,0.4185,1.22,0.4185,5.92,0.274,1.8,0.4041,5.56,0.5014,2.02,0.1414,5.82,0.3881
fear_new_5_midj_af.jpg,1.48,0.5047,2.4,0.6061,1.72,0.4536,4.6,0.6999,1.28,0.4536,2.24,0.5175,3.9,0.7626,5.1,0.3642,1.0,0.0,3.58,0.8104,1.24,0.4314,4.42,0.8827,1.34,0.4785,5.66,0.4785,2.08,0.4445,5.62,0.4903,2.28,0.4965,5.62,0.4903
fear_new_5_midj_as.jpg,1.48,0.5047,2.04,0.402,2.44,0.644,2.3,0.4629,1.72,0.4536,1.88,0.3283,3.82,0.7743,4.92,0.5284,1.72,0.4536,2.74,0.6328,1.92,0.3959,4.72,0.757,2.14,0.3505,5.1,0.303,2.18,0.3881,5.44,0.5014,3.58,0.7848,4.74,0.5646
fear_new_5_midj_euna.jpg,1.2,0.4041,3.62,0.753,1.92,0.3959,2.0,0.2857,1.86,0.4046,1.72,0.4536,4.38,0.6024,3.84,0.7918,1.22,0.4185,4.64,0.6627,1.26,0.4431,2.88,0.8241,2.18,0.3881,5.04,0.2828,2.46,0.6131,5.5,0.5051,3.82,0.7197,4.86,0.4953
fear_new_5_midj_sa.jpg,1.36,0.4849,3.82,0.8734,1.76,0.4314,4.18,0.8003,1.54,0.5035,2.0,0.202,5.08,0.3959,4.32,0.9134,1.04,0.1979,4.32,0.6833,1.26,0.4431,2.44,0.5771,1.96,0.1979,5.12,0.3283,2.1,0.4165,5.88,0.3854,2.52,0.5436,5.12,0.3283
fear_new_6.jpg,1.0,0.0,2.18,0.3881,1.0,0.0,2.88,0.7183,1.0,0.0,5.1,0.303,3.28,0.701,6.0,0.0,1.0,0.0,1.2,0.4041,1.0,0.0,5.5,0.5051,1.0,0.0,6.36,0.4849,1.0,0.0,5.9,0.303,1.0,0.0,6.04,0.1979
fear_new_7.jpg,1.0,0.0,1.96,0.2828,1.38,0.4903,2.06,0.3731,1.0,0.0,2.48,0.5436,4.44,1.0134,6.04,0.1979,1.0,0.0,1.04,0.1979,1.22,0.4185,5.96,0.3476,1.0,0.0,6.14,0.3505,1.0,0.0,6.04,0.1979,1.24,0.4314,6.04,0.1979
fear_new_8.jpg,1.04,0.1979,5.22,0.4185,1.0,0.0,1.92,0.274,1.0,0.0,2.18,0.3881,5.92,0.274,5.94,0.2399,1.0,0.0,1.36,0.4849,1.0,0.0,2.14,0.3505,1.0,0.0,6.04,0.1979,1.1,0.303,6.04,0.1979,1.88,0.3283,6.04,0.1979
fear_new_9.jpg,1.34,0.4785,5.78,0.4185,1.12,0.3283,5.0,0.3499,1.58,0.5379,2.02,0.1414,5.18,0.3881,6.0,0.0,1.0,0.0,2.1,0.5051,1.04,0.1979,1.88,0.3283,1.6,0.4949,5.92,0.274,1.38,0.4903,6.04,0.1979,1.84,0.3703,6.0,0.0
neghighsoc_24_midj.jpg,1.08,0.274,5.78,0.4185,1.0,0.0,1.88,0.3283,1.0,0.0,5.08,0.3405,5.2,0.6061,6.0,0.0,1.0,0.0,1.04,0.1979,1.0,0.0,5.72,0.4536,1.0,0.0,6.22,0.4185,1.0,0.0,6.0,0.2857,1.04,0.1979,6.04,0.1979
spider_052_midj.jpg,2.02,0.1414,1.86,0.3505,1.1,0.303,4.74,0.5646,1.0,0.0,5.06,0.2399,4.72,0.4965,5.16,0.3703,1.6,0.4949,1.86,0.4046,1.24,0.4314,1.04,0.1979,2.18,0.3881,5.06,0.2399,1.88,0.3283,4.8,0.6061,2.0,0.0,5.9,0.303
spider_069_midj.jpg,1.8,0.4041,1.84,0.3703,1.0,0.0,3.8,0.7284,1.0,0.0,5.46,0.5035,4.4,0.5714,5.94,0.2399,1.0,0.0,1.72,0.4536,1.04,0.1979,1.1,0.303,1.24,0.4314,5.86,0.3505,1.76,0.4314,5.3,0.544,1.42,0.4986,6.0,0.0
spider_069_midj_af.jpg,1.76,0.4314,1.84,0.3703,1.0,0.0,3.56,0.7045,1.0,0.0,5.06,0.2399,4.26,0.5646,5.66,0.4785,1.0,0.0,2.0,0.4949,1.0,0.0,1.1,0.303,1.24,0.4314,5.6,0.4949,1.54,0.5035,5.12,0.5584,1.28,0.4536,5.94,0.2399
spider_069_midj_as.jpg,2.18,0.3881,1.88,0.3283,1.0,0.0,4.36,0.598,1.0,0.0,4.92,0.274,4.42,0.5379,5.06,0.2399,1.72,0.4536,2.2,0.6389,1.08,0.274,1.24,0.4314,2.18,0.3881,5.06,0.2399,1.88,0.3283,4.94,0.5115,2.0,0.0,5.56,0.5014
spider_069_midj_euna.jpg,2.76,0.9161,2.08,0.4445,1.08,0.274,4.64,0.6627,1.0,0.0,5.1,0.303,4.74,0.5646,5.78,0.4185,1.0,0.0,2.02,0.6543,1.26,0.4431,1.26,0.4431,1.86,0.3505,5.6,0.4949,1.72,0.4536,5.7,0.5051,1.88,0.3283,6.0,0.0
spider_069_midj_sa.jpg,1.8,0.4041,1.84,0.3703,1.0,0.0,3.82,0.7197,1.0,0.0,5.46,0.5035,4.4,0.5714,5.94,0.2399,1.0,0.0,1.72,0.4536,1.04,0.1979,1.1,0.303,1.24,0.4314,5.86,0.3505,1.76,0.4314,5.3,0.544,1.42,0.4986,6.0,0.0
2347_midj.jpg,6.76,0.4314,1.0,0.0,5.6,0.5345,1.86,0.4046,1.06,0.2399,1.0,0.0,5.96,0.3476,1.0,0.0,6.96,0.1979,1.0,0.0,5.46,0.706,1.0,0.0,6.96,0.1979,1.0,0.0,1.2,0.4041,6.04,0.1979,6.2,0.4041,1.0,0.0
8461_midj.jpg,6.04,0.1979,1.0,0.0,6.02,0.1414,1.94,0.2399,1.86,0.4046,1.0,0.0,5.44,0.5014,1.0,0.0,6.06,0.2399,1.04,0.1979,4.36,0.9424,1.0,0.0,6.7,0.4629,1.0,0.0,2.8,0.5345,5.22,0.4185,6.04,0.1979,1.0,0.0
amusement_new_1.jpg,6.96,0.1979,1.0,0.0,5.6,0.6999,2.22,0.4185,1.54,0.5035,1.0,0.0,6.84,0.3703,1.0,0.0,7.0,0.0,1.0,0.0,2.18,0.3881,1.0,0.0,7.0,0.0,1.0,0.0,1.0,0.0,6.8,0.4041,6.92,0.274,1.0,0.0
amusement_new_2.jpg,6.14,0.3505,1.0,0.0,6.06,0.2399,1.58,0.4986,3.24,0.744,1.0,0.0,4.64,0.598,1.0,0.0,6.24,0.4314,1.0,0.0,5.96,0.3476,1.0,0.0,6.76,0.4314,1.0,0.0,3.18,0.6289,5.5,0.5051,6.14,0.3505,1.0,0.0
amusement_new_2_midj_af.jpg,4.94,0.5115,1.0,0.0,6.14,0.3505,2.22,0.4185,4.96,0.4499,1.0,0.0,4.02,0.5529,1.0,0.0,6.04,0.1979,1.1,0.303,6.22,0.4185,1.0,0.0,6.42,0.4986,1.0,0.0,5.44,0.5014,4.26,0.5646,6.04,0.1979,1.0,0.0
amusement_new_2_midj_as.jpg,5.72,0.4536,1.0,0.0,6.04,0.1979,2.0,0.0,5.28,0.4536,1.0,0.0,3.8,0.4949,1.0,0.0,6.0,0.0,1.34,0.4785,6.02,0.1414,1.0,0.0,6.04,0.1979,1.0,0.0,5.26,0.487,4.42,0.5379,6.0,0.0,1.0,0.0
amusement_new_2_midj_euna.jpg,6.14,0.3505,1.0,0.0,6.06,0.2399,1.58,0.4986,3.24,0.744,1.0,0.0,4.64,0.598,1.0,0.0,6.24,0.4314,1.0,0.0,5.96,0.3476,1.0,0.0,6.76,0.4314,1.0,0.0,3.18,0.6289,5.5,0.5051,6.14,0.3505,1.0,0.0
amusement_new_2_midj_sa.jpg,3.62,0.5675,1.0,0.0,6.44,0.5014,2.14,0.3505,5.04,0.2828,1.0,0.0,3.62,0.5303,1.0,0.0,6.04,0.1979,1.42,0.4986,6.44,0.5014,1.0,0.0,6.44,0.5014,1.0,0.0,5.72,0.4536,4.26,0.5646,6.04,0.1979,1.0,0.0
amusement_new_5.jpg,6.06,0.2399,1.0,0.0,6.04,0.1979,1.38,0.4903,2.1,0.544,1.0,0.0,5.28,0.4536,1.0,0.0,6.06,0.2399,1.0,0.0,4.52,0.9311,1.0,0.0,6.8,0.4041,1.0,0.0,2.92,0.4882,5.5,0.5051,6.06,0.2399,1.0,0.0
amusement_new_6.jpg,5.94,0.2399,1.0,0.0,6.0,0.0,3.94,0.5859,2.12,0.5206,1.0,0.0,5.12,0.3283,1.0,0.0,6.0,0.0,1.26,0.4431,4.42,0.8104,1.0,0.0,6.04,0.1979,1.0,0.0,4.92,0.5284,5.0,0.3499,6.02,0.1414,1.0,0.0
amusement_new_7.jpg,6.04,0.1979,1.0,0.0,5.24,0.6565,1.2,0.4041,1.2,0.4041,1.0,0.0,5.44,0.5014,1.0,0.0,6.04,0.1979,1.0,0.0,3.28,0.8581,1.0,0.0,6.14,0.3505,1.0,0.0,1.6,0.4949,5.98,0.1414,6.02,0.1414,1.0,0.0
amusement_new_8.jpg,6.42,0.4986,1.0,0.0,4.42,0.8104,1.24,0.4314,1.04,0.1979,1.0,0.0,5.66,0.5194,1.0,0.0,6.48,0.5047,1.0,0.0,2.44,0.5406,1.0,0.0,6.82,0.3881,1.0,0.0,1.2,0.4041,6.04,0.1979,6.04,0.1979,1.0,0.0
joy_new_10.jpg,5.76,0.4764,1.0,0.0,6.06,0.2399,2.62,0.5303,2.3,0.7626,1.0,0.0,5.92,0.274,1.0,0.0,6.76,0.4314,1.0,0.0,5.08,0.8041,1.0,0.0,7.0,0.0,1.0,0.0,3.72,0.7296,5.5,0.5051,6.06,0.2399,1.0,0.0
joy_new_10_midj_af.jpg,5.6,0.4949,1.0,0.0,6.12,0.3283,2.06,0.2399,1.74,0.487,1.0,0.0,4.18,0.5226,1.0,0.0,6.06,0.2399,1.0,0.0,5.84,0.4677,1.0,0.0,6.84,0.3703,1.0,0.0,5.62,0.4903,5.02,0.3774,6.04,0.1979,1.0,0.0
joy_new_10_midj_as.jpg,4.94,0.5115,1.0,0.0,6.0,0.0,2.02,0.1414,1.94,0.4243,1.0,0.0,3.66,0.5194,1.0,0.0,6.0,0.0,1.54,0.5035,5.14,0.7562,1.0,0.0,6.04,0.1979,1.0,0.0,5.92,0.274,4.5,0.544,6.0,0.0,1.0,0.0
joy_new_10_midj_euna.jpg,5.76,0.4764,1.0,0.0,6.06,0.2399,2.62,0.5303,2.3,0.7626,1.0,0.0,5.92,0.274,1.0,0.0,6.76,0.4314,1.0,0.0,5.08,0.8041,1.0,0.0,7.0,0.0,1.0,0.0,3.72,0.7296,5.5,0.5051,6.06,0.2399,1.0,0.0
joy_new_10_midj_sa.jpg,3.9,0.6468,1.0,0.0,6.04,0.1979,2.0,0.0,2.16,0.5841,1.0,0.0,3.7,0.5051,1.0,0.0,6.0,0.0,1.48,0.5047,5.56,0.5014,1.0,0.0,6.14,0.3505,1.0,0.0,5.34,0.4785,4.26,0.5646,6.0,0.0,1.0,0.0
joy_new_11.jpg,6.04,0.1979,1.0,0.0,5.56,0.5014,4.78,0.5817,2.14,0.6064,1.0,0.0,6.04,0.1979,1.0,0.0,6.44,0.5014,1.0,0.0,2.48,0.5436,1.0,0.0,6.96,0.1979,1.0,0.0,2.08,0.274,6.02,0.1414,6.32,0.4712,1.0,0.0
joy_new_11_midj_af.jpg,5.92,0.274,1.0,0.0,5.16,0.3703,1.96,0.1979,2.94,0.8901,1.0,0.0,5.92,0.274,1.0,0.0,5.92,0.274,1.42,0.4986,2.52,0.5436,1.0,0.0,6.0,0.0,1.04,0.1979,2.4,0.4949,5.72,0.4536,5.92,0.274,1.0,0.0
joy_new_11_midj_as.jpg,6.2,0.4041,1.0,0.0,5.8,0.4518,2.48,0.5436,1.98,0.4734,1.0,0.0,6.02,0.1414,1.0,0.0,6.42,0.4986,1.0,0.0,2.94,0.8184,1.0,0.0,6.86,0.3505,1.0,0.0,1.28,0.4536,6.02,0.1414,6.06,0.2399,1.0,0.0
joy_new_11_midj_euna.jpg,6.04,0.1979,1.0,0.0,5.56,0.5014,4.78,0.5817,2.14,0.6064,1.0,0.0,6.04,0.1979,1.0,0.0,6.44,0.5014,1.0,0.0,2.48,0.5436,1.0,0.0,6.96,0.1979,1.0,0.0,2.1,0.303,6.02,0.1414,6.32,0.4712,1.0,0.0
joy_new_11_midj_sa.jpg,6.0,0.0,1.0,0.0,5.92,0.274,2.0,0.0,1.84,0.3703,1.0,0.0,5.54,0.5035,1.0,0.0,6.0,0.0,1.04,0.1979,3.92,0.7783,1.0,0.0,6.24,0.4314,1.0,0.0,2.48,0.5047,5.6,0.4949,6.0,0.0,1.0,0.0
joy_new_12.jpg,6.64,0.4849,1.0,0.0,3.84,0.9116,3.82,0.7197,1.6,0.5345,1.0,0.0,6.44,0.5014,1.0,0.0,7.0,0.0,1.0,0.0,2.28,0.4536,1.0,0.0,7.0,0.0,1.0,0.0,1.88,0.3283,6.06,0.2399,6.76,0.4314,1.0,0.0
joy_new_13.jpg,6.0,0.0,1.0,0.0,5.5,0.5051,4.74,0.5646,1.6,0.4949,1.0,0.0,5.92,0.274,1.0,0.0,6.02,0.1414,1.08,0.274,5.28,0.4536,1.0,0.0,6.04,0.1979,1.0,0.0,3.28,0.701,5.44,0.5014,6.0,0.0,1.28,0.4536
joy_new_14.jpg,6.04,0.1979,1.0,0.0,6.06,0.2399,2.3,0.4629,1.48,0.5047,1.0,0.0,6.04,0.1979,1.0,0.0,6.86,0.3505,1.0,0.0,6.06,0.2399,1.0,0.0,6.94,0.2399,1.0,0.0,2.44,0.5406,6.0,0.0,6.58,0.4986,1.0,0.0
joy_new_2_midj_af.jpg,5.96,0.402,1.0,0.0,4.48,0.9528,1.88,0.3283,5.74,0.5272,1.0,0.0,5.88,0.4352,1.0,0.0,6.96,0.1979,1.0,0.0,5.5,0.6776,1.0,0.0,6.98,0.1414,1.0,0.0,2.76,0.6247,5.5,0.5051,6.42,0.4986,1.0,0.0
joy_new_2_midj_as.jpg,4.88,0.5584,1.0,0.0,5.56,0.5014,2.14,0.3505,4.84,0.5841,1.0,0.0,4.74,0.5646,1.0,0.0,6.06,0.2399,1.2,0.4041,5.7,0.5051,1.0,0.0,6.42,0.4986,1.0,0.0,5.12,0.4352,4.5,0.544,6.04,0.1979,1.0,0.0
joy_new_2_midj_euna.jpg,6.2,0.4041,1.0,0.0,3.44,0.9071,1.48,0.5047,5.84,0.6809,1.86,0.4522,6.12,0.4798,1.0,0.0,6.92,0.274,1.0,0.0,5.5,0.7071,1.0,0.0,6.84,0.3703,1.0,0.0,1.0,0.0,6.04,0.1979,6.3,0.4629,1.2,0.4041
joy_new_2_midj_sa.jpg,4.92,0.5284,1.0,0.0,4.86,0.6704,1.94,0.2399,5.52,0.5047,1.0,0.0,5.2,0.4518,1.0,0.0,6.2,0.4041,1.08,0.274,5.7,0.5051,1.0,0.0,6.58,0.4986,1.0,0.0,4.22,0.7365,5.04,0.2828,6.04,0.1979,1.0,0.0
joy_new_4.jpg,5.66,0.5194,1.0,0.0,5.7,0.5051,2.3,0.4629,1.52,0.5436,1.0,0.0,5.18,0.6289,1.0,0.0,6.44,0.5014,1.0,0.0,3.7,0.8631,1.0,0.0,6.58,0.4986,1.0,0.0,2.48,0.5436,5.26,0.487,6.04,0.1979,1.0,0.0
joy_new_5.jpg,5.86,0.3505,1.0,0.0,6.0,0.0,2.0,0.0,5.04,0.2828,1.0,0.0,4.22,0.4647,1.0,0.0,6.0,0.0,1.42,0.4986,4.8,0.6999,1.0,0.0,6.06,0.2399,1.0,0.0,5.22,0.4185,4.96,0.3476,6.04,0.1979,1.0,0.0
joy_new_6.jpg,3.6,0.5714,1.0,0.0,5.72,0.4536,6.0,0.0,1.54,0.5035,1.0,0.0,6.02,0.1414,1.04,0.1979,6.04,0.1979,1.38,0.4903,3.28,0.701,1.0,0.0,6.44,0.5014,1.0,0.0,4.8,0.6061,5.92,0.274,6.36,0.4849,1.0,0.0
joy_new_7.jpg,5.92,0.3405,1.0,0.0,6.5,0.5051,2.22,0.4185,1.28,0.4536,1.0,0.0,5.18,0.4819,1.0,0.0,6.6,0.4949,1.0,0.0,6.36,0.4849,1.0,0.0,6.94,0.2399,1.0,0.0,4.8,0.6999,5.22,0.4185,6.44,0.5014,1.0,0.0
joy_new_7_midj_af.jpg,2.9,0.4165,1.0,0.0,6.04,0.1979,2.62,0.5303,1.22,0.4185,1.0,0.0,2.4,0.4949,1.0,0.0,5.92,0.274,3.26,0.8992,6.04,0.1979,1.1,0.303,6.04,0.1979,1.0,0.0,6.02,0.1414,2.8,0.5345,6.04,0.1979,1.0,0.0
joy_new_7_midj_as.jpg,5.32,0.5127,1.0,0.0,6.14,0.3505,2.18,0.3881,1.26,0.4431,1.0,0.0,4.3,0.5803,1.0,0.0,6.14,0.3505,1.38,0.4903,6.06,0.2399,1.0,0.0,6.58,0.4986,1.0,0.0,5.6,0.4949,4.74,0.5646,6.14,0.3505,1.0,0.0
joy_new_7_midj_euna.jpg,4.38,0.6024,1.0,0.0,6.04,0.1979,2.18,0.3881,1.26,0.4431,1.0,0.0,3.78,0.5817,1.0,0.0,6.04,0.1979,1.48,0.5047,6.04,0.1979,1.0,0.0,6.42,0.4986,1.0,0.0,5.56,0.5014,4.74,0.5646,6.06,0.2399,1.0,0.0
joy_new_7_midj_sa.jpg,5.18,0.4819,1.0,0.0,6.58,0.4986,3.4,0.6061,1.42,0.4986,1.0,0.0,4.42,0.5379,1.0,0.0,6.5,0.5051,1.1,0.303,6.44,0.5014,1.0,0.0,6.96,0.1979,1.0,0.0,6.04,0.1979,4.42,0.6417,6.44,0.5014,1.0,0.0
joy_new_8.jpg,2.94,0.5115,1.0,0.0,5.34,0.5573,2.04,0.1979,5.12,0.3283,1.0,0.0,3.18,0.5226,1.0,0.0,6.0,0.0,1.28,0.4536,4.6,0.9897,1.0,0.0,6.04,0.1979,1.0,0.0,6.0,0.0,3.6,0.6701,6.0,0.0,1.0,0.0
joy_new_9.jpg,5.94,0.3136,1.0,0.0,6.04,0.1979,3.56,0.6115,1.42,0.4986,1.0,0.0,5.92,0.274,1.0,0.0,6.44,0.5014,1.0,0.0,5.46,0.706,1.0,0.0,6.86,0.3505,1.0,0.0,3.54,0.706,5.22,0.4185,6.04,0.1979,1.0,0.0
maps152_midj.jpg,4.84,0.5841,1.0,0.0,6.0,0.0,2.02,0.1414,1.04,0.1979,1.0,0.0,5.12,0.3283,1.0,0.0,6.0,0.0,1.26,0.4431,4.68,0.6833,1.0,0.0,6.04,0.1979,1.0,0.0,3.52,0.6141,5.02,0.3188,6.02,0.1414,1.0,0.0
2190_midj.jpg,1.72,0.4536,3.14,0.7827,2.62,0.5303,2.06,0.2399,1.26,0.4431,1.84,0.3703,2.14,0.3505,1.96,0.1979,1.48,0.5047,5.9,0.303,1.96,0.2828,4.34,0.5194,2.6,0.4949,4.84,0.3703,5.12,0.3283,3.88,0.5584,3.32,0.5511,3.66,0.6884
2190_midj_af.jpg,1.42,0.4986,1.94,0.2399,3.68,0.7126,3.22,0.6788,1.2,0.4041,1.2,0.4041,2.0,0.0,1.62,0.4903,1.94,0.2399,5.88,0.3854,3.18,0.7475,4.42,0.5379,3.24,0.5555,3.74,0.6642,5.82,0.3881,3.02,0.4734,3.38,0.5675,2.18,0.3881
2190_midj_as.jpg,2.0,0.0,1.88,0.3283,3.3,0.6776,2.72,0.5729,1.2,0.4041,1.34,0.4785,2.0,0.0,1.74,0.4431,2.0,0.0,6.0,0.2857,3.02,0.6543,3.72,0.5729,3.68,0.5127,2.8,0.5345,6.0,0.0,2.96,0.4499,3.56,0.6115,2.0,0.0
2190_midj_euna.jpg,1.72,0.4536,3.14,0.7827,2.62,0.5303,2.06,0.2399,1.26,0.4431,1.84,0.3703,2.14,0.3505,1.96,0.1979,1.48,0.5047,5.9,0.303,1.96,0.2828,4.34,0.5194,2.6,0.4949,4.84,0.3703,5.12,0.3283,3.88,0.5584,3.32,0.5511,3.66,0.6884
2190_midj_sa.jpg,1.86,0.3505,2.0,0.0,3.42,0.6091,2.1,0.4165,1.38,0.4903,1.88,0.3283,2.0,0.0,1.88,0.3283,2.0,0.0,5.84,0.4219,2.72,0.5729,4.14,0.4522,3.28,0.536,4.08,0.4882,5.12,0.3283,3.12,0.4798,3.6,0.5714,2.4,0.4949
2191_midj.jpg,2.0,0.0,1.08,0.274,2.82,0.6289,2.74,0.487,1.92,0.3959,1.06,0.2399,2.06,0.2399,1.04,0.1979,3.12,0.4798,5.56,0.5014,4.74,0.5646,2.04,0.1979,4.98,0.1414,2.06,0.2399,5.66,0.4785,3.38,0.4903,4.86,0.4953,1.84,0.3703
2191_midj_af.jpg,1.84,0.3703,1.06,0.2399,3.12,0.6893,2.22,0.4185,1.9,0.3642,1.0,0.0,2.0,0.0,1.06,0.2399,2.96,0.402,5.22,0.4185,5.02,0.3188,2.4,0.4949,4.58,0.4986,2.3,0.4629,5.28,0.4536,3.38,0.5675,4.62,0.5303,1.86,0.3505
2191_midj_as.jpg,2.0,0.0,1.3,0.4629,3.6,0.6701,2.3,0.4629,1.88,0.3854,1.0,0.0,2.18,0.3881,1.04,0.1979,3.74,0.5272,5.28,0.4536,5.12,0.3283,2.06,0.2399,4.98,0.1414,2.0,0.0,5.66,0.4785,3.38,0.5675,5.04,0.2828,1.48,0.5047
2191_midj_euna.jpg,2.0,0.0,1.08,0.274,2.82,0.6289,2.74,0.487,1.92,0.3959,1.06,0.2399,2.06,0.2399,1.04,0.1979,3.12,0.4798,5.56,0.5014,4.74,0.5646,2.04,0.1979,4.98,0.1414,2.04,0.1979,5.66,0.4785,3.38,0.4903,4.86,0.4953,1.86,0.3505
2191_midj_sa.jpg,2.02,0.1414,1.6,0.4949,3.48,0.6465,2.4,0.4949,3.8,0.7284,1.0,0.0,2.72,0.4536,1.1,0.303,4.14,0.4953,5.04,0.2828,4.8,0.6061,2.18,0.3881,5.06,0.2399,2.14,0.3505,5.56,0.5014,3.62,0.5303,5.06,0.2399,1.76,0.4314
2377_midj.jpg,2.0,0.0,1.0,0.0,2.3,0.4629,2.62,0.5303,1.34,0.4785,1.0,0.0,2.22,0.4185,1.0,0.0,3.58,0.4986,5.12,0.3283,2.04,0.402,2.02,0.1414,5.0,0.0,2.0,0.0,5.92,0.274,3.8,0.4949,5.06,0.2399,1.54,0.5035
2384_midj.jpg,2.02,0.1414,1.0,0.0,2.02,0.1414,2.6,0.4949,1.42,0.4986,1.58,0.4986,2.0,0.0,1.0,0.0,3.68,0.4712,5.78,0.4185,1.84,0.3703,2.96,0.402,5.0,0.0,2.0,0.0,6.02,0.1414,2.04,0.1979,3.8,0.6389,1.48,0.5047
2384_midj_af.jpg,2.0,0.0,1.0,0.0,2.14,0.3505,4.18,0.4375,1.96,0.2828,1.0,0.0,2.14,0.3505,1.96,0.1979,3.44,0.5014,5.56,0.5014,2.0,0.2857,2.74,0.487,5.0,0.0,2.0,0.0,6.0,0.0,2.66,0.4785,4.16,0.5481,1.42,0.4986
2384_midj_as.jpg,2.04,0.1979,1.0,0.0,2.62,0.5303,5.16,0.3703,1.8,0.4041,1.0,0.0,2.14,0.3505,1.0,0.0,4.94,0.3136,5.28,0.4536,2.06,0.3731,2.74,0.5646,5.78,0.4185,1.94,0.2399,6.14,0.3505,2.66,0.4785,5.5,0.5051,1.0,0.0
2384_midj_euna.jpg,2.14,0.3505,1.0,0.0,2.18,0.3881,4.18,0.4375,1.8,0.4041,1.0,0.0,2.14,0.3505,1.04,0.1979,4.14,0.4046,5.66,0.4785,1.94,0.3136,2.86,0.4522,5.06,0.2399,2.0,0.0,6.04,0.1979,2.24,0.4314,4.38,0.6024,1.08,0.274
2384_midj_sa.jpg,2.0,0.0,1.0,0.0,2.06,0.2399,5.12,0.3283,1.8,0.4041,1.0,0.0,2.14,0.3505,1.54,0.5035,3.7,0.5051,5.56,0.5014,1.82,0.3881,3.38,0.5675,5.06,0.2399,2.0,0.0,6.04,0.1979,2.6,0.4949,4.36,0.598,1.28,0.4536
5395_midj.jpg,2.0,0.0,2.14,0.3505,1.24,0.4314,3.82,0.6606,1.0,0.0,4.64,0.4849,2.4,0.4949,2.32,0.4712,1.86,0.3505,4.82,0.5226,1.0,0.0,4.98,0.1414,2.0,0.0,5.02,0.1414,3.82,0.7197,2.86,0.4522,2.02,0.1414,4.42,0.5379
5471_midj.jpg,2.0,0.0,1.04,0.1979,1.76,0.4314,4.68,0.4712,1.0,0.0,1.0,0.0,3.06,0.3731,2.0,0.0,2.9,0.3642,5.6,0.4949,1.1,0.303,2.04,0.1979,4.42,0.5379,2.04,0.1979,5.72,0.4536,3.32,0.5511,3.24,0.5555,2.0,0.0
5875_midj.jpg,2.14,0.3505,1.0,0.0,3.46,0.7343,4.96,0.2828,1.28,0.4536,1.0,0.0,2.66,0.4785,1.06,0.2399,3.8,0.4949,5.28,0.4536,2.62,0.5303,2.24,0.4314,5.06,0.2399,2.0,0.0,6.0,0.0,3.02,0.3774,4.92,0.3959,1.54,0.5035
5875_midj_af.jpg,2.0,0.0,1.32,0.4712,2.8,0.5345,4.36,0.5253,1.28,0.4536,1.06,0.2399,2.64,0.4849,2.0,0.0,2.82,0.3881,5.22,0.4185,2.3,0.4629,3.52,0.6141,4.0,0.4949,2.66,0.5194,5.9,0.303,3.14,0.4522,4.14,0.4953,2.0,0.0
5875_midj_as.jpg,2.0,0.0,1.0,0.0,3.5,0.6468,5.06,0.2399,1.42,0.4986,1.0,0.0,2.14,0.3505,1.0,0.0,4.42,0.5379,5.62,0.4903,2.38,0.4903,2.18,0.3881,5.86,0.3505,1.76,0.4314,6.36,0.4849,2.86,0.3505,5.08,0.3405,1.08,0.274
5875_midj_euna.jpg,2.14,0.3505,1.0,0.0,3.46,0.7343,4.96,0.2828,1.28,0.4536,1.0,0.0,2.66,0.4785,1.06,0.2399,3.8,0.4949,5.28,0.4536,2.62,0.5303,2.24,0.4314,5.06,0.2399,2.0,0.0,6.0,0.0,3.02,0.3774,4.92,0.3959,1.54,0.5035
5875_midj_sa.jpg,2.18,0.3881,1.0,0.0,3.82,0.7197,5.4,0.4949,4.16,0.5481,1.0,0.0,2.6,0.4949,1.0,0.0,5.04,0.1979,4.38,0.6024,3.92,0.7783,2.0,0.0,5.5,0.5051,1.86,0.3505,6.0,0.0,3.34,0.5573,5.26,0.4431,1.08,0.274
7000_midj.jpg,2.0,0.0,1.0,0.0,2.22,0.4185,1.6,0.4949,2.72,0.5729,1.0,0.0,2.0,0.0,1.0,0.0,3.34,0.5573,5.94,0.3136,3.72,0.6402,1.92,0.274,4.6,0.4949,1.34,0.4785,6.0,0.0,2.0,0.0,4.02,0.4734,1.0,0.0
7001_midj.jpg,4.12,0.4352,1.08,0.274,2.4,0.4949,2.52,0.5047,1.42,0.4986,1.04,0.1979,4.16,0.4219,1.0,0.0,5.0,0.0,4.72,0.6074,2.52,0.5436,1.2,0.4041,5.22,0.4185,1.48,0.5047,3.38,0.6024,3.64,0.5253,5.1,0.303,1.08,0.274
7033_midj.jpg,2.04,0.1979,1.0,0.0,1.8,0.4041,4.02,0.4734,1.0,0.0,1.0,0.0,4.58,0.4986,2.0,0.0,3.06,0.4243,5.6,0.4949,1.04,0.1979,2.0,0.0,4.92,0.274,2.0,0.0,5.06,0.2399,3.9,0.4629,4.4,0.5345,1.76,0.4314
7033_midj_af.jpg,2.3,0.4629,1.88,0.3283,2.3,0.4629,2.36,0.4849,1.1,0.303,2.14,0.3505,3.94,0.3731,2.14,0.3505,3.64,0.5253,5.04,0.2828,1.98,0.2466,2.02,0.1414,4.18,0.4375,2.74,0.487,3.04,0.402,4.5,0.544,3.88,0.5584,2.48,0.5047
7033_midj_as.jpg,2.04,0.1979,1.0,0.0,1.8,0.4041,4.02,0.4734,1.0,0.0,1.0,0.0,4.58,0.4986,2.0,0.0,3.06,0.4243,5.6,0.4949,1.04,0.1979,2.0,0.0,4.92,0.274,2.0,0.0,5.06,0.2399,3.9,0.4629,4.4,0.5345,1.76,0.4314
7033_midj_euna.jpg,2.0,0.0,1.0,0.0,2.74,0.5646,4.18,0.4375,1.08,0.274,1.0,0.0,2.92,0.274,2.0,0.0,3.36,0.4849,5.12,0.3283,2.04,0.1979,3.64,0.5253,4.86,0.3505,2.0,0.0,6.0,0.0,3.02,0.3774,4.04,0.4932,1.86,0.3505
7033_midj_sa.jpg,2.72,0.4536,1.0,0.0,2.52,0.5436,3.92,0.3959,1.04,0.1979,1.0,0.0,3.6,0.4949,2.0,0.0,4.42,0.4986,5.16,0.3703,2.06,0.2399,2.0,0.0,5.06,0.2399,2.0,0.0,5.94,0.2399,3.62,0.5303,4.42,0.5379,1.92,0.274
7036_midj.jpg,2.0,0.0,1.84,0.3703,1.2,0.4041,5.02,0.1414,1.0,0.0,1.84,0.3703,3.7,0.5051,2.0,0.0,2.1,0.303,5.62,0.4903,1.0,0.0,1.96,0.1979,3.94,0.3731,2.48,0.5047,2.6,0.4949,4.38,0.5675,3.56,0.6115,2.02,0.1414
7041_midj.jpg,2.02,0.1414,1.0,0.0,2.14,0.3505,2.0,0.0,1.2,0.4041,1.26,0.4431,2.0,0.0,1.1,0.303,2.92,0.274,5.66,0.4785,2.0,0.0,2.02,0.1414,4.44,0.5014,2.0,0.0,5.22,0.4185,2.14,0.3505,3.8,0.4949,1.48,0.5047
7080_midj.jpg,2.0,0.0,1.34,0.4785,1.54,0.5035,1.96,0.1979,1.84,0.3703,1.24,0.4314,2.0,0.0,1.0,0.0,2.1,0.303,5.78,0.4185,1.2,0.4041,1.9,0.303,3.54,0.5035,1.96,0.1979,5.04,0.2828,2.14,0.3505,2.68,0.5127,1.74,0.4431
7100_midj.jpg,2.14,0.3505,1.42,0.4986,1.08,0.274,1.04,0.1979,1.0,0.0,2.18,0.3881,2.0,0.0,1.24,0.4314,2.1,0.303,5.66,0.4785,1.08,0.274,2.0,0.0,3.06,0.3731,2.18,0.3881,3.52,0.6141,2.02,0.1414,2.06,0.2399,2.0,0.0
7140_midj.jpg,3.76,0.4764,1.0,0.0,3.4,0.6389,3.64,0.5253,1.42,0.4986,1.0,0.0,4.42,0.4986,1.2,0.4041,5.0,0.0,5.04,0.2828,2.74,0.5646,2.0,0.0,5.24,0.4314,1.92,0.274,5.96,0.1979,3.08,0.3959,5.06,0.2399,1.54,0.5035
7500_midj.jpg,2.0,0.0,2.0,0.0,1.8,0.4041,4.3,0.5051,1.0,0.0,2.0,0.0,2.18,0.3881,2.6,0.4949,2.0,0.0,5.92,0.274,1.0,0.0,4.18,0.4375,2.86,0.3505,4.22,0.4647,4.92,0.4882,2.88,0.3854,2.88,0.3854,4.02,0.4734
7560_midj.jpg,2.14,0.3505,2.74,0.5997,1.0,0.0,5.0,0.3499,1.0,0.0,2.0,0.0,4.74,0.487,2.4,0.4949,1.96,0.1979,4.38,0.6024,1.0,0.0,2.0,0.0,2.84,0.4219,4.18,0.5226,1.86,0.3505,4.92,0.4882,2.72,0.6074,4.38,0.6024
7705_midj.jpg,1.8,0.4041,1.0,0.0,1.1,0.303,1.0,0.0,1.0,0.0,1.0,0.0,1.42,0.4986,1.0,0.0,2.0,0.0,6.26,0.4431,1.0,0.0,1.96,0.1979,2.96,0.1979,2.0,0.0,5.2,0.4041,2.0,0.0,2.64,0.4849,1.84,0.3703
n041_midj.jpg,2.0,0.0,1.48,0.5047,1.48,0.5047,1.82,0.3881,1.0,0.0,1.88,0.3283,2.0,0.0,2.0,0.0,2.0,0.0,6.04,0.1979,1.1,0.303,3.02,0.3774,2.44,0.5014,2.68,0.5127,4.64,0.4849,2.0,0.0,2.0,0.0,2.0,0.0
n070_midj.jpg,1.92,0.274,1.2,0.4041,2.0,0.3499,2.76,0.5175,1.36,0.4849,1.0,0.0,2.84,0.4219,1.72,0.4536,2.38,0.4903,5.44,0.5014,1.06,0.2399,1.42,0.4986,4.88,0.3283,1.92,0.274,4.96,0.4499,2.94,0.5115,4.5,0.544,1.42,0.4986
1710_midj.jpg,5.5,0.5051,1.0,0.0,6.14,0.3505,2.74,0.5997,1.86,0.5349,1.0,0.0,4.02,0.5529,1.04,0.1979,6.02,0.1414,1.34,0.4785,6.46,0.5035,1.72,0.4536,6.44,0.5014,1.0,0.0,5.16,0.6503,4.74,0.5646,6.92,0.274,1.0,0.0
animals_166_v_midj.jpg,4.38,0.6024,1.0,0.0,6.04,0.1979,2.04,0.1979,1.2,0.4041,1.0,0.0,1.94,0.2399,1.0,0.0,5.92,0.274,2.02,0.5529,6.04,0.1979,1.0,0.0,6.04,0.1979,1.0,0.0,6.42,0.4986,1.6,0.4949,6.04,0.1979,1.0,0.0
baby1_midj.jpg,2.0,0.0,1.0,0.0,6.8,0.4041,4.08,0.7783,1.24,0.4314,1.0,0.0,2.28,0.4536,1.04,0.1979,5.66,0.4785,1.94,0.55,6.58,0.4986,1.54,0.5035,6.04,0.1979,1.0,0.0,6.04,0.1979,2.38,0.4903,6.04,0.1979,1.0,0.0
baby5_midj.jpg,3.52,0.6141,1.0,0.0,6.04,0.1979,2.94,0.8184,1.24,0.4314,1.0,0.0,2.48,0.5047,1.0,0.0,5.12,0.3283,3.82,0.7743,6.26,0.4431,1.0,0.0,6.04,0.1979,1.0,0.0,5.92,0.274,4.26,0.5646,6.04,0.1979,1.0,0.0
baby_1_midj_af.jpg,1.6,0.4949,1.0,0.0,6.44,0.5014,2.3,0.4629,1.08,0.274,1.0,0.0,2.0,0.0,1.0,0.0,5.08,0.5284,2.0,0.5714,6.44,0.5014,1.86,0.3505,6.04,0.1979,1.0,0.0,6.02,0.1414,2.14,0.3505,5.96,0.2828,1.0,0.0
baby_1_midj_as.jpg,1.94,0.2399,1.0,0.0,6.06,0.2399,2.1,0.303,1.28,0.4536,1.0,0.0,2.02,0.1414,1.0,0.0,4.94,0.5115,3.04,0.9026,6.06,0.2399,1.84,0.3703,6.0,0.0,1.08,0.274,6.0,0.0,2.4,0.4949,5.72,0.4536,1.04,0.1979
baby_1_midj_euna.jpg,2.0,0.0,1.0,0.0,6.8,0.4041,4.08,0.7783,1.24,0.4314,1.0,0.0,2.28,0.4536,1.04,0.1979,5.66,0.4785,1.94,0.55,6.58,0.4986,1.54,0.5035,6.04,0.1979,1.0,0.0,6.04,0.1979,2.38,0.4903,6.04,0.1979,1.0,0.0
baby_1_midj_sa.jpg,2.06,0.2399,1.0,0.0,6.92,0.274,2.78,0.6788,1.38,0.4903,1.0,0.0,2.0,0.0,1.0,0.0,5.66,0.4785,1.94,0.55,6.82,0.3881,1.1,0.303,6.34,0.4785,1.0,0.0,6.04,0.1979,2.3,0.4629,6.06,0.2399,1.0,0.0
baby_5_midj_af.jpg,2.14,0.3505,1.0,0.0,6.04,0.1979,3.14,0.7827,1.48,0.5047,1.0,0.0,2.0,0.0,1.28,0.4536,3.02,0.4281,5.62,0.4903,6.3,0.4629,2.18,0.3881,5.86,0.3505,1.76,0.4314,6.0,0.0,3.12,0.4798,6.04,0.1979,1.0,0.0
baby_5_midj_as.jpg,3.22,0.5817,1.0,0.0,6.14,0.3505,2.8,0.6999,1.28,0.4536,1.0,0.0,2.18,0.3881,1.0,0.0,4.96,0.3476,5.46,0.5035,6.42,0.4986,1.06,0.2399,6.0,0.0,1.04,0.1979,6.02,0.1414,4.26,0.5646,6.04,0.1979,1.0,0.0
baby_5_midj_euna.jpg,3.52,0.6141,1.0,0.0,6.04,0.1979,2.94,0.8184,1.24,0.4314,1.0,0.0,2.48,0.5047,1.0,0.0,5.12,0.3283,3.84,0.7656,6.26,0.4431,1.0,0.0,6.04,0.1979,1.0,0.0,5.92,0.274,4.26,0.5646,6.04,0.1979,1.0,0.0
baby_5_midj_sa.jpg,4.6,0.5714,1.0,0.0,6.42,0.4986,2.72,0.701,1.26,0.4431,1.0,0.0,2.64,0.4849,1.0,0.0,5.86,0.3505,2.04,0.533,6.76,0.4314,1.0,0.0,6.06,0.2399,1.0,0.0,6.04,0.1979,3.78,0.6788,6.42,0.4986,1.0,0.0
cat5_midj.jpg,3.62,0.753,1.0,0.0,6.44,0.5014,3.54,0.706,1.3,0.4629,1.0,0.0,1.84,0.3703,1.0,0.0,6.0,0.2857,1.28,0.4536,6.76,0.4314,1.0,0.0,6.94,0.2399,1.0,0.0,6.96,0.1979,1.08,0.274,6.5,0.5051,1.0,0.0
cat_5_midj_af.jpg,4.46,0.8134,1.0,0.0,6.2,0.4041,3.52,0.7068,1.42,0.4986,1.0,0.0,2.0,0.0,1.0,0.0,5.88,0.4352,1.9,0.5803,6.26,0.4431,1.22,0.4185,6.42,0.4986,1.0,0.0,6.14,0.3505,1.54,0.5035,6.3,0.4629,1.0,0.0
cat_5_midj_as.jpg,4.28,0.7835,1.0,0.0,6.26,0.4431,3.76,0.716,1.26,0.4431,1.0,0.0,1.8,0.4041,1.0,0.0,5.64,0.5253,1.86,0.8332,6.42,0.4986,1.08,0.274,6.6,0.4949,1.0,0.0,6.94,0.2399,1.1,0.303,6.42,0.4986,1.0,0.0
cat_5_midj_euna.jpg,3.86,0.7562,1.0,0.0,6.12,0.3283,4.78,0.7637,1.38,0.4903,1.0,0.0,2.02,0.1414,1.0,0.0,5.98,0.3188,1.26,0.4431,6.44,0.5014,1.0,0.0,6.82,0.3881,1.0,0.0,6.8,0.4041,1.2,0.4041,6.6,0.4949,1.0,0.0
cat_5_midj_sa.jpg,5.9,0.4165,1.0,0.0,6.32,0.4712,3.98,0.6848,1.26,0.4431,1.0,0.0,2.1,0.303,1.0,0.0,6.06,0.2399,1.24,0.4314,6.42,0.4986,1.0,0.0,6.96,0.1979,1.0,0.0,6.7,0.4629,1.72,0.4536,6.42,0.4986,1.0,0.0
dog12_midj.jpg,5.44,0.5014,1.0,0.0,5.96,0.1979,1.88,0.3283,2.02,0.6543,1.0,0.0,5.52,0.5047,1.0,0.0,6.04,0.1979,1.38,0.4903,5.78,0.4185,1.0,0.0,6.04,0.1979,1.0,0.0,3.16,0.7918,5.14,0.4046,6.06,0.2399,1.0,0.0
dog4_midj.jpg,4.92,0.5284,1.0,0.0,6.36,0.4849,4.12,0.7183,1.1,0.303,1.0,0.0,1.96,0.1979,1.0,0.0,5.96,0.3476,1.34,0.4785,6.86,0.3505,1.38,0.4903,6.92,0.274,1.0,0.0,6.8,0.4041,1.26,0.4431,6.8,0.4041,1.0,0.0
dog6_midj.jpg,6.02,0.1414,1.0,0.0,6.14,0.3505,3.58,0.7848,1.38,0.4903,1.0,0.0,4.52,0.6773,1.04,0.1979,6.04,0.1979,1.2,0.4041,6.5,0.5051,1.2,0.4041,6.58,0.4986,1.0,0.0,3.78,0.8154,5.02,0.5147,6.58,0.4986,1.0,0.0
dog_6_midj_af.jpg,4.62,0.6354,1.0,0.0,6.42,0.4986,3.66,0.6884,1.38,0.4903,1.0,0.0,2.8,0.5345,2.0,0.0,5.52,0.5047,2.02,0.5529,6.58,0.4986,2.84,0.8418,6.14,0.3505,1.28,0.4536,5.86,0.3505,3.86,0.6704,6.44,0.5014,1.0,0.0
dog_6_midj_as.jpg,5.92,0.3405,1.0,0.0,6.42,0.4986,2.62,0.5303,1.46,0.5425,1.0,0.0,4.72,0.6074,1.0,0.0,6.04,0.1979,1.24,0.4314,6.42,0.4986,1.0,0.0,6.44,0.5014,1.0,0.0,4.38,0.901,4.52,0.6773,6.44,0.5014,1.0,0.0
dog_6_midj_euna.jpg,6.02,0.1414,1.0,0.0,6.14,0.3505,3.58,0.7848,1.38,0.4903,1.0,0.0,4.52,0.6773,1.04,0.1979,6.04,0.1979,1.2,0.4041,6.5,0.5051,1.2,0.4041,6.58,0.4986,1.0,0.0,3.78,0.8154,5.02,0.5147,6.58,0.4986,1.0,0.0
dog_6_midj_sa.jpg,4.08,0.6952,1.0,0.0,6.04,0.1979,2.4,0.4949,1.36,0.4849,1.0,0.0,2.4,0.4949,2.0,0.0,4.36,0.6312,4.18,0.8003,6.04,0.1979,3.82,0.7743,6.0,0.0,2.0,0.0,5.92,0.274,3.56,0.6749,6.04,0.1979,1.28,0.4536
h001_midj.jpg,1.88,0.3283,1.0,0.0,6.2,0.4041,2.84,0.7103,1.26,0.4431,1.0,0.0,1.2,0.4041,1.0,0.0,3.28,0.9485,3.38,1.2919,6.44,0.5014,1.42,0.4986,6.0,0.0,1.04,0.1979,6.8,0.4041,1.0,0.0,6.04,0.1979,1.0,0.0
h090_midj.jpg,4.72,0.757,1.0,0.0,5.12,0.5938,1.8,0.4041,1.22,0.4185,1.0,0.0,4.56,0.644,1.0,0.0,6.06,0.2399,1.08,0.274,5.5,0.5051,1.0,0.0,6.42,0.4986,1.0,0.0,3.6,0.6701,4.74,0.5646,6.04,0.1979,1.0,0.0
maps145_midj.jpg,5.44,0.5014,1.0,0.0,6.5,0.5051,2.22,0.4185,1.24,0.4314,1.0,0.0,5.08,0.5284,1.0,0.0,6.2,0.4041,1.1,0.303,6.7,0.4629,1.0,0.0,6.92,0.274,1.0,0.0,4.76,0.6565,4.7,0.5803,6.3,0.4629,1.0,0.0
maps160_midj.jpg,5.44,0.5014,1.0,0.0,6.92,0.274,2.06,0.2399,1.28,0.4536,1.0,0.0,4.74,0.5646,1.0,0.0,6.3,0.4629,1.0,0.0,6.86,0.3505,1.0,0.0,6.92,0.274,1.0,0.0,4.54,0.706,4.5,0.544,6.3,0.4629,1.0,0.0
maps252_midj.jpg,4.74,0.487,1.0,0.0,5.96,0.1979,1.98,0.1414,1.04,0.1979,1.0,0.0,3.8,0.4949,1.0,0.0,6.0,0.0,1.58,0.4986,6.02,0.1414,1.0,0.0,6.04,0.1979,1.0,0.0,5.56,0.5014,4.22,0.4647,6.02,0.1414,1.0,0.0
p030_midj.jpg,3.22,0.5067,1.0,0.0,6.0,0.0,2.14,0.3505,1.08,0.274,1.0,0.0,2.66,0.4785,1.0,0.0,5.62,0.4903,3.14,0.7827,6.0,0.0,1.0,0.0,6.04,0.1979,1.0,0.0,5.94,0.2399,3.38,0.5675,6.04,0.1979,1.0,0.0
p030_midj_af.jpg,3.82,0.7743,1.0,0.0,6.04,0.1979,2.1,0.303,1.26,0.4431,1.04,0.1979,3.06,0.4243,1.0,0.0,6.0,0.0,1.36,0.4849,6.04,0.1979,1.0,0.0,6.04,0.1979,1.0,0.0,4.62,0.6354,3.9,0.6468,6.04,0.1979,1.04,0.1979
p030_midj_as.jpg,3.56,0.6115,1.0,0.0,6.04,0.1979,2.0,0.0,1.34,0.4785,1.0,0.0,2.82,0.3881,1.0,0.0,5.78,0.4185,3.52,0.7624,6.0,0.0,1.0,0.0,6.0,0.0,1.0,0.0,5.62,0.4903,3.42,0.6091,6.0,0.0,1.0,0.0
p030_midj_euna.jpg,4.62,0.6354,1.0,0.0,6.04,0.1979,1.9,0.303,1.08,0.274,1.0,0.0,3.22,0.5067,1.0,0.0,6.0,0.0,1.74,0.487,6.04,0.1979,1.0,0.0,6.06,0.2399,1.0,0.0,5.5,0.5051,4.26,0.5646,6.04,0.1979,1.0,0.0
p030_midj_sa.jpg,3.86,0.6704,1.0,0.0,6.04,0.1979,2.14,0.3505,1.22,0.4185,1.0,0.0,3.32,0.5511,1.0,0.0,6.0,0.0,1.78,0.4647,6.04,0.1979,1.0,0.0,6.02,0.1414,1.0,0.0,4.62,0.6354,4.18,0.5226,6.02,0.1414,1.0,0.0
p035_midj.jpg,5.16,0.3703,1.0,0.0,5.94,0.3136,2.44,0.5406,1.42,0.4986,1.0,0.0,4.34,0.5194,1.0,0.0,5.92,0.274,2.08,0.5284,5.98,0.3188,1.0,0.0,6.04,0.1979,1.0,0.0,4.6,0.6999,4.96,0.3476,6.04,0.1979,1.0,0.0
penguins2_midj.jpg,3.02,0.4734,1.0,0.0,6.42,0.4986,5.4,0.4949,1.1,0.303,1.0,0.0,2.64,0.4849,1.04,0.1979,5.78,0.4185,2.08,0.5284,6.72,0.4536,1.54,0.5035,6.04,0.1979,1.04,0.1979,6.02,0.1414,3.14,0.5718,6.02,0.1414,1.0,0.0
posmidsoc_18_midj.jpg,4.5,0.544,1.0,0.0,6.04,0.1979,2.48,0.5436,1.0,0.0,1.0,0.0,3.32,0.5511,1.0,0.0,6.0,0.0,1.82,0.4375,6.06,0.2399,1.0,0.0,6.04,0.1979,1.0,0.0,5.72,0.4536,3.8,0.6389,6.04,0.1979,1.0,0.0
posmidsoc_23_midj.jpg,5.92,0.274,1.0,0.0,6.5,0.5051,1.84,0.3703,1.2,0.4041,1.0,0.0,5.06,0.3731,1.0,0.0,6.44,0.5014,1.0,0.0,6.86,0.3505,1.0,0.0,6.96,0.1979,1.0,0.0,3.92,0.7783,5.6,0.4949,6.14,0.3505,1.0,0.0
posmidsoc_25_midj.jpg,2.14,0.3505,1.0,0.0,6.7,0.4629,2.48,0.5436,1.22,0.4185,1.0,0.0,3.52,0.6141,1.0,0.0,6.0,0.0,1.78,0.4647,6.7,0.4629,1.48,0.5047,6.06,0.2399,1.0,0.0,5.92,0.274,3.68,0.6833,6.04,0.1979,1.0,0.0
posmidsoc_2_midj.jpg,3.72,0.7296,1.0,0.0,7.0,0.0,2.14,0.3505,1.2,0.4041,1.0,0.0,5.7,0.5051,1.0,0.0,6.96,0.1979,1.0,0.0,7.0,0.0,1.0,0.0,7.0,0.0,1.0,0.0,3.46,0.7616,5.8,0.4518,6.7,0.4629,1.0,0.0
2455_midj.jpg,1.04,0.1979,1.06,0.2399,6.04,0.1979,2.18,0.3881,1.08,0.274,1.0,0.0,2.0,0.0,4.18,0.5226,2.0,0.0,2.0,0.4949,5.98,0.2466,5.72,0.4536,3.68,0.6833,5.06,0.2399,4.42,0.6417,2.72,0.5729,3.4,0.7559,3.18,0.8497
2480_midj.jpg,1.2,0.4041,1.04,0.1979,2.68,0.5869,2.14,0.3505,1.06,0.2399,1.0,0.0,2.0,0.0,2.0,0.0,2.0,0.0,5.12,0.3283,1.98,0.2466,5.0,0.0,2.88,0.3854,4.44,0.5014,5.92,0.274,2.48,0.5047,2.74,0.5646,2.18,0.3881
2480_midj_af.jpg,1.28,0.4536,1.0,0.0,3.02,0.742,4.4,0.5345,1.26,0.4431,1.0,0.0,2.0,0.0,2.0,0.0,2.84,0.4219,5.56,0.5014,2.5,0.544,4.16,0.4677,4.18,0.5226,2.3,0.4629,6.0,0.0,3.16,0.5481,3.9,0.6468,1.88,0.3283
2480_midj_as.jpg,1.86,0.3505,1.0,0.0,3.66,0.6884,4.3,0.5051,1.34,0.4785,1.0,0.0,2.0,0.0,1.88,0.3283,3.48,0.5799,5.28,0.4536,2.52,0.5436,4.58,0.4986,4.4,0.5345,3.34,0.5573,6.0,0.0,2.66,0.4785,3.76,0.6247,1.92,0.274
2480_midj_euna.jpg,1.2,0.4041,1.04,0.1979,2.68,0.5869,2.14,0.3505,1.06,0.2399,1.0,0.0,2.0,0.0,2.0,0.0,2.0,0.0,5.12,0.3283,1.98,0.2466,5.0,0.0,2.88,0.3854,4.44,0.5014,5.92,0.274,2.48,0.5047,2.74,0.5646,2.18,0.3881
2480_midj_sa.jpg,1.2,0.4041,1.24,0.4314,2.18,0.3881,2.62,0.5303,1.18,0.3881,1.54,0.5035,2.0,0.0,2.14,0.3505,2.0,0.0,5.04,0.2828,2.02,0.3188,5.06,0.2399,2.64,0.4849,5.0,0.0,5.16,0.3703,2.4,0.4949,2.6,0.4949,3.18,0.7475
9470_midj.jpg,1.0,0.0,4.48,0.6465,1.0,0.0,3.26,0.8992,1.0,0.0,4.74,0.5646,2.98,0.9366,6.0,0.0,1.0,0.0,1.04,0.1979,1.0,0.0,6.0,0.0,1.0,0.0,6.76,0.4314,1.0,0.0,6.14,0.3505,1.0,0.0,6.3,0.4629
9530_midj.jpg,1.1,0.303,3.02,0.742,2.34,0.5573,1.92,0.3959,1.04,0.1979,5.12,0.3283,2.0,0.0,3.74,0.6328,1.06,0.2399,2.58,0.7584,1.98,0.4734,6.0,0.0,1.22,0.4185,6.06,0.2399,1.84,0.3703,3.54,0.706,1.94,0.2399,6.0,0.0
9530_midj_af.jpg,1.0,0.0,2.44,0.5406,2.76,0.8935,3.46,1.073,1.1,0.303,4.92,0.4882,2.0,0.0,3.94,0.6518,1.04,0.1979,2.62,0.6966,3.78,1.2824,6.04,0.1979,1.08,0.274,6.44,0.5014,1.76,0.4314,3.86,0.7562,1.98,0.2466,6.02,0.1414
9530_midj_as.jpg,1.0,0.0,3.28,0.9044,3.64,1.1205,1.78,0.4647,1.0,0.0,5.84,0.3703,1.54,0.5035,4.22,0.7365,1.0,0.0,2.04,0.6376,4.22,1.5425,6.06,0.2399,1.0,0.0,6.94,0.2399,1.6,0.4949,3.34,0.8478,1.72,0.4536,6.14,0.3505
9530_midj_euna.jpg,1.1,0.303,3.02,0.742,2.36,0.5628,1.92,0.3959,1.04,0.1979,5.12,0.3283,2.0,0.0,3.72,0.6402,1.06,0.2399,2.58,0.7584,1.98,0.4734,6.0,0.0,1.22,0.4185,6.06,0.2399,1.84,0.3703,3.54,0.706,1.94,0.2399,6.0,0.0
9530_midj_sa.jpg,1.0,0.0,3.3,0.789,3.28,0.9044,1.76,0.4314,1.06,0.2399,5.12,0.3283,1.8,0.4041,3.4,0.6061,1.1,0.303,3.82,0.7197,3.52,1.015,6.0,0.0,1.2,0.4041,6.2,0.4041,1.88,0.3283,3.56,0.6749,1.94,0.2399,6.02,0.1414
9561_midj.jpg,1.92,0.3959,1.88,0.3283,3.32,0.9781,1.48,0.5047,1.04,0.1979,5.0,0.3499,2.0,0.0,4.18,0.8003,1.08,0.274,1.74,0.487,6.06,0.2399,6.02,0.1414,1.78,0.4185,6.02,0.1414,1.86,0.3505,4.24,0.9381,2.32,0.5127,4.94,0.5115
9941_midj.jpg,1.0,0.0,4.38,0.7796,1.06,0.2399,5.6,0.4949,1.0,0.0,3.56,0.7329,5.6,0.4949,6.0,0.0,1.0,0.0,1.0,0.0,1.0,0.0,5.22,0.4185,1.08,0.274,6.06,0.2399,1.0,0.0,6.14,0.3505,1.26,0.4431,6.04,0.1979
a039_midj.jpg,1.22,0.4185,3.14,1.0304,1.72,0.4536,3.52,0.8389,1.08,0.274,2.14,0.3505,2.14,0.3505,2.8,0.8571,1.0,0.0,3.32,0.8676,1.8,0.4041,5.92,0.274,1.24,0.4314,6.0,0.0,3.88,1.1183,3.4,0.7559,1.96,0.1979,5.44,0.5014
a059_midj.jpg,2.62,0.6354,1.2,0.4041,2.18,0.3881,4.56,0.5406,1.0,0.0,2.66,0.5194,2.48,0.5047,2.0,0.0,1.92,0.274,5.56,0.5014,4.38,0.6024,4.7,0.4629,2.78,0.5067,4.56,0.5406,5.92,0.274,2.1,0.303,2.82,0.6289,2.14,0.3505
animals_077_h_midj.jpg,1.0,0.0,3.82,1.3045,1.88,0.3854,1.48,0.5047,1.0,0.0,5.78,0.4185,3.26,0.8992,4.76,0.7969,1.0,0.0,1.6,0.4949,1.88,0.5206,5.94,0.3136,1.0,0.0,6.06,0.2399,1.8,0.4041,5.7,0.5051,1.34,0.4785,5.98,0.1414
deadbodies2_midj.jpg,1.0,0.0,2.82,0.9833,1.0,0.0,1.28,0.4536,1.0,0.0,6.06,0.2399,1.24,0.4314,5.42,1.0515,1.0,0.0,1.0,0.0,1.0,0.0,7.0,0.0,1.0,0.0,7.0,0.0,1.0,0.0,4.6,2.0603,1.0,0.0,6.96,0.1979
dog24_midj.jpg,1.94,0.2399,1.6,0.4949,1.94,0.2399,1.42,0.4986,4.28,0.9697,2.72,0.5729,2.02,0.1414,2.04,0.1979,2.02,0.1414,2.62,0.6354,4.76,0.6565,5.62,0.4903,2.16,0.3703,5.56,0.5014,3.78,0.7365,3.22,0.5817,4.46,0.8134,2.64,0.7217
dog26_midj.jpg,1.0,0.0,1.88,0.3283,1.08,0.274,1.0,0.0,1.0,0.0,6.04,0.1979,1.0,0.0,3.06,1.0184,1.0,0.0,1.0,0.0,1.26,0.4431,6.96,0.1979,1.0,0.0,7.0,0.0,1.22,0.4185,1.88,0.5206,1.0,0.0,6.44,0.5014
dog31_midj.jpg,1.1,0.303,1.9,0.303,3.26,0.9435,1.08,0.274,1.04,0.1979,2.14,0.3505,1.92,0.274,4.02,0.5529,1.2,0.4041,2.44,0.5771,5.6,0.4949,6.0,0.0,1.6,0.4949,6.0,0.0,3.32,0.8676,3.2,0.6061,2.0,0.0,5.32,0.5127
dr11.eu_civil_protection_and_humanitarian_aid_operations-ccbyncnd2.0_midj.jpg,1.0,0.0,2.0,0.0,1.0,0.0,1.98,0.3188,1.0,0.0,5.5,0.5051,1.42,0.4986,3.7,0.7071,1.0,0.0,1.26,0.4431,1.08,0.274,6.04,0.1979,1.0,0.0,6.2,0.4041,1.54,0.5035,1.94,0.4243,1.0,0.0,6.02,0.1414
dr20.luca_de_vito-ccbyncnd2.0_midj.jpg,1.28,0.4536,2.0,0.0,1.96,0.2828,2.02,0.1414,2.02,0.5529,3.8,0.6389,2.0,0.0,2.0,0.0,2.0,0.0,3.64,0.7494,2.3,0.544,5.1,0.303,2.06,0.2399,5.22,0.4185,4.38,0.6024,2.78,0.5067,2.72,0.6074,4.2,0.8081
dr25.padre_djacy_brasileiro-ccbyncnd2.0_midj.jpg,1.0,0.0,4.5,0.7071,1.0,0.0,1.92,0.4445,1.0,0.0,6.04,0.1979,1.24,0.4314,5.26,0.487,1.0,0.0,1.0,0.0,1.0,0.0,6.96,0.1979,1.0,0.0,7.0,0.0,1.0,0.0,3.8,1.2617,1.0,0.0,6.44,0.5014
faces_172_midj.jpg,1.0,0.0,1.26,0.4431,2.08,0.4445,1.84,0.3703,1.08,0.274,2.72,0.6074,1.04,0.1979,2.0,0.0,1.0,0.0,4.2,0.9035,2.0,0.4949,6.0,0.0,1.34,0.4785,6.02,0.1414,4.98,0.769,2.14,0.3505,1.86,0.3505,4.92,0.5284
faces_172_midj_af.jpg,1.2,0.4041,1.24,0.4314,3.24,0.9161,2.0,0.3499,1.04,0.1979,2.44,0.5406,1.24,0.4314,2.04,0.1979,1.32,0.4712,4.72,0.6713,3.02,1.0593,5.82,0.3881,1.96,0.1979,5.72,0.4536,4.98,0.769,2.48,0.5436,2.14,0.3505,4.12,0.8241
faces_172_midj_as.jpg,1.28,0.4536,1.22,0.4185,3.78,0.8401,2.06,0.3731,1.04,0.1979,1.86,0.3505,1.34,0.4785,2.02,0.1414,1.48,0.5047,5.6,0.4949,3.32,0.9988,5.5,0.5051,2.0,0.0,5.18,0.3881,5.56,0.5014,2.48,0.5436,2.14,0.3505,2.72,0.7296
faces_172_midj_euna.jpg,1.04,0.1979,1.32,0.4712,2.56,0.7602,2.0,0.3499,1.0,0.0,5.2,0.4518,1.1,0.303,2.18,0.3881,1.04,0.1979,4.84,0.6503,2.82,1.0631,5.96,0.1979,1.34,0.4785,6.02,0.1414,4.84,1.0568,2.1,0.303,1.8,0.4041,5.32,0.5127
faces_172_midj_sa.jpg,1.62,0.4903,1.28,0.4536,3.64,0.7494,2.44,0.5406,1.1,0.303,2.22,0.4185,1.72,0.4536,1.96,0.1979,1.84,0.3703,5.5,0.5051,3.14,0.9478,5.12,0.3283,2.14,0.3505,5.1,0.303,5.72,0.4536,2.44,0.5014,2.32,0.4712,3.52,0.7624
faces_363_v_midj.jpg,1.0,0.0,1.98,0.2466,5.84,0.4677,1.22,0.4185,1.0,0.0,5.14,0.4046,1.06,0.2399,5.84,0.4677,1.08,0.274,1.3,0.4629,5.98,0.3774,6.44,0.5014,1.26,0.4431,6.94,0.2399,2.04,0.1979,4.16,1.0174,1.48,0.5047,6.04,0.1979
maps330_midj.jpg,1.0,0.0,6.0,0.833,1.0,0.0,1.0,0.0,1.0,0.0,6.92,0.274,1.04,0.1979,7.0,0.0,1.0,0.0,1.0,0.0,1.82,1.746,7.0,0.0,1.0,0.0,7.0,0.0,1.0,0.0,6.84,0.3703,1.0,0.0,7.0,0.0
maps330_midj_af.jpg,1.0,0.0,3.42,1.1082,1.22,0.4185,1.06,0.2399,1.0,0.0,6.14,0.3505,1.0,0.0,6.46,0.5035,1.0,0.0,1.0,0.0,6.12,1.1183,7.0,0.0,1.0,0.0,7.0,0.0,1.04,0.1979,3.76,1.9853,1.0,0.0,6.96,0.1979
maps330_midj_as.jpg,1.0,0.0,2.8,1.069,1.46,0.9733,1.1,0.303,1.0,0.0,6.26,0.4431,1.54,0.5035,6.96,0.1979,1.0,0.0,1.0,0.0,6.7,0.4629,7.0,0.0,1.0,0.0,7.0,0.0,1.0,0.0,6.44,0.5014,1.0,0.0,7.0,0.0
maps330_midj_euna.jpg,1.0,0.0,2.54,0.8855,1.1,0.303,1.2,0.4041,1.0,0.0,6.76,0.4314,1.48,0.5047,7.0,0.0,1.0,0.0,1.0,0.0,5.5,1.9193,7.0,0.0,1.0,0.0,7.0,0.0,1.0,0.0,6.58,0.4986,1.0,0.0,7.0,0.0
maps330_midj_sa.jpg,1.0,0.0,6.0,0.833,1.0,0.0,1.0,0.0,1.0,0.0,6.92,0.274,1.04,0.1979,7.0,0.0,1.0,0.0,1.0,0.0,1.82,1.746,7.0,0.0,1.0,0.0,7.0,0.0,1.0,0.0,6.84,0.3703,1.0,0.0,7.0,0.0
miserable_pose_3_midj_af.jpg,1.0,0.0,1.88,0.3283,1.2,0.4041,1.88,0.5206,1.32,0.9134,5.98,0.3774,1.08,0.274,5.5,0.7354,1.0,0.0,1.1,0.303,2.84,1.9521,7.0,0.0,1.0,0.0,7.0,0.0,1.62,0.5303,2.0,0.4949,1.0,0.0,6.6,0.4949
miserable_pose_3_midj_as.jpg,1.0,0.0,1.2,0.4041,2.04,0.533,1.84,0.3703,1.38,0.4903,3.0,0.8081,1.54,0.5035,2.06,0.2399,1.0,0.0,3.18,1.0821,2.56,1.1095,6.02,0.1414,1.38,0.4903,6.04,0.1979,5.32,0.6528,2.02,0.1414,1.86,0.3505,5.6,0.4949
miserable_pose_3_midj_euna.jpg,1.0,0.0,1.1,0.303,1.1,0.303,1.6,0.4949,1.12,0.3283,5.26,0.487,1.8,0.4041,5.46,0.6455,1.0,0.0,1.2,0.4041,3.98,1.8789,6.14,0.3505,1.0,0.0,7.0,0.0,1.0,0.0,4.96,1.1421,1.0,0.0,6.06,0.2399
miserable_pose_3_midj_sa.jpg,1.0,0.0,1.86,0.3505,2.12,0.5938,1.48,0.5047,3.36,1.9975,3.3,0.8864,1.0,0.0,2.48,0.5436,1.0,0.0,1.74,0.487,4.04,1.8731,6.58,0.4986,1.0,0.0,6.96,0.1979,3.26,0.9858,2.18,0.3881,1.26,0.4431,6.06,0.2399
miserablepose3_midj.jpg,1.0,0.0,1.1,0.303,1.1,0.303,1.6,0.4949,1.12,0.3283,5.26,0.487,1.8,0.4041,5.46,0.6455,1.0,0.0,1.2,0.4041,3.98,1.8789,6.14,0.3505,1.0,0.0,7.0,0.0,1.0,0.0,4.96,1.1421,1.0,0.0,6.06,0.2399
