"image","amusement_Mean","amusement_Std","anger_Mean","anger_Std","attachment love_Mean","attachment love_Std","awe_Mean","awe_Std","craving_Mean","craving_Std","disgust_Mean","disgust_Std","excitement_Mean","excitement_Std","fear_Mean","fear_Std","joy_Mean","joy_Std","neutral_Mean","neutral_Std","nurturant love_Mean","nurturant love_Std","sadness_Mean","sadness_Std","positive_Mean","positive_Std","negative_Mean","negative_Std","calm_Mean","calm_Std","aroused_Mean","aroused_Std","motivated to approach_Mean","motivated to approach_Std","motivated to avoid_Mean","motivated to avoid_Std"
"amusement_new_10.jpg","6.9","0.3","1.0","0.0","5.9","0.3","1.0","0.0","1.0","0.0","1.0","0.0","4.0","0.0","1.0","0.0","5.98","0.14","2.02","0.25","5.64","0.48","1.0","0.0","6.56","0.5","1.0","0.0","4.08","0.49","3.58","0.5","5.9","0.3","1.0","0.0"
"amusement_new_11.jpg","6.04","0.2","1.0","0.0","5.12","0.33","1.08","0.27","1.0","0.0","1.0","0.0","4.18","0.44","1.0","0.0","6.04","0.2","1.06","0.24","5.66","0.48","1.0","0.0","6.06","0.24","1.0","0.0","4.24","0.48","3.32","0.47","5.38","0.49","1.0","0.0"
"amusement_new_12.jpg","6.42","0.5","1.0","0.0","1.0","0.0","1.36","0.48","1.0","0.0","1.0","0.0","4.32","0.47","2.0","0.0","5.0","0.0","1.72","0.45","1.0","0.0","1.0","0.0","5.54","0.5","1.0","0.0","2.5","0.51","4.66","0.48","4.08","0.27","1.3","0.46"
"amusement_new_13.jpg","7.0","0.0","1.0","0.0","6.0","0.0","2.0","0.0","1.0","0.0","1.0","0.0","6.04","0.2","1.0","0.0","7.0","0.0","1.0","0.0","5.88","0.33","1.0","0.0","7.0","0.0","1.0","0.0","3.66","0.52","5.84","0.37","7.0","0.0","1.0","0.0"
"amusement_new_14.jpg","7.0","0.0","1.0","0.0","5.46","0.5","2.04","0.2","1.0","0.0","1.0","0.0","5.12","0.33","1.0","0.0","6.64","0.48","1.0","0.0","6.24","0.48","1.0","0.0","6.98","0.14","1.0","0.0","4.24","0.43","4.18","0.39","6.3","0.46","1.0","0.0"
"amusement_new_15.jpg","6.94","0.24","1.0","0.0","5.0","0.0","1.0","0.0","1.0","0.0","1.0","0.0","4.0","0.0","1.9","0.3","6.0","0.0","1.98","0.14","5.98","0.14","1.0","0.0","6.66","0.48","1.0","0.0","3.16","0.37","4.0","0.0","5.98","0.14","1.0","0.0"
"amusement_new_15_midj_af.jpg","6.0","0.0","1.0","0.0","6.02","0.14","1.84","0.37","1.0","0.0","1.0","0.0","3.64","0.48","1.0","0.0","6.02","0.14","2.02","0.14","6.62","0.49","1.0","0.0","6.52","0.5","1.0","0.0","5.04","0.2","2.96","0.2","6.08","0.27","1.0","0.0"
"amusement_new_15_midj_as.jpg","6.48","0.5","1.0","0.0","6.0","0.0","1.8","0.45","1.0","0.0","1.0","0.0","4.02","0.14","1.0","0.0","6.44","0.5","2.02","0.14","6.94","0.24","1.0","0.0","6.7","0.46","1.0","0.0","5.14","0.35","3.02","0.14","6.28","0.45","1.0","0.0"
"amusement_new_15_midj_euna.jpg","7.0","0.0","1.0","0.0","5.0","0.0","1.0","0.0","1.0","0.0","1.0","0.0","4.0","0.0","1.92","0.27","6.0","0.0","2.0","0.0","6.0","0.0","1.0","0.0","6.62","0.49","1.0","0.0","3.08","0.27","4.0","0.0","6.0","0.0","1.0","0.0"
"amusement_new_15_midj_sa.jpg","6.96","0.2","1.0","0.0","5.92","0.27","1.2","0.4","1.0","0.0","1.0","0.0","4.08","0.34","1.0","0.0","6.92","0.27","1.08","0.27","6.94","0.24","1.0","0.0","6.96","0.2","1.0","0.0","5.14","0.35","3.3","0.46","6.74","0.44","1.0","0.0"
"amusement_new_16.jpg","6.98","0.14","1.0","0.0","6.0","0.0","1.02","0.14","4.0","0.0","1.0","0.0","5.0","0.0","1.0","0.0","7.0","0.0","1.0","0.0","6.06","0.24","1.0","0.0","7.0","0.0","1.0","0.0","5.46","0.5","3.94","0.31","6.9","0.3","1.0","0.0"
"amusement_new_16_midj_af.jpg","6.46","0.5","1.0","0.0","3.0","0.0","1.78","0.42","5.0","0.0","1.0","0.0","4.46","0.5","1.0","0.0","6.0","0.0","2.0","0.0","3.88","0.33","1.0","0.0","6.0","0.0","1.0","0.0","3.34","0.48","4.04","0.2","5.54","0.5","1.0","0.0"
"amusement_new_16_midj_as.jpg","6.96","0.2","1.0","0.0","4.16","0.37","2.0","0.0","4.94","0.24","1.0","0.0","5.14","0.4","1.0","0.0","6.12","0.33","1.86","0.35","5.1","0.3","1.0","0.0","6.16","0.37","1.0","0.0","3.96","0.35","4.16","0.37","6.0","0.0","1.0","0.0"
"amusement_new_16_midj_euna.jpg","6.96","0.2","1.0","0.0","6.0","0.0","1.12","0.33","3.96","0.2","1.0","0.0","4.98","0.14","1.0","0.0","6.96","0.2","1.0","0.0","6.02","0.14","1.0","0.0","6.96","0.2","1.0","0.0","5.4","0.49","4.0","0.2","6.68","0.47","1.0","0.0"
"amusement_new_16_midj_sa.jpg","7.0","0.0","1.0","0.0","6.0","0.0","1.0","0.0","4.68","0.47","1.0","0.0","5.0","0.0","1.0","0.0","7.0","0.0","1.0","0.0","6.0","0.0","1.0","0.0","7.0","0.0","1.0","0.0","5.04","0.35","4.18","0.39","6.96","0.2","1.0","0.0"
"amusement_new_17.jpg","7.0","0.0","1.0","0.0","6.0","0.0","1.0","0.0","1.0","0.0","1.0","0.0","5.0","0.0","1.0","0.0","7.0","0.0","1.0","0.0","6.02","0.14","1.0","0.0","7.0","0.0","1.0","0.0","3.8","0.53","4.0","0.0","6.0","0.0","1.0","0.0"
"amusement_new_19.jpg","6.38","0.49","1.0","0.0","5.38","0.49","1.0","0.0","2.62","0.49","1.0","0.0","3.38","0.49","1.0","0.0","5.86","0.35","1.52","0.5","5.4","0.49","1.0","0.0","6.14","0.35","1.0","0.0","4.3","0.46","3.22","0.42","5.54","0.5","1.0","0.0"
"amusement_new_21.jpg","6.96","0.2","1.0","0.0","5.52","0.5","1.0","0.0","1.0","0.0","1.0","0.0","3.32","0.47","1.0","0.0","5.96","0.2","2.0","0.2","5.86","0.35","1.0","0.0","6.44","0.5","1.0","0.0","4.72","0.45","2.98","0.14","5.54","0.5","1.0","0.0"
"amusement_new_22.jpg","6.9","0.3","1.0","0.0","4.0","0.0","1.98","0.14","1.0","0.0","1.0","0.0","3.14","0.35","1.0","0.0","5.86","0.35","1.48","0.5","6.0","0.0","1.0","0.0","6.02","0.14","1.0","0.0","4.74","0.49","3.0","0.2","5.7","0.46","1.0","0.0"
"amusement_new_24.jpg","7.0","0.0","1.0","0.0","3.94","0.24","2.0","0.0","1.0","0.0","1.0","0.0","5.0","0.0","1.0","0.0","6.0","0.0","1.0","0.0","4.94","0.24","1.0","0.0","6.62","0.49","1.0","0.0","4.12","0.44","4.02","0.14","5.64","0.48","1.0","0.0"
"amusement_new_25.jpg","6.76","0.43","1.0","0.0","3.06","0.24","1.0","0.0","1.0","0.0","4.86","0.4","3.74","0.44","2.0","0.0","5.76","0.43","1.92","0.27","4.26","0.44","1.0","0.0","5.94","0.24","1.98","0.14","3.14","0.35","3.86","0.35","4.9","0.42","2.0","0.0"
"amusement_new_26.jpg","6.16","0.37","1.0","0.0","4.18","0.39","2.0","0.0","1.0","0.0","1.0","0.0","3.18","0.39","1.0","0.0","5.92","0.27","2.0","0.0","5.04","0.28","1.0","0.0","6.0","0.0","1.0","0.0","4.7","0.46","3.06","0.24","5.48","0.5","1.0","0.0"
"amusement_new_27.jpg","7.0","0.0","1.0","0.0","6.04","0.2","1.08","0.27","1.0","0.0","1.0","0.0","6.0","0.0","1.0","0.0","7.0","0.0","1.0","0.0","6.08","0.27","1.0","0.0","7.0","0.0","1.0","0.0","1.96","0.2","6.18","0.39","7.0","0.0","1.0","0.0"
"amusement_new_30.jpg","7.0","0.0","1.0","0.0","4.86","0.35","1.08","0.27","1.0","0.0","1.0","0.0","4.0","0.0","1.0","0.0","6.06","0.24","1.0","0.0","5.9","0.3","1.0","0.0","6.7","0.46","1.0","0.0","4.98","0.14","3.16","0.37","6.0","0.0","1.0","0.0"
"amusement_new_31.jpg","6.06","0.24","1.0","0.0","5.0","0.0","3.0","0.0","1.0","0.0","1.0","0.0","6.0","0.0","1.0","0.0","6.72","0.45","1.32","0.47","5.88","0.33","1.0","0.0","6.78","0.42","1.0","0.0","2.18","0.39","5.98","0.14","6.0","0.0","1.0","0.0"
"amusement_new_31_midj_af.jpg","5.66","0.48","1.0","0.0","6.0","0.0","5.0","0.0","1.0","0.0","1.0","0.0","6.0","0.0","2.0","0.0","7.0","0.0","1.0","0.0","7.0","0.0","1.0","0.0","7.0","0.0","1.0","0.0","2.22","0.42","6.0","0.0","7.0","0.0","1.0","0.0"
"amusement_new_31_midj_as.jpg","6.0","0.0","1.0","0.0","5.0","0.0","3.0","0.0","1.0","0.0","1.0","0.0","5.24","0.43","1.02","0.14","6.16","0.37","1.04","0.2","6.38","0.49","1.0","0.0","6.56","0.5","1.0","0.0","2.62","0.49","5.36","0.48","6.04","0.2","1.0","0.0"
"amusement_new_31_midj_euna.jpg","6.02","0.14","1.0","0.0","5.0","0.0","3.0","0.0","1.0","0.0","1.0","0.0","6.0","0.0","1.0","0.0","6.72","0.45","1.3","0.46","5.86","0.35","1.0","0.0","6.8","0.4","1.0","0.0","2.18","0.39","6.0","0.0","6.02","0.14","1.0","0.0"
"amusement_new_31_midj_sa.jpg","6.92","0.27","1.0","0.0","4.04","0.2","3.64","0.6","1.0","0.0","1.0","0.0","6.02","0.14","1.0","0.0","7.0","0.0","1.0","0.0","4.98","0.14","1.0","0.0","7.0","0.0","1.0","0.0","2.14","0.35","6.02","0.14","6.04","0.2","1.0","0.0"
"animals_173_h_midj.jpg","5.96","0.2","1.0","0.0","4.96","0.2","3.0","0.0","1.0","0.0","1.0","0.0","3.0","0.0","1.0","0.0","6.0","0.0","2.02","0.14","5.0","0.0","1.0","0.0","6.02","0.14","1.0","0.0","6.0","0.0","2.02","0.14","5.9","0.3","1.0","0.0"
"poshighnonsoc_11_midj.jpg","6.92","0.27","1.0","0.0","6.84","0.37","1.48","0.5","1.0","0.0","1.0","0.0","6.0","0.0","1.0","0.0","7.0","0.0","1.0","0.0","6.84","0.37","1.0","0.0","7.0","0.0","1.0","0.0","3.14","0.67","5.98","0.14","7.0","0.0","1.0","0.0"
"poshighnonsoc_11_midj_af.jpg","5.46","0.5","1.0","0.0","5.52","0.5","1.44","0.5","1.0","0.0","1.0","0.0","3.96","0.28","1.0","0.0","6.0","0.0","1.94","0.24","5.52","0.5","1.0","0.0","6.0","0.0","1.0","0.0","4.72","0.45","3.24","0.43","5.94","0.24","1.0","0.0"
"poshighnonsoc_11_midj_as.jpg","6.0","0.0","1.0","0.0","6.0","0.0","1.92","0.27","1.0","0.0","1.0","0.0","5.0","0.0","1.0","0.0","6.76","0.43","1.3","0.46","6.0","0.0","1.0","0.0","6.76","0.43","1.0","0.0","4.72","0.45","4.04","0.2","6.34","0.48","1.0","0.0"
"poshighnonsoc_11_midj_euna.jpg","6.94","0.24","1.0","0.0","6.66","0.48","1.6","0.49","1.0","0.0","1.0","0.0","6.02","0.14","1.0","0.0","7.0","0.0","1.0","0.0","6.8","0.4","1.0","0.0","7.0","0.0","1.0","0.0","3.1","0.61","6.0","0.0","7.0","0.0","1.0","0.0"
"poshighnonsoc_11_midj_sa.jpg","7.0","0.0","1.0","0.0","6.0","0.0","1.04","0.2","1.0","0.0","1.0","0.0","6.0","0.0","1.0","0.0","7.0","0.0","1.0","0.0","6.0","0.0","1.0","0.0","7.0","0.0","1.0","0.0","2.0","0.2","6.08","0.27","7.0","0.0","1.0","0.0"
"poshighnonsoc_19_midj.jpg","6.96","0.2","1.0","0.0","5.98","0.14","1.02","0.14","1.0","0.0","1.0","0.0","4.94","0.24","1.0","0.0","6.96","0.2","1.02","0.14","6.5","0.51","1.0","0.0","6.96","0.2","1.0","0.0","4.44","0.58","3.94","0.24","6.18","0.39","1.0","0.0"
"poshighnonsoc_19_midj_af.jpg","5.94","0.24","1.0","0.0","6.0","0.0","1.98","0.14","1.0","0.0","1.0","0.0","3.88","0.33","1.0","0.0","6.0","0.0","2.04","0.2","6.44","0.5","1.0","0.0","6.24","0.43","1.0","0.0","5.64","0.48","2.92","0.27","6.2","0.4","1.0","0.0"
"poshighnonsoc_19_midj_as.jpg","6.06","0.24","1.0","0.0","4.88","0.33","2.88","0.33","1.0","0.0","1.0","0.0","3.0","0.0","1.0","0.0","5.02","0.14","2.5","0.51","5.18","0.44","1.0","0.0","6.0","0.0","1.0","0.0","5.04","0.2","2.66","0.48","5.04","0.2","1.0","0.0"
"poshighnonsoc_19_midj_euna.jpg","6.42","0.5","1.0","0.0","5.54","0.5","1.76","0.43","1.0","0.0","1.0","0.0","3.4","0.49","1.0","0.0","6.1","0.36","1.9","0.3","5.94","0.37","1.0","0.0","6.44","0.5","1.0","0.0","5.76","0.43","2.52","0.5","6.02","0.32","1.0","0.0"
"poshighnonsoc_19_midj_sa.jpg","6.0","0.0","1.0","0.0","5.0","0.0","1.4","0.49","1.0","0.0","1.0","0.0","3.0","0.0","1.0","0.0","5.0","0.0","2.2","0.4","5.6","0.49","1.0","0.0","6.0","0.0","1.0","0.0","4.78","0.42","2.96","0.2","5.44","0.5","1.0","0.0"
"9340_midj.jpg","1.0","0.0","6.0","0.0","1.0","0.0","1.0","0.0","1.0","0.0","5.86","0.35","1.0","0.0","2.2","0.4","1.0","0.0","2.0","0.0","1.0","0.0","5.0","0.2","1.0","0.0","6.0","0.0","2.0","0.0","3.18","0.39","1.0","0.0","5.86","0.35"
"anger_new_1.jpg","2.0","0.0","6.0","0.0","1.0","0.0","1.12","0.33","1.0","0.0","5.88","0.33","2.0","0.0","2.0","0.0","1.1","0.3","2.06","0.24","1.0","0.0","3.3","0.46","1.1","0.3","5.02","0.14","2.1","0.3","3.78","0.42","1.06","0.24","5.0","0.0"
"anger_new_10.jpg","1.0","0.0","6.0","0.0","1.0","0.0","1.0","0.0","2.0","0.0","1.78","0.42","2.74","0.44","6.02","0.14","1.34","0.48","1.56","0.5","1.0","0.0","3.14","0.57","1.48","0.5","5.94","0.24","1.88","0.39","4.92","0.27","1.78","0.42","5.8","0.4"
"anger_new_11.jpg","1.0","0.0","6.0","0.0","1.0","0.0","1.0","0.0","1.0","0.0","6.1","0.3","1.0","0.0","3.6","0.49","1.0","0.0","1.0","0.0","1.96","0.35","6.0","0.0","1.0","0.0","6.14","0.35","1.0","0.0","5.0","0.0","1.0","0.0","6.14","0.35"
"anger_new_11_midj_af.jpg","1.0","0.0","6.16","0.37","1.0","0.0","1.98","0.14","1.0","0.0","6.98","0.14","1.64","0.48","3.9","0.3","1.0","0.0","1.0","0.0","1.32","0.47","6.12","0.33","1.0","0.0","6.92","0.27","1.14","0.35","5.06","0.24","1.0","0.0","6.92","0.27"
"anger_new_11_midj_as.jpg","1.0","0.0","6.0","0.0","1.02","0.14","1.26","0.44","1.0","0.0","5.1","0.3","1.08","0.27","3.0","0.0","1.12","0.33","2.0","0.0","1.94","0.31","5.72","0.45","1.12","0.33","5.98","0.14","2.0","0.0","4.0","0.0","1.12","0.33","5.1","0.3"
"anger_new_11_midj_euna.jpg","1.0","0.0","6.0","0.0","1.0","0.0","1.0","0.0","1.0","0.0","6.14","0.35","1.0","0.0","3.68","0.47","1.0","0.0","1.0","0.0","2.04","0.4","6.0","0.0","1.0","0.0","6.18","0.39","1.0","0.0","5.0","0.0","1.0","0.0","6.18","0.39"
"anger_new_11_midj_sa.jpg","1.0","0.0","6.36","0.48","1.0","0.0","2.04","0.2","1.0","0.0","7.0","0.0","1.88","0.33","3.9","0.3","1.0","0.0","1.0","0.0","1.78","0.42","6.18","0.39","1.0","0.0","7.0","0.0","1.0","0.0","5.88","0.33","1.0","0.0","6.84","0.37"
"anger_new_13.jpg","5.72","0.45","2.84","0.65","4.28","0.57","1.0","0.0","1.0","0.0","1.64","0.48","4.66","0.48","3.08","0.27","4.02","0.51","1.56","0.5","3.6","0.53","2.36","0.63","4.02","0.51","3.02","0.51","1.56","0.5","5.68","0.47","4.04","0.53","3.02","0.43"
"anger_new_14.jpg","1.0","0.0","6.82","0.39","1.0","0.0","1.0","0.0","1.0","0.0","5.7","0.68","5.42","0.61","7.0","0.0","1.0","0.0","1.0","0.0","1.0","0.0","6.36","0.48","1.0","0.0","7.0","0.0","1.0","0.0","7.0","0.0","1.0","0.0","7.0","0.0"
"anger_new_14_midj_af.jpg","1.06","0.24","6.44","0.5","1.0","0.0","1.0","0.0","1.0","0.0","2.0","0.0","5.36","0.48","6.94","0.24","1.0","0.0","1.0","0.0","1.0","0.0","5.2","0.93","1.0","0.0","6.7","0.46","1.0","0.0","6.94","0.24","1.02","0.14","6.94","0.24"
"anger_new_14_midj_as.jpg","1.0","0.0","6.64","0.48","1.0","0.0","2.28","0.45","1.0","0.0","2.24","0.43","5.54","0.58","6.68","0.47","1.0","0.0","1.0","0.0","1.0","0.0","1.6","1.12","1.0","0.0","6.8","0.4","1.0","0.0","6.88","0.33","1.0","0.0","6.84","0.37"
"anger_new_14_midj_euna.jpg","1.0","0.0","6.86","0.35","1.0","0.0","1.0","0.0","1.0","0.0","5.82","0.48","5.46","0.68","7.0","0.0","1.0","0.0","1.0","0.0","1.0","0.0","6.5","0.51","1.0","0.0","7.0","0.0","1.0","0.0","7.0","0.0","1.0","0.0","7.0","0.0"
"anger_new_14_midj_sa.jpg","5.4","0.53","4.22","0.71","2.12","0.44","1.6","0.49","1.0","0.0","1.98","0.14","4.2","0.45","4.9","0.51","2.78","0.55","1.82","0.44","2.28","0.5","3.5","0.51","2.86","0.45","4.3","0.46","1.82","0.44","5.28","0.45","2.92","0.4","4.46","0.58"
"anger_new_15.jpg","2.2","0.4","3.2","0.45","3.92","0.27","1.04","0.2","1.04","0.2","2.3","0.46","4.16","0.37","3.5","0.51","3.16","0.37","2.2","0.4","3.8","0.4","3.44","0.5","3.16","0.37","3.64","0.48","2.2","0.4","5.0","0.45","4.0","0.45","3.32","0.55"
"anger_new_2.jpg","1.98","0.14","5.04","0.2","1.0","0.0","1.14","0.35","1.0","0.0","3.88","0.33","2.88","0.33","4.78","0.42","1.0","0.0","2.72","0.45","1.0","0.0","2.12","0.33","1.06","0.24","4.82","0.44","2.28","0.45","4.02","0.32","1.92","0.27","4.86","0.4"
"anger_new_3.jpg","1.0","0.0","6.02","0.14","1.0","0.0","1.0","0.0","1.0","0.0","5.1","0.3","1.92","0.27","6.06","0.24","1.0","0.0","1.0","0.0","1.0","0.0","7.0","0.0","1.0","0.0","7.0","0.0","1.0","0.0","6.02","0.14","1.0","0.0","6.92","0.27"
"anger_new_3_midj_af.jpg","1.0","0.0","6.04","0.2","1.0","0.0","1.0","0.0","1.0","0.0","2.0","0.0","2.0","0.0","6.28","0.45","1.0","0.0","1.0","0.0","1.0","0.0","6.02","0.14","1.0","0.0","6.3","0.46","1.0","0.0","6.02","0.14","1.0","0.0","6.3","0.46"
"anger_new_3_midj_as.jpg","1.0","0.0","5.0","0.53","1.0","0.0","1.98","0.14","1.0","0.0","2.0","0.0","4.04","0.57","5.98","0.14","1.0","0.0","1.24","0.43","1.0","0.0","4.98","0.14","1.04","0.2","6.0","0.0","1.04","0.2","5.98","0.14","2.0","0.0","6.0","0.0"
"anger_new_3_midj_euna.jpg","1.0","0.0","6.02","0.14","1.0","0.0","1.0","0.0","1.0","0.0","5.08","0.27","1.92","0.27","6.02","0.14","1.0","0.0","1.0","0.0","1.0","0.0","7.0","0.0","1.0","0.0","7.0","0.0","1.0","0.0","6.04","0.2","1.0","0.0","6.92","0.27"
"anger_new_3_midj_sa.jpg","1.0","0.0","6.0","0.0","1.0","0.0","1.72","0.45","1.0","0.0","4.0","0.0","3.0","0.0","6.0","0.0","1.0","0.0","1.0","0.0","1.0","0.0","5.12","0.33","1.0","0.0","6.0","0.0","1.0","0.0","6.0","0.0","2.0","0.0","6.0","0.0"
"anger_new_4.jpg","5.56","0.54","6.1","0.3","1.0","0.0","3.3","0.46","1.0","0.0","3.9","0.58","5.18","0.39","2.3","0.46","2.98","0.43","1.0","0.0","1.0","0.0","2.2","0.4","3.8","0.45","4.22","0.46","1.0","0.0","6.0","0.0","4.12","0.33","3.26","0.49"
"anger_new_5.jpg","1.0","0.0","6.04","0.2","1.0","0.0","1.0","0.0","1.0","0.0","6.04","0.2","1.0","0.0","2.12","0.33","1.0","0.0","1.0","0.0","1.0","0.0","5.2","0.4","1.0","0.0","6.04","0.2","1.0","0.0","4.28","0.45","1.0","0.0","6.04","0.2"
"anger_new_5_midj_af.jpg","1.0","0.0","6.0","0.0","1.0","0.0","1.0","0.0","1.0","0.0","6.32","0.47","1.5","0.51","3.0","0.0","1.0","0.0","1.0","0.0","1.0","0.0","5.74","0.44","1.0","0.0","6.22","0.42","1.24","0.43","4.7","0.46","1.0","0.0","6.14","0.5"
"anger_new_5_midj_as.jpg","1.0","0.0","6.08","0.27","1.0","0.0","3.08","0.27","1.0","0.0","5.66","0.48","2.0","0.0","3.0","0.0","1.0","0.0","1.26","0.44","1.0","0.0","5.74","0.44","1.0","0.0","6.08","0.27","1.96","0.2","5.0","0.2","1.84","0.37","6.06","0.24"
"anger_new_5_midj_euna.jpg","1.0","0.0","6.04","0.2","1.0","0.0","1.02","0.14","1.0","0.0","6.02","0.14","1.02","0.14","2.12","0.33","1.0","0.0","1.0","0.0","1.0","0.0","5.24","0.43","1.0","0.0","6.06","0.24","1.02","0.14","4.14","0.35","1.0","0.0","6.04","0.2"
"anger_new_5_midj_sa.jpg","1.0","0.0","6.08","0.27","1.0","0.0","2.0","0.0","1.0","0.0","7.0","0.0","1.86","0.35","3.0","0.0","1.0","0.0","1.0","0.0","1.0","0.0","6.0","0.0","1.0","0.0","6.9","0.3","1.02","0.14","5.02","0.14","1.0","0.0","6.9","0.3"
"anger_new_6.jpg","1.0","0.0","6.92","0.27","1.0","0.0","1.0","0.0","1.0","0.0","1.06","0.24","1.4","0.49","2.94","0.37","1.0","0.0","1.0","0.0","1.0","0.0","4.86","0.35","1.0","0.0","6.86","0.35","1.0","0.0","5.82","0.39","1.0","0.0","6.86","0.35"
"anger_new_8.jpg","1.96","0.35","6.04","0.2","1.0","0.0","1.0","0.0","1.0","0.0","3.0","0.4","3.86","0.35","4.0","0.0","1.22","0.42","1.08","0.27","1.0","0.0","4.78","0.51","1.24","0.43","6.0","0.0","1.0","0.0","5.52","0.5","1.66","0.48","5.66","0.48"
"garbagedump2_midj.jpg","1.0","0.0","6.28","0.45","1.0","0.0","1.0","0.0","1.0","0.0","6.26","0.44","1.0","0.0","3.0","0.0","1.0","0.0","1.0","0.0","1.0","0.0","5.48","0.5","1.0","0.0","6.58","0.5","1.0","0.0","4.86","0.4","1.0","0.0","6.46","0.5"
"garbagedump4_midj.jpg","1.0","0.0","6.0","0.0","1.0","0.0","1.0","0.0","1.0","0.0","6.96","0.2","1.0","0.0","3.0","0.0","1.0","0.0","1.0","0.0","1.0","0.0","5.92","0.27","1.0","0.0","6.84","0.37","1.0","0.0","4.9","0.3","1.0","0.0","6.7","0.46"
"h038_midj.jpg","1.0","0.0","6.08","0.27","2.0","0.0","1.54","0.5","1.0","0.0","5.04","0.28","1.54","0.5","4.8","0.49","1.0","0.0","1.32","0.47","4.08","0.63","6.38","0.49","1.0","0.0","6.38","0.49","1.2","0.4","4.52","0.65","1.22","0.42","5.52","0.54"
"landscapes_026_h_midj.jpg","1.0","0.0","6.02","0.14","1.0","0.0","1.0","0.0","1.0","0.0","6.02","0.14","1.02","0.14","2.9","0.36","1.0","0.0","1.58","0.5","1.0","0.0","5.02","0.14","1.0","0.0","6.0","0.0","1.58","0.5","4.02","0.14","1.0","0.0","6.0","0.0"
"landscapes_139_h_midj.jpg","1.0","0.0","6.0","0.0","1.0","0.0","1.0","0.0","1.18","0.39","6.26","0.44","1.0","0.0","2.16","0.37","1.0","0.0","1.0","0.0","1.0","0.0","4.9","0.3","1.0","0.0","6.08","0.27","1.0","0.0","4.02","0.38","1.0","0.0","6.04","0.2"
"landscapes_139_h_midj_af.jpg","1.0","0.0","6.04","0.2","1.0","0.0","1.0","0.0","1.0","0.0","6.0","0.0","1.0","0.0","2.7","0.46","1.0","0.0","1.0","0.0","1.0","0.0","5.28","0.45","1.0","0.0","6.04","0.2","1.0","0.0","4.04","0.35","1.0","0.0","6.04","0.2"
"landscapes_139_h_midj_as.jpg","1.0","0.0","6.0","0.0","1.0","0.0","1.62","0.49","1.0","0.0","6.0","0.0","1.2","0.4","2.98","0.14","1.0","0.0","1.16","0.37","1.0","0.0","5.56","0.5","1.0","0.0","6.02","0.14","1.28","0.45","4.14","0.35","1.0","0.0","6.02","0.14"
"landscapes_139_h_midj_euna.jpg","1.0","0.0","6.0","0.0","1.0","0.0","1.0","0.0","1.18","0.39","6.28","0.45","1.0","0.0","2.16","0.37","1.0","0.0","1.0","0.0","1.0","0.0","4.94","0.24","1.0","0.0","6.1","0.3","1.0","0.0","4.1","0.42","1.0","0.0","6.02","0.14"
"landscapes_139_h_midj_sa.jpg","1.0","0.0","6.0","0.0","1.0","0.0","1.0","0.0","1.0","0.0","6.0","0.0","1.02","0.14","3.06","0.24","1.0","0.0","1.0","0.0","1.0","0.0","5.86","0.35","1.0","0.0","6.04","0.2","1.0","0.0","4.82","0.39","1.0","0.0","6.02","0.14"
"people_127_h_midj.jpg","1.0","0.0","6.82","0.39","1.0","0.0","1.0","0.0","1.0","0.0","5.82","0.39","2.42","0.86","6.82","0.39","1.0","0.0","1.0","0.0","1.0","0.0","6.12","0.33","1.0","0.0","6.82","0.39","1.0","0.0","6.74","0.44","1.0","0.0","6.88","0.33"
"picture3_midj.jpg","1.0","0.0","6.82","0.39","1.0","0.0","1.0","0.0","1.0","0.0","1.78","0.42","3.06","0.31","5.98","0.14","1.0","0.0","1.0","0.0","1.0","0.0","4.02","0.43","1.0","0.0","6.82","0.39","1.0","0.0","6.16","0.37","1.0","0.0","6.82","0.39"
"2340_midj.jpg","7.0","0.0","1.0","0.0","7.0","0.0","1.02","0.14","1.0","0.0","1.0","0.0","5.26","0.44","1.0","0.0","7.0","0.0","1.0","0.0","7.0","0.0","1.0","0.0","7.0","0.0","1.0","0.0","5.34","0.48","4.28","0.5","7.0","0.0","1.0","0.0"
"2340_midj_af.jpg","6.0","0.0","1.0","0.0","7.0","0.0","1.98","0.14","1.0","0.0","1.0","0.0","4.92","0.27","1.0","0.0","7.0","0.0","1.0","0.0","7.0","0.0","1.0","0.0","7.0","0.0","1.0","0.0","5.98","0.14","3.72","0.45","7.0","0.0","1.0","0.0"
"2340_midj_as.jpg","6.92","0.27","1.0","0.0","6.98","0.14","1.32","0.47","1.0","0.0","1.0","0.0","5.88","0.44","1.0","0.0","7.0","0.0","1.0","0.0","6.98","0.14","1.0","0.0","7.0","0.0","1.0","0.0","4.9","0.51","4.9","0.54","6.98","0.14","1.0","0.0"
"2340_midj_euna.jpg","6.98","0.14","1.0","0.0","7.0","0.0","1.04","0.2","1.0","0.0","1.0","0.0","5.08","0.34","1.0","0.0","7.0","0.0","1.0","0.0","7.0","0.0","1.0","0.0","7.0","0.0","1.0","0.0","5.48","0.5","4.22","0.46","6.98","0.14","1.0","0.0"
"2340_midj_sa.jpg","6.46","0.5","1.0","0.0","7.0","0.0","1.0","0.0","1.0","0.0","1.0","0.0","5.48","0.5","1.0","0.0","7.0","0.0","1.0","0.0","6.96","0.2","1.0","0.0","7.0","0.0","1.0","0.0","4.8","0.57","5.32","0.55","6.9","0.3","1.0","0.0"
"2398_midj.jpg","4.9","0.3","1.0","0.0","4.98","0.14","1.56","0.5","1.0","0.0","1.0","0.0","4.96","0.2","1.0","0.0","6.0","0.0","1.56","0.5","3.88","0.33","1.0","0.0","6.0","0.0","1.0","0.0","4.06","0.37","4.14","0.4","5.0","0.0","1.0","0.0"
"2560_midj.jpg","2.04","0.2","1.0","0.0","6.0","0.0","3.26","0.44","2.02","0.14","1.0","0.0","3.96","0.2","1.0","0.0","6.0","0.0","2.02","0.14","5.9","0.3","1.0","0.0","6.0","0.0","1.0","0.0","5.44","0.5","2.98","0.14","5.86","0.35","1.0","0.0"
"2580_midj.jpg","1.93","0.25","1.0","0.0","3.0","0.0","1.0","0.0","1.0","0.0","1.0","0.0","2.0","0.0","1.0","0.0","2.87","0.35","4.57","0.5","1.87","0.35","2.0","0.0","2.93","0.25","1.0","0.0","5.6","0.5","2.0","0.0","2.1","0.31","1.0","0.0"
"attachment_love_new_2_midj_af.jpg","2.6","0.76","1.0","0.0","7.0","0.0","2.5","0.74","1.0","0.0","1.0","0.0","3.12","0.33","1.0","0.0","6.98","0.14","1.72","0.45","7.0","0.0","1.0","0.0","7.0","0.0","1.0","0.0","6.64","0.48","2.46","0.5","6.64","0.48","1.0","0.0"
"attachment_love_new_2_midj_as.jpg","2.52","0.54","1.0","0.0","6.96","0.2","2.0","0.0","1.0","0.0","1.0","0.0","3.0","0.0","1.0","0.0","7.0","0.0","2.0","0.0","7.0","0.0","1.0","0.0","7.0","0.0","1.0","0.0","6.12","0.33","2.6","0.49","6.28","0.45","1.0","0.0"
"attachment_love_new_2_midj_euna.jpg","3.36","0.56","1.0","0.0","6.86","0.35","2.0","0.0","1.0","0.0","1.0","0.0","3.08","0.27","1.0","0.0","6.48","0.5","1.96","0.2","6.86","0.35","1.0","0.0","6.66","0.48","1.0","0.0","6.0","0.0","2.74","0.44","5.9","0.36","1.0","0.0"
"attachment_love_new_2_midj_sa.jpg","1.64","0.48","1.0","0.0","6.84","0.37","1.96","0.2","1.0","0.0","1.0","0.0","2.66","0.48","1.0","0.0","5.96","0.2","2.54","0.5","6.9","0.3","1.38","0.49","6.1","0.3","1.0","0.0","6.04","0.2","2.0","0.0","5.92","0.27","1.0","0.0"
"attachment_love_new_3_midj_af.jpg","5.36","0.56","1.0","0.0","7.0","0.0","2.1","0.3","1.0","0.0","1.0","0.0","5.06","0.24","1.0","0.0","7.0","0.0","1.0","0.0","6.14","0.35","1.0","0.0","7.0","0.0","1.0","0.0","5.6","0.49","4.34","0.48","6.98","0.14","1.0","0.0"
"attachment_love_new_3_midj_as.jpg","5.84","0.37","1.0","0.0","6.84","0.37","2.16","0.37","1.0","0.0","1.0","0.0","4.06","0.24","1.0","0.0","7.0","0.0","1.12","0.33","6.98","0.14","1.0","0.0","7.0","0.0","1.0","0.0","6.0","0.0","3.04","0.2","6.9","0.3","1.0","0.0"
"attachment_love_new_3_midj_euna.jpg","5.14","0.95","1.0","0.0","7.0","0.0","2.0","0.0","1.0","0.0","1.0","0.0","4.2","0.4","1.0","0.0","7.0","0.0","1.0","0.0","7.0","0.0","1.0","0.0","7.0","0.0","1.0","0.0","6.0","0.0","3.48","0.5","6.98","0.14","1.0","0.0"
"attachment_love_new_3_midj_sa.jpg","4.7","0.74","1.0","0.0","7.0","0.0","3.28","0.86","1.0","0.0","1.0","0.0","4.76","0.43","1.0","0.0","7.0","0.0","1.18","0.39","6.86","0.35","1.0","0.0","7.0","0.0","1.0","0.0","5.98","0.14","3.92","0.4","6.82","0.39","1.0","0.0"
"attachment_love_new_8_midj_af.jpg","1.04","0.2","1.0","0.0","6.0","0.0","3.0","0.0","1.0","0.0","1.0","0.0","2.5","0.51","1.0","0.0","6.14","0.35","1.94","0.24","7.0","0.0","1.0","0.0","6.7","0.46","1.0","0.0","6.04","0.2","2.36","0.48","6.0","0.0","1.0","0.0"
"attachment_love_new_8_midj_as.jpg","2.02","0.14","1.0","0.0","6.0","0.0","2.98","0.14","1.0","0.0","1.0","0.0","3.08","0.27","1.0","0.0","6.96","0.2","1.86","0.35","7.0","0.0","1.0","0.0","6.96","0.2","1.0","0.0","6.0","0.0","3.06","0.24","6.54","0.5","1.0","0.0"
"attachment_love_new_8_midj_euna.jpg","4.4","0.73","1.0","0.0","6.02","0.14","3.1","0.3","1.88","0.33","1.0","0.0","4.38","0.49","1.0","0.0","7.0","0.0","1.72","0.45","7.0","0.0","1.0","0.0","7.0","0.0","1.0","0.0","6.0","0.0","3.78","0.42","6.04","0.2","1.0","0.0"
"attachment_love_new_8_midj_sa.jpg","5.34","0.56","1.0","0.0","6.36","0.48","2.0","0.0","1.0","0.0","1.0","0.0","4.0","0.0","1.0","0.0","7.0","0.0","1.56","0.5","7.0","0.0","1.0","0.0","7.0","0.0","1.0","0.0","6.0","0.0","3.3","0.46","6.84","0.37","1.0","0.0"
"attachmentlove_new_1.jpg","5.88","0.33","1.0","0.0","7.0","0.0","1.98","0.14","3.0","0.0","1.0","0.0","5.54","0.5","1.0","0.0","7.0","0.0","1.0","0.0","6.88","0.33","1.0","0.0","7.0","0.0","1.0","0.0","5.76","0.43","4.62","0.49","7.0","0.0","1.0","0.0"
"attachmentlove_new_10.jpg","1.0","0.0","1.0","0.0","6.98","0.14","6.0","0.0","1.0","0.0","1.0","0.0","5.0","0.0","1.0","0.0","6.94","0.24","1.02","0.14","2.98","0.14","1.02","0.14","6.98","0.14","1.0","0.0","5.9","0.3","4.72","0.45","6.16","0.37","1.0","0.0"
"attachmentlove_new_12.jpg","1.0","0.0","1.0","0.0","6.42","0.5","1.5","0.51","1.0","0.0","1.0","0.0","3.16","0.42","1.1","0.3","5.44","0.5","2.56","0.5","3.04","0.75","1.9","0.3","5.88","0.33","1.06","0.24","6.0","0.0","3.16","0.37","5.48","0.5","1.04","0.2"
"attachmentlove_new_2.jpg","3.2","0.61","1.0","0.0","6.78","0.42","2.0","0.0","1.0","0.0","1.0","0.0","3.1","0.3","1.0","0.0","6.5","0.51","1.92","0.27","6.8","0.4","1.0","0.0","6.64","0.48","1.0","0.0","5.98","0.14","2.76","0.43","5.86","0.35","1.0","0.0"
"attachmentlove_new_3.jpg","5.56","0.54","1.0","0.0","7.0","0.0","2.0","0.0","1.0","0.0","1.0","0.0","4.22","0.42","1.0","0.0","7.0","0.0","1.0","0.0","7.0","0.0","1.0","0.0","7.0","0.0","1.0","0.0","5.98","0.14","3.6","0.49","7.0","0.0","1.0","0.0"
"attachmentlove_new_5.jpg","1.0","0.0","1.0","0.0","7.0","0.0","1.0","0.0","1.0","0.0","1.0","0.0","2.66","0.48","1.0","0.0","6.48","0.5","1.0","0.0","6.68","0.47","2.0","0.0","6.82","0.39","1.0","0.0","5.64","0.48","3.0","0.0","6.6","0.49","1.0","0.0"
"attachmentlove_new_7.jpg","3.98","0.51","1.0","0.0","6.0","0.0","2.0","0.0","2.76","0.43","1.0","0.0","5.0","0.0","1.0","0.0","6.84","0.37","1.3","0.46","6.9","0.3","1.0","0.0","6.88","0.33","1.0","0.0","5.32","0.47","4.08","0.27","6.0","0.0","1.0","0.0"
"attachmentlove_new_8.jpg","4.42","0.73","1.0","0.0","6.04","0.2","3.1","0.3","1.82","0.39","1.0","0.0","4.48","0.5","1.0","0.0","7.0","0.0","1.82","0.39","7.0","0.0","1.0","0.0","7.0","0.0","1.0","0.0","6.02","0.14","3.84","0.42","6.08","0.27","1.0","0.0"
"attachmentlove_new_9.jpg","1.24","0.43","1.0","0.0","5.98","0.14","3.33","0.47","1.0","0.0","1.0","0.0","2.27","0.45","1.0","0.0","5.27","0.45","2.98","0.14","6.27","0.45","2.0","0.0","6.0","0.0","1.0","0.0","6.04","0.2","2.0","0.0","5.27","0.45","1.0","0.0"
"maps134_midj.jpg","5.06","0.51","1.0","0.0","6.0","0.0","2.88","0.33","1.0","0.0","1.0","0.0","5.86","0.35","1.0","0.0","6.98","0.14","1.02","0.14","5.98","0.14","1.0","0.0","7.0","0.0","1.0","0.0","3.9","0.54","5.36","0.56","6.0","0.0","1.0","0.0"
"maps138_midj.jpg","3.78","0.42","1.0","0.0","4.0","0.0","2.0","0.0","1.0","0.0","1.0","0.0","3.0","0.0","2.0","0.0","5.66","0.48","2.38","0.49","3.76","0.43","2.0","0.0","5.78","0.42","1.0","0.0","4.0","0.0","3.0","0.0","4.9","0.3","1.02","0.14"
"maps158_midj.jpg","6.0","0.0","1.0","0.0","7.0","0.0","2.0","0.0","1.0","0.0","1.0","0.0","6.06","0.24","1.0","0.0","7.0","0.0","1.0","0.0","3.0","0.0","1.0","0.0","7.0","0.0","1.0","0.0","2.16","0.37","6.02","0.14","7.0","0.0","1.0","0.0"
"maps158_midj_af.jpg","1.64","0.48","1.0","0.0","7.0","0.0","2.38","0.49","1.0","0.0","1.0","0.0","5.22","0.42","1.34","0.48","7.0","0.0","1.0","0.0","3.72","0.45","1.4","0.49","7.0","0.0","1.0","0.0","3.84","0.37","4.98","0.25","6.58","0.5","1.0","0.0"
"maps158_midj_as.jpg","2.02","0.14","1.0","0.0","6.94","0.24","2.52","0.5","1.0","0.0","1.0","0.0","4.48","0.5","1.0","0.0","6.36","0.48","1.92","0.27","3.24","0.43","1.04","0.2","6.4","0.49","1.0","0.0","5.02","0.14","3.92","0.34","6.0","0.0","1.0","0.0"
"maps158_midj_euna.jpg","5.98","0.14","1.0","0.0","7.0","0.0","2.0","0.0","1.0","0.0","1.0","0.0","6.08","0.27","1.0","0.0","7.0","0.0","1.0","0.0","3.0","0.0","1.0","0.0","7.0","0.0","1.0","0.0","2.14","0.35","6.06","0.24","7.0","0.0","1.0","0.0"
"maps158_midj_sa.jpg","1.0","0.0","1.0","0.0","6.76","0.43","1.24","0.43","1.0","0.0","1.0","0.0","3.4","0.49","2.08","0.27","5.78","0.42","1.72","0.45","2.7","0.46","3.66","0.48","5.98","0.14","2.3","0.46","4.66","0.48","3.92","0.34","5.96","0.2","1.96","0.2"
"maps236_midj.jpg","5.04","0.4","1.0","0.0","4.16","0.37","2.06","0.24","1.0","0.0","1.0","0.0","3.86","0.35","2.0","0.0","5.98","0.14","2.06","0.24","3.04","0.2","1.94","0.24","6.0","0.0","1.0","0.0","4.8","0.4","3.06","0.24","5.06","0.24","1.02","0.14"
"picture197_mid.jpg","6.98","0.15","1.0","0.0","1.98","0.15","1.0","0.0","1.0","0.0","1.0","0.0","6.0","0.0","1.0","0.0","7.0","0.0","1.0","0.0","1.85","0.36","1.0","0.0","7.0","0.0","1.0","0.0","1.11","0.31","6.0","0.0","6.78","0.42","1.0","0.0"
"posmidsoc_3_midj.jpg","4.36","0.48","1.0","0.0","6.0","0.0","1.0","0.0","1.0","0.0","1.0","0.0","4.0","0.0","1.0","0.0","6.0","0.0","2.0","0.0","5.52","0.5","1.0","0.0","6.0","0.0","1.0","0.0","5.0","0.0","3.0","0.0","5.94","0.24","1.0","0.0"
"wedding4_midj.jpg","1.2","0.4","1.0","0.0","5.8","0.4","3.86","0.35","4.92","0.27","1.0","0.0","3.94","0.24","1.0","0.0","6.0","0.0","2.02","0.14","3.04","0.2","1.0","0.0","6.76","0.43","1.0","0.0","5.8","0.4","3.0","0.0","5.78","0.42","1.0","0.0"
"awe_new_1.jpg","1.1","0.3","1.0","0.0","3.0","0.0","7.0","0.0","1.0","0.0","1.0","0.0","3.98","0.14","2.0","0.0","5.74","0.44","2.38","0.49","2.06","0.24","1.9","0.3","6.0","0.0","1.0","0.0","6.1","0.3","4.0","0.0","5.92","0.27","1.0","0.0"
"awe_new_1_midj_af.jpg","2.02","0.14","1.0","0.0","3.0","0.0","6.84","0.37","1.88","0.33","1.0","0.0","5.02","0.14","1.0","0.0","6.0","0.0","1.98","0.14","2.2","0.4","1.0","0.0","6.24","0.43","1.0","0.0","5.14","0.35","5.0","0.2","6.0","0.0","1.0","0.0"
"awe_new_1_midj_as.jpg","1.98","0.14","1.0","0.0","3.0","0.0","6.12","0.33","1.0","0.0","1.0","0.0","4.0","0.0","1.0","0.0","6.0","0.0","2.8","0.4","2.04","0.2","1.18","0.39","6.0","0.0","1.0","0.0","6.54","0.5","3.72","0.45","5.88","0.33","1.0","0.0"
"awe_new_1_midj_euna.jpg","1.26","0.44","1.0","0.0","3.0","0.0","7.0","0.0","1.0","0.0","1.0","0.0","4.0","0.0","2.0","0.0","5.76","0.43","2.42","0.5","2.18","0.39","1.9","0.3","6.0","0.0","1.0","0.0","6.04","0.2","4.0","0.0","5.94","0.24","1.0","0.0"
"awe_new_1_midj_sa.jpg","1.0","0.0","1.0","0.0","3.0","0.0","6.0","0.0","1.0","0.0","1.0","0.0","3.36","0.48","2.0","0.0","5.0","0.0","3.26","0.44","1.96","0.2","2.0","0.0","5.58","0.5","1.08","0.27","6.0","0.0","3.0","0.0","4.8","0.4","1.02","0.14"
"awe_new_2.jpg","1.06","0.24","1.0","0.0","3.0","0.0","7.0","0.0","1.0","0.0","1.0","0.0","4.0","0.0","1.8","0.4","5.0","0.0","2.9","0.3","1.68","0.47","2.0","0.0","6.0","0.0","1.0","0.0","6.32","0.47","4.1","0.3","5.02","0.14","1.0","0.0"
"awe_new_3.jpg","1.0","0.0","1.0","0.0","2.0","0.0","7.0","0.0","1.0","0.0","1.0","0.0","4.84","0.37","3.06","0.24","4.38","0.49","3.02","0.14","1.0","0.0","2.0","0.0","5.74","0.44","1.74","0.44","5.86","0.35","3.88","0.39","4.3","0.46","2.0","0.0"
"awe_new_4.jpg","1.0","0.0","1.0","0.0","1.36","0.48","6.28","0.45","1.0","0.0","1.0","0.0","2.92","0.27","2.0","0.0","4.0","0.0","4.0","0.0","1.0","0.0","2.0","0.0","4.98","0.14","1.1","0.3","6.0","0.0","2.92","0.27","3.22","0.42","1.14","0.35"
"awe_new_5.jpg","1.0","0.0","1.0","0.0","3.0","0.0","6.94","0.24","1.0","0.0","1.0","0.0","3.78","0.42","1.92","0.27","5.94","0.24","2.14","0.4","1.64","0.48","1.34","0.48","6.18","0.39","1.0","0.0","7.0","0.0","2.74","0.44","6.0","0.0","1.0","0.0"
"awe_new_6.jpg","1.9","0.3","1.0","0.0","3.0","0.0","5.8","0.4","1.14","0.35","1.0","0.0","4.08","0.27","1.0","0.0","5.0","0.0","3.06","0.24","1.08","0.27","2.0","0.0","5.92","0.27","1.0","0.0","5.96","0.2","3.92","0.27","5.0","0.0","1.0","0.0"
"awe_new_7.jpg","1.96","0.2","1.0","0.0","3.0","0.0","6.0","0.0","1.02","0.14","1.0","0.0","4.0","0.0","1.0","0.0","5.0","0.0","3.0","0.0","1.6","0.49","2.0","0.0","6.0","0.0","1.0","0.0","6.0","0.0","3.1","0.3","5.0","0.0","1.0","0.0"
"awe_new_8.jpg","1.06","0.24","1.0","0.0","2.18","0.39","7.0","0.0","1.0","0.0","1.0","0.0","4.92","0.27","3.02","0.14","5.0","0.0","2.0","0.0","1.0","0.0","2.0","0.0","6.0","0.0","2.0","0.0","6.0","0.0","4.18","0.39","5.0","0.0","2.0","0.0"
"awe_new_8_midj_af.jpg","1.44","0.5","1.0","0.0","2.56","0.5","7.0","0.0","1.04","0.2","1.0","0.0","5.08","0.27","2.72","0.45","6.0","0.0","2.02","0.14","1.44","0.5","1.48","0.5","6.6","0.49","1.0","0.0","5.98","0.14","4.42","0.5","5.66","0.48","1.0","0.0"
"awe_new_8_midj_as.jpg","1.06","0.24","1.0","0.0","3.0","0.0","7.0","0.0","1.06","0.24","1.0","0.0","5.0","0.0","1.92","0.27","6.0","0.0","2.2","0.4","1.98","0.25","1.72","0.45","6.34","0.48","1.0","0.0","5.66","0.48","4.9","0.3","5.34","0.48","1.0","0.0"
"awe_new_8_midj_euna.jpg","1.04","0.2","1.0","0.0","2.18","0.39","7.0","0.0","1.0","0.0","1.0","0.0","4.88","0.33","3.04","0.2","5.0","0.0","2.0","0.0","1.0","0.0","2.0","0.0","6.0","0.0","2.0","0.0","6.0","0.0","4.24","0.43","5.0","0.0","2.0","0.0"
"awe_new_8_midj_sa.jpg","1.22","0.42","1.0","0.0","2.68","0.47","7.0","0.0","1.0","0.0","1.0","0.0","5.86","0.35","2.9","0.3","6.0","0.0","2.0","0.0","1.0","0.0","1.8","0.4","6.74","0.44","1.0","0.0","3.84","0.37","5.96","0.2","6.02","0.14","1.0","0.0"
"lake12_midj.jpg","1.0","0.0","1.0","0.0","3.0","0.0","7.0","0.0","1.02","0.14","1.0","0.0","4.96","0.2","1.0","0.0","6.0","0.0","2.04","0.2","1.44","0.5","1.0","0.0","6.88","0.33","1.0","0.0","6.08","0.27","3.96","0.2","6.0","0.0","1.0","0.0"
"lake2_midj.jpg","1.0","0.0","1.0","0.0","2.2","0.4","5.16","0.37","1.0","0.0","1.0","0.0","3.0","0.0","1.0","0.0","6.0","0.0","2.78","0.42","1.12","0.33","1.0","0.0","6.06","0.24","1.0","0.0","6.98","0.14","2.52","0.5","5.98","0.14","1.0","0.0"
"landscapes_121_h_midj.jpg","1.94","0.24","1.0","0.0","3.0","0.0","6.0","0.0","1.94","0.24","1.0","0.0","3.88","0.33","1.34","0.48","6.0","0.0","2.84","0.68","1.94","0.24","1.64","0.48","6.0","0.0","1.0","0.0","7.0","0.0","2.9","0.3","6.0","0.0","1.0","0.0"
"landscapes_140_v_midj.jpg","1.08","0.27","1.0","0.0","3.0","0.0","5.96","0.2","2.96","0.2","1.0","0.0","4.0","0.0","1.0","0.0","6.0","0.0","2.78","0.42","1.44","0.5","1.0","0.0","6.0","0.0","1.0","0.0","6.14","0.35","3.54","0.5","5.88","0.33","1.0","0.0"
"landscapes_154_h_midj.jpg","1.02","0.14","1.0","0.0","2.0","0.0","6.0","0.0","1.0","0.0","1.0","0.0","3.04","0.2","2.0","0.0","4.98","0.14","3.3","0.46","1.0","0.0","2.0","0.0","5.04","0.2","1.78","0.42","6.0","0.0","3.0","0.0","4.04","0.2","1.78","0.42"
"landscapes_180_h_midj.jpg","1.66","0.48","1.0","0.0","2.36","0.48","5.38","0.49","3.46","0.5","1.0","0.0","4.36","0.48","1.0","0.0","6.0","0.0","2.0","0.0","1.1","0.3","1.0","0.0","6.1","0.3","1.0","0.0","6.04","0.2","3.9","0.42","6.06","0.24","1.0","0.0"
"p045_midj.jpg","1.0","0.0","1.0","0.0","2.0","0.0","6.64","0.48","1.0","0.0","1.0","0.0","4.68","0.47","3.0","0.0","5.44","0.64","2.26","0.44","1.0","0.0","2.0","0.0","5.7","0.46","2.0","0.0","4.12","0.33","4.66","0.48","4.6","0.49","2.0","0.0"
"p067_midj.jpg","1.94","0.24","1.0","0.0","2.22","0.42","5.0","0.0","1.62","0.49","1.0","0.0","3.02","0.14","1.0","0.0","6.0","0.0","2.96","0.2","1.36","0.48","1.16","0.37","6.0","0.0","1.0","0.0","6.12","0.33","2.72","0.45","5.14","0.35","1.0","0.0"
"p070_midj.jpg","1.04","0.2","1.0","0.0","2.08","0.27","6.98","0.14","1.0","0.0","1.0","0.0","5.0","0.2","2.0","0.0","6.0","0.0","2.06","0.24","1.06","0.24","1.0","0.0","6.32","0.47","1.0","0.0","5.1","0.36","4.94","0.24","6.0","0.0","1.0","0.0"
"p070_midj_af.jpg","1.26","0.44","1.0","0.0","2.1","0.3","7.0","0.0","1.0","0.0","1.0","0.0","5.48","0.5","1.3","0.46","6.0","0.0","2.02","0.14","1.14","0.35","1.24","0.43","6.84","0.37","1.0","0.0","5.2","0.4","5.26","0.44","6.02","0.14","1.0","0.0"
"p070_midj_as.jpg","1.26","0.44","1.0","0.0","3.0","0.0","7.0","0.0","1.2","0.4","1.0","0.0","4.92","0.27","1.52","0.5","6.0","0.0","1.98","0.14","2.18","0.44","1.58","0.5","6.84","0.37","1.0","0.0","6.22","0.42","4.56","0.5","6.0","0.0","1.0","0.0"
"p070_midj_euna.jpg","1.5","0.51","1.0","0.0","2.12","0.33","7.0","0.0","1.0","0.0","1.0","0.0","5.1","0.3","2.0","0.0","6.0","0.0","2.36","0.48","1.08","0.27","1.04","0.2","6.26","0.44","1.0","0.0","5.9","0.3","4.86","0.35","6.02","0.14","1.0","0.0"
"p070_midj_sa.jpg","1.0","0.0","1.0","0.0","1.06","0.24","6.98","0.14","1.0","0.0","1.0","0.0","5.06","0.24","3.0","0.0","4.96","0.2","2.0","0.0","1.0","0.0","2.0","0.0","5.98","0.14","1.98","0.14","4.0","0.0","5.96","0.2","5.3","0.46","2.0","0.0"
"p092_midj.jpg","1.98","0.14","1.0","0.0","3.0","0.0","6.0","0.0","1.98","0.14","1.0","0.0","4.0","0.0","2.0","0.0","5.0","0.0","3.48","0.5","2.0","0.0","2.0","0.0","6.0","0.0","1.02","0.14","6.0","0.0","3.0","0.0","5.0","0.0","1.02","0.14"
"p092_midj_af.jpg","1.96","0.2","1.0","0.0","2.98","0.14","6.6","0.49","1.98","0.14","1.0","0.0","4.52","0.5","1.76","0.43","6.0","0.0","2.72","0.76","2.4","0.49","1.4","0.49","6.18","0.39","1.0","0.0","6.0","0.0","3.96","0.2","5.96","0.2","1.0","0.0"
"p092_midj_as.jpg","2.02","0.14","1.0","0.0","3.02","0.14","6.02","0.14","2.0","0.0","1.0","0.0","4.04","0.2","1.0","0.0","6.0","0.0","2.64","0.48","2.82","0.39","1.4","0.49","6.28","0.45","1.0","0.0","6.0","0.0","3.84","0.37","6.0","0.0","1.0","0.0"
"p092_midj_euna.jpg","2.0","0.0","1.0","0.0","2.0","0.0","6.0","0.0","1.0","0.0","1.0","0.0","4.0","0.0","3.0","0.0","5.0","0.0","2.94","0.24","1.64","0.48","2.0","0.0","5.98","0.14","1.42","0.5","6.0","0.0","3.14","0.35","5.0","0.0","1.8","0.4"
"p092_midj_sa.jpg","2.0","0.0","1.0","0.0","3.0","0.0","7.0","0.0","1.0","0.0","1.0","0.0","5.0","0.0","1.0","0.0","6.0","0.0","2.0","0.0","2.0","0.0","1.0","0.0","6.28","0.45","1.0","0.0","6.0","0.0","4.56","0.5","6.0","0.0","1.0","0.0"
"poshighnonsoc_14_midj.jpg","1.68","0.47","1.0","0.0","2.02","0.14","7.0","0.0","1.0","0.0","1.0","0.0","4.28","0.45","3.0","0.0","5.3","0.46","2.66","0.48","1.0","0.0","2.0","0.0","6.0","0.0","1.92","0.27","5.38","0.49","4.28","0.45","5.32","0.47","1.92","0.27"
"poshighnonsoc_14_midj_af.jpg","1.96","0.2","1.0","0.0","2.92","0.27","7.0","0.0","1.08","0.27","1.0","0.0","5.02","0.14","2.0","0.0","6.0","0.0","2.26","0.44","1.96","0.2","1.38","0.49","6.04","0.2","1.0","0.0","5.94","0.24","4.04","0.2","6.0","0.0","1.0","0.0"
"poshighnonsoc_14_midj_as.jpg","1.66","0.48","1.0","0.0","2.68","0.47","6.94","0.24","1.04","0.2","1.0","0.0","4.02","0.14","2.0","0.0","5.02","0.14","3.14","0.35","1.66","0.48","2.0","0.0","6.0","0.0","1.0","0.0","6.06","0.24","3.98","0.14","5.4","0.49","1.0","0.0"
"poshighnonsoc_14_midj_euna.jpg","1.6","0.49","1.0","0.0","2.0","0.0","7.0","0.0","1.0","0.0","1.0","0.0","4.26","0.44","3.0","0.0","5.24","0.43","2.78","0.42","1.0","0.0","2.0","0.0","6.0","0.0","2.0","0.0","5.44","0.5","4.18","0.39","5.32","0.47","2.0","0.0"
"poshighnonsoc_14_midj_sa.jpg","1.56","0.5","1.0","0.0","2.0","0.0","7.0","0.0","1.0","0.0","1.0","0.0","5.0","0.0","2.0","0.0","6.0","0.0","2.76","0.43","1.0","0.0","1.62","0.49","6.02","0.14","1.0","0.0","5.38","0.49","4.62","0.49","6.0","0.0","1.0","0.0"
"poshighnonsoc_7_midj.jpg","2.64","0.48","1.0","0.0","4.0","0.0","6.02","0.14","2.0","0.0","1.0","0.0","5.0","0.0","1.0","0.0","6.0","0.0","2.02","0.14","3.0","0.0","1.32","0.47","6.12","0.33","1.0","0.0","6.0","0.0","4.0","0.0","6.0","0.0","1.0","0.0"
"0147_midj.jpg","1.0","0.0","1.0","0.0","1.86","0.35","1.0","0.0","6.0","0.0","1.0","0.0","2.86","0.35","1.0","0.0","5.0","0.0","3.56","0.5","1.44","0.5","1.0","0.0","6.0","0.0","1.0","0.0","4.96","0.2","2.86","0.35","6.0","0.0","1.0","0.0"
"0325_midj.jpg","1.0","0.0","1.0","0.0","2.98","0.14","1.0","0.0","7.0","0.0","1.0","0.0","4.48","0.5","1.0","0.0","6.0","0.0","1.3","0.46","1.68","0.47","1.0","0.0","6.04","0.2","1.0","0.0","3.84","0.37","4.7","0.46","6.7","0.46","1.0","0.0"
"7330_midj.jpg","2.12","0.39","1.0","0.0","2.16","0.37","2.0","0.0","7.0","0.0","1.0","0.0","5.0","0.0","1.0","0.0","6.0","0.0","1.64","0.48","1.14","0.35","1.0","0.0","6.24","0.43","1.0","0.0","2.08","0.44","5.88","0.33","7.0","0.0","1.0","0.0"
"7405_midj.jpg","1.96","0.2","1.0","0.0","3.0","0.0","1.74","0.44","6.02","0.14","1.0","0.0","4.0","0.0","1.0","0.0","6.0","0.0","2.72","0.54","2.26","0.44","1.0","0.0","6.0","0.0","1.0","0.0","4.9","0.3","4.02","0.14","6.02","0.14","1.0","0.0"
"7405_midj_af.jpg","1.76","0.43","1.0","0.0","3.0","0.0","1.56","0.5","6.12","0.33","1.0","0.0","3.88","0.33","1.0","0.0","5.14","0.35","2.98","0.51","2.62","0.49","1.56","0.5","5.88","0.33","1.0","0.0","4.82","0.39","3.98","0.14","6.0","0.0","1.0","0.0"
"7405_midj_as.jpg","1.86","0.35","1.0","0.0","1.9","0.3","1.38","0.49","6.0","0.0","1.0","0.0","3.0","0.0","1.0","0.0","4.68","0.47","3.0","0.0","1.86","0.35","1.0","0.0","5.04","0.28","1.0","0.0","3.98","0.14","3.76","0.43","5.9","0.3","1.0","0.0"
"7405_midj_euna.jpg","1.98","0.14","1.0","0.0","3.0","0.0","1.68","0.47","6.02","0.14","1.0","0.0","4.0","0.0","1.0","0.0","6.0","0.0","2.8","0.53","2.34","0.48","1.0","0.0","6.0","0.0","1.0","0.0","4.9","0.3","4.0","0.0","6.0","0.0","1.0","0.0"
"7405_midj_sa.jpg","1.14","0.35","1.0","0.0","2.16","0.37","1.12","0.33","7.0","0.0","1.0","0.0","4.14","0.35","1.0","0.0","6.0","0.0","1.78","0.42","1.54","0.5","1.0","0.0","6.02","0.14","1.0","0.0","3.1","0.3","4.9","0.3","6.9","0.3","1.0","0.0"
"craving_new_1.jpg","1.02","0.14","1.0","0.0","1.0","0.0","1.0","0.0","7.0","0.0","1.0","0.0","4.0","0.0","1.0","0.0","5.0","0.0","1.12","0.33","1.0","0.0","1.0","0.0","6.0","0.0","1.0","0.0","2.16","0.37","4.9","0.3","6.98","0.14","1.0","0.0"
"craving_new_10.jpg","1.08","0.27","1.0","0.0","1.18","0.39","1.0","0.0","6.96","0.2","1.0","0.0","3.96","0.2","1.0","0.0","5.12","0.33","1.3","0.46","1.0","0.0","1.0","0.0","6.04","0.2","1.0","0.0","3.02","0.14","4.5","0.51","6.18","0.39","1.0","0.0"
"craving_new_11.jpg","1.0","0.0","1.0","0.0","2.98","0.14","2.0","0.0","7.0","0.0","1.0","0.0","4.74","0.44","1.0","0.0","6.0","0.0","2.0","0.0","1.6","0.49","1.0","0.0","6.48","0.5","1.0","0.0","4.04","0.2","5.0","0.0","6.92","0.27","1.0","0.0"
"craving_new_12.jpg","1.84","0.37","1.0","0.0","2.32","0.47","1.9","0.3","7.0","0.0","1.0","0.0","4.34","0.48","1.0","0.0","6.0","0.0","2.02","0.14","1.8","0.53","1.0","0.0","6.52","0.5","1.0","0.0","4.06","0.31","4.78","0.42","6.8","0.4","1.0","0.0"
"craving_new_13.jpg","1.0","0.0","1.0","0.0","3.0","0.0","1.0","0.0","6.0","0.0","1.0","0.0","2.06","0.24","1.0","0.0","5.0","0.0","3.0","0.0","1.16","0.37","1.0","0.0","5.94","0.24","1.0","0.0","4.34","0.48","3.22","0.42","6.0","0.0","1.0","0.0"
"craving_new_14.jpg","1.0","0.0","1.0","0.0","2.02","0.14","1.0","0.0","6.0","0.0","1.0","0.0","2.9","0.3","1.0","0.0","5.0","0.0","3.0","0.0","2.0","0.0","1.0","0.0","5.84","0.37","1.0","0.0","4.02","0.14","3.6","0.49","6.0","0.0","1.0","0.0"
"craving_new_15.jpg","1.0","0.0","1.0","0.0","1.02","0.14","1.0","0.0","7.0","0.0","1.0","0.0","4.0","0.0","1.0","0.0","5.0","0.0","1.36","0.48","1.0","0.0","1.0","0.0","6.0","0.0","1.0","0.0","3.0","0.0","5.0","0.0","6.94","0.24","1.0","0.0"
"craving_new_16.jpg","1.0","0.0","1.0","0.0","1.0","0.0","1.0","0.0","7.0","0.0","1.0","0.0","4.0","0.0","1.0","0.0","5.0","0.0","1.02","0.14","1.0","0.0","1.0","0.0","6.0","0.0","1.0","0.0","3.0","0.0","4.8","0.4","6.46","0.5","1.0","0.0"
"craving_new_1_midj_af.jpg","1.0","0.0","1.0","0.0","2.98","0.14","1.0","0.0","6.0","0.0","1.0","0.0","3.0","0.0","1.0","0.0","4.96","0.2","2.82","0.39","1.3","0.46","1.0","0.0","5.78","0.42","1.0","0.0","4.06","0.24","3.8","0.4","6.0","0.0","1.0","0.0"
"craving_new_1_midj_as.jpg","1.0","0.0","1.0","0.0","1.96","0.2","1.0","0.0","6.0","0.0","1.0","0.0","2.7","0.46","1.0","0.0","5.0","0.0","3.22","0.42","1.0","0.0","1.0","0.0","6.0","0.0","1.0","0.0","5.06","0.24","2.98","0.14","6.0","0.0","1.0","0.0"
"craving_new_1_midj_euna.jpg","1.0","0.0","1.0","0.0","1.0","0.0","1.0","0.0","7.0","0.0","1.0","0.0","4.0","0.0","1.0","0.0","5.0","0.0","1.12","0.33","1.0","0.0","1.0","0.0","6.0","0.0","1.0","0.0","2.12","0.33","4.78","0.42","6.98","0.14","1.0","0.0"
"craving_new_1_midj_sa.jpg","1.74","0.44","1.0","0.0","1.28","0.45","1.6","0.49","6.92","0.27","1.0","0.0","3.88","0.33","1.0","0.0","5.94","0.24","1.88","0.33","1.0","0.0","1.0","0.0","6.18","0.39","1.0","0.0","3.02","0.32","4.48","0.5","6.6","0.49","1.0","0.0"
"craving_new_2.jpg","1.12","0.33","1.0","0.0","1.2","0.4","1.14","0.35","7.0","0.0","1.0","0.0","5.0","0.0","1.0","0.0","6.0","0.0","1.02","0.14","1.0","0.0","1.0","0.0","7.0","0.0","1.0","0.0","3.06","0.47","5.8","0.4","7.0","0.0","1.0","0.0"
"craving_new_2_midj_af.jpg","1.0","0.0","1.0","0.0","3.0","0.0","1.0","0.0","6.46","0.5","1.0","0.0","3.0","0.0","1.0","0.0","5.0","0.0","2.66","0.48","2.0","0.0","1.0","0.0","5.44","0.5","1.0","0.0","4.0","0.0","3.7","0.46","6.08","0.27","1.0","0.0"
"craving_new_2_midj_as.jpg","1.0","0.0","1.0","0.0","2.02","0.14","1.9","0.3","6.8","0.4","1.0","0.0","4.0","0.0","1.0","0.0","5.0","0.0","2.12","0.33","1.04","0.2","1.0","0.0","6.0","0.0","1.0","0.0","3.26","0.44","4.78","0.42","6.12","0.33","1.0","0.0"
"craving_new_2_midj_euna.jpg","1.46","0.5","1.0","0.0","2.96","0.2","1.46","0.5","6.8","0.4","1.0","0.0","3.96","0.2","1.0","0.0","5.8","0.4","2.0","0.0","1.94","0.24","1.0","0.0","6.0","0.0","1.0","0.0","4.84","0.37","3.88","0.33","6.42","0.5","1.0","0.0"
"craving_new_2_midj_sa.jpg","1.0","0.0","1.0","0.0","1.02","0.14","1.0","0.0","6.1","0.3","1.0","0.0","3.02","0.14","1.0","0.0","5.0","0.0","2.0","0.0","1.0","0.0","1.0","0.0","6.0","0.0","1.0","0.0","3.98","0.25","4.0","0.2","6.0","0.0","1.0","0.0"
"craving_new_3.jpg","1.2","0.4","1.0","0.0","1.2","0.4","2.2","0.4","6.94","0.24","1.0","0.0","4.18","0.39","1.0","0.0","5.74","0.44","1.88","0.39","1.0","0.0","1.0","0.0","6.06","0.24","1.0","0.0","3.84","0.37","4.24","0.43","6.34","0.48","1.0","0.0"
"craving_new_3_midj_af.jpg","1.02","0.14","1.0","0.0","2.02","0.14","1.02","0.14","6.0","0.0","1.16","0.37","3.0","0.0","1.0","0.0","5.0","0.0","3.02","0.14","1.5","0.51","1.02","0.14","5.94","0.24","1.0","0.0","4.46","0.5","3.64","0.48","6.0","0.0","1.0","0.0"
"craving_new_3_midj_as.jpg","1.0","0.0","1.0","0.0","2.8","0.4","1.0","0.0","6.08","0.27","1.0","0.0","3.3","0.46","1.0","0.0","5.0","0.0","3.84","0.37","1.36","0.48","1.0","0.0","5.82","0.39","1.0","0.0","4.74","0.44","3.84","0.42","6.0","0.0","1.0","0.0"
"craving_new_3_midj_euna.jpg","1.0","0.0","1.0","0.0","2.08","0.27","1.0","0.0","6.0","0.0","1.0","0.0","2.98","0.14","1.0","0.0","5.0","0.0","2.98","0.14","2.0","0.0","1.0","0.0","5.78","0.42","1.0","0.0","4.04","0.2","3.68","0.47","6.0","0.0","1.0","0.0"
"craving_new_3_midj_sa.jpg","1.02","0.14","1.0","0.0","2.0","0.0","1.0","0.0","6.0","0.0","1.0","0.0","3.0","0.0","1.0","0.0","5.0","0.0","2.98","0.14","1.02","0.14","1.0","0.0","5.7","0.46","1.0","0.0","4.02","0.14","3.7","0.46","6.0","0.0","1.0","0.0"
"craving_new_4.jpg","1.04","0.2","1.0","0.0","3.96","0.2","1.9","0.3","6.38","0.49","1.0","0.0","3.92","0.27","1.0","0.0","5.9","0.3","2.06","0.24","1.96","0.28","1.0","0.0","6.0","0.0","1.0","0.0","5.0","0.0","3.82","0.39","6.24","0.43","1.0","0.0"
"craving_new_4_midj_af.jpg","1.0","0.0","1.0","0.0","3.0","0.0","1.0","0.0","6.0","0.0","1.0","0.0","3.0","0.0","1.0","0.0","5.0","0.0","3.06","0.24","2.0","0.0","1.02","0.14","5.3","0.46","1.0","0.0","4.34","0.48","3.2","0.4","6.0","0.0","1.0","0.0"
"craving_new_4_midj_as.jpg","1.56","0.5","1.0","0.0","2.96","0.2","3.32","0.47","6.02","0.14","1.0","0.0","4.0","0.0","1.0","0.0","5.92","0.27","2.42","0.5","1.98","0.25","1.0","0.0","6.0","0.0","1.0","0.0","4.86","0.35","3.74","0.44","6.0","0.0","1.0","0.0"
"craving_new_4_midj_euna.jpg","1.76","0.43","1.0","0.0","2.26","0.44","1.8","0.4","6.96","0.2","1.0","0.0","4.34","0.48","1.0","0.0","6.0","0.0","2.0","0.0","1.74","0.53","1.0","0.0","6.36","0.48","1.0","0.0","4.06","0.31","4.62","0.49","6.66","0.48","1.0","0.0"
"craving_new_4_midj_sa.jpg","1.3","0.46","1.0","0.0","2.0","0.0","1.32","0.47","6.96","0.2","1.0","0.0","4.28","0.45","1.0","0.0","6.0","0.0","2.02","0.14","1.62","0.49","1.0","0.0","6.18","0.39","1.0","0.0","3.92","0.27","4.72","0.45","6.68","0.47","1.0","0.0"
"craving_new_5.jpg","1.94","0.24","1.0","0.0","2.0","0.0","1.98","0.14","6.98","0.14","1.0","0.0","4.0","0.0","1.0","0.0","6.0","0.0","1.84","0.37","1.0","0.0","1.0","0.0","6.02","0.14","1.0","0.0","3.04","0.2","4.46","0.5","6.48","0.5","1.0","0.0"
"craving_new_6.jpg","1.0","0.0","1.0","0.0","1.0","0.0","1.0","0.0","6.32","0.47","1.0","0.0","2.98","0.14","1.0","0.0","5.0","0.0","2.3","0.58","1.0","0.0","1.0","0.0","6.0","0.0","1.0","0.0","4.08","0.27","3.96","0.2","6.04","0.2","1.0","0.0"
"craving_new_7.jpg","1.1","0.3","1.0","0.0","2.0","0.0","1.92","0.27","6.7","0.46","1.0","0.0","4.0","0.0","1.0","0.0","6.0","0.0","2.48","0.5","1.88","0.33","1.0","0.0","6.0","0.0","1.0","0.0","4.02","0.14","4.12","0.33","6.12","0.33","1.0","0.0"
"craving_new_8.jpg","1.46","0.5","1.0","0.0","2.96","0.2","1.46","0.5","6.78","0.42","1.0","0.0","3.96","0.2","1.0","0.0","5.78","0.42","2.0","0.0","1.92","0.27","1.0","0.0","6.02","0.14","1.0","0.0","4.84","0.37","3.92","0.27","6.6","0.49","1.0","0.0"
"craving_new_9.jpg","1.0","0.0","1.0","0.0","2.0","0.0","1.94","0.24","6.8","0.4","1.0","0.0","4.0","0.0","1.0","0.0","5.0","0.0","2.16","0.37","1.0","0.0","1.0","0.0","6.0","0.0","1.0","0.0","3.32","0.47","4.78","0.42","6.08","0.27","1.0","0.0"
"1119_bodyproducts_midj.jpg","1.0","0.0","5.8","0.4","1.0","0.0","1.0","0.0","1.0","0.0","7.0","0.0","1.0","0.0","4.74","0.44","1.0","0.0","1.0","0.0","1.0","0.0","3.98","0.32","1.0","0.0","6.98","0.14","1.0","0.0","4.98","0.14","1.0","0.0","7.0","0.0"
"1120_bodyproducts_midj.jpg","1.98","0.14","4.96","0.35","1.0","0.0","1.0","0.0","1.0","0.0","6.18","0.39","1.06","0.24","2.14","0.35","1.0","0.0","1.76","0.43","1.0","0.0","3.38","0.49","1.0","0.0","5.64","0.48","1.0","0.0","3.92","0.27","1.0","0.0","5.66","0.48"
"1139_bodyproducts_midj.jpg","1.0","0.0","5.7","0.46","1.0","0.0","1.0","0.0","1.0","0.0","7.0","0.0","1.0","0.0","4.38","0.49","1.0","0.0","1.0","0.0","1.0","0.0","3.08","0.34","1.0","0.0","7.0","0.0","1.0","0.0","5.92","0.27","1.0","0.0","7.0","0.0"
"1209_death_midj_af.jpg","1.0","0.0","5.96","0.2","1.0","0.0","1.0","0.0","1.0","0.0","7.0","0.0","1.0","0.0","5.02","0.14","1.0","0.0","1.0","0.0","1.0","0.0","6.84","0.37","1.0","0.0","7.0","0.0","1.0","0.0","5.98","0.14","1.0","0.0","7.0","0.0"
"1209_death_midj_as.jpg","1.0","0.0","5.44","0.5","1.0","0.0","2.14","0.35","1.0","0.0","7.0","0.0","1.08","0.27","5.16","0.37","1.0","0.0","1.16","0.37","1.0","0.0","6.0","0.0","1.0","0.0","6.66","0.48","1.12","0.33","4.62","0.49","1.0","0.0","6.34","0.48"
"1209_death_midj_euna.jpg","1.0","0.0","6.0","0.0","1.0","0.0","1.0","0.0","1.0","0.0","7.0","0.0","1.3","0.46","6.0","0.0","1.0","0.0","1.0","0.0","1.0","0.0","6.9","0.3","1.0","0.0","7.0","0.0","1.0","0.0","6.36","0.48","1.0","0.0","7.0","0.0"
"1209_death_midj_sa.jpg","1.0","0.0","5.26","0.44","1.0","0.0","2.0","0.0","1.0","0.0","7.0","0.0","1.0","0.0","5.5","0.51","1.0","0.0","1.0","0.0","1.18","0.39","7.0","0.0","1.0","0.0","7.0","0.0","1.0","0.0","5.42","0.54","1.0","0.0","6.9","0.3"
"1271_hygiene_midj.jpg","1.0","0.0","4.52","0.68","1.0","0.0","1.0","0.0","1.0","0.0","7.0","0.0","1.0","0.0","4.0","0.0","1.0","0.0","1.0","0.0","1.0","0.0","5.0","0.0","1.0","0.0","6.3","0.46","1.0","0.0","4.26","0.44","1.0","0.0","6.38","0.49"
"a100_midj.jpg","1.0","0.0","3.98","0.65","1.0","0.0","1.0","0.0","1.0","0.0","7.0","0.0","1.56","0.5","5.08","0.27","1.0","0.0","1.0","0.0","1.0","0.0","5.76","0.43","1.0","0.0","7.0","0.0","1.0","0.0","6.04","0.2","1.0","0.0","7.0","0.0"
"animal_carcass_5_midj_af.jpg","1.0","0.0","5.96","0.2","1.0","0.0","1.0","0.0","1.0","0.0","7.0","0.0","1.0","0.0","5.06","0.24","1.0","0.0","1.0","0.0","1.0","0.0","6.98","0.14","1.0","0.0","7.0","0.0","1.0","0.0","5.16","0.37","1.0","0.0","6.98","0.14"
"animal_carcass_5_midj_as.jpg","1.0","0.0","6.28","0.45","1.0","0.0","1.38","0.49","1.0","0.0","7.0","0.0","1.0","0.0","5.1","0.3","1.0","0.0","1.0","0.0","1.0","0.0","7.0","0.0","1.0","0.0","7.0","0.0","1.0","0.0","5.94","0.24","1.0","0.0","7.0","0.0"
"animal_carcass_5_midj_euna.jpg","1.0","0.0","6.0","0.0","1.0","0.0","1.0","0.0","1.0","0.0","7.0","0.0","1.0","0.0","5.5","0.51","1.0","0.0","1.0","0.0","1.02","0.14","6.54","0.5","1.0","0.0","6.98","0.14","1.0","0.0","5.54","0.5","1.0","0.0","6.86","0.35"
"animal_carcass_5_midj_sa.jpg","1.0","0.0","4.68","0.68","2.9","0.3","3.36","0.53","1.0","0.0","4.92","0.4","2.0","0.0","3.96","0.28","1.88","0.33","3.0","0.2","3.9","0.3","6.0","0.2","1.9","0.3","5.68","0.51","3.02","0.43","4.04","0.28","2.0","0.0","4.9","0.36"
"animalcarcass5_midj.jpg","1.0","0.0","6.0","0.0","1.0","0.0","1.0","0.0","1.0","0.0","7.0","0.0","1.0","0.0","5.44","0.5","1.0","0.0","1.0","0.0","1.0","0.0","6.48","0.5","1.0","0.0","7.0","0.0","1.0","0.0","5.5","0.51","1.0","0.0","6.88","0.33"
"cockroach1_midj.jpg","1.02","0.14","2.14","0.35","1.0","0.0","1.6","0.49","1.0","0.0","6.82","0.39","2.24","0.43","5.8","0.4","1.0","0.0","1.58","0.5","1.0","0.0","1.36","0.48","1.0","0.0","6.52","0.5","1.36","0.48","5.48","0.5","1.02","0.14","6.76","0.43"
"deadbodies3_midj.jpg","BLOCKED","BLOCKED","BLOCKED","BLOCKED","BLOCKED","BLOCKED","BLOCKED","BLOCKED","BLOCKED","BLOCKED","BLOCKED","BLOCKED","BLOCKED","BLOCKED","BLOCKED","BLOCKED","BLOCKED","BLOCKED","BLOCKED","BLOCKED","BLOCKED","BLOCKED","BLOCKED","BLOCKED","BLOCKED","BLOCKED","BLOCKED","BLOCKED","BLOCKED","BLOCKED","BLOCKED","BLOCKED","BLOCKED","BLOCKED","BLOCKED","BLOCKED"
"dr08.alunmcdonald_oxfam-ccbyncnd2.0_midj.jpg","1.0","0.0","6.02","0.14","1.0","0.0","1.0","0.0","1.0","0.0","7.0","0.0","1.0","0.0","5.02","0.14","1.0","0.0","1.0","0.0","1.0","0.0","7.0","0.0","1.0","0.0","7.0","0.0","1.0","0.0","5.04","0.28","1.0","0.0","6.92","0.27"
"dr32.padre_djacy_brasileiro-ccbyncnd2.0_midj.jpg","1.0","0.0","6.04","0.2","1.0","0.0","1.0","0.0","1.0","0.0","6.02","0.14","1.0","0.0","5.02","0.14","1.0","0.0","1.0","0.0","1.0","0.0","7.0","0.0","1.0","0.0","7.0","0.0","1.0","0.0","5.12","0.33","1.0","0.0","6.44","0.5"
"dr32_padre_djacy_brasileiro-ccbyncnd2_0_midj_af.jpg","1.0","0.0","6.0","0.0","1.0","0.0","1.0","0.0","1.0","0.0","6.0","0.0","1.0","0.0","5.02","0.14","1.0","0.0","1.0","0.0","1.0","0.0","7.0","0.0","1.0","0.0","7.0","0.0","1.0","0.0","5.96","0.2","1.0","0.0","6.98","0.14"
"dr32_padre_djacy_brasileiro-ccbyncnd2_0_midj_as.jpg","1.0","0.0","6.88","0.33","1.0","0.0","1.52","0.5","1.0","0.0","5.86","0.35","1.0","0.0","5.2","0.4","1.0","0.0","1.0","0.0","1.42","0.5","7.0","0.0","1.0","0.0","7.0","0.0","1.0","0.0","5.96","0.2","1.0","0.0","7.0","0.0"
"dr32_padre_djacy_brasileiro-ccbyncnd2_0_midj_euna.jpg","1.0","0.0","2.06","0.24","1.0","0.0","3.0","0.0","1.0","0.0","5.0","0.0","1.66","0.48","5.0","0.0","1.0","0.0","2.0","0.0","1.0","0.0","6.0","0.0","1.0","0.0","6.0","0.0","2.18","0.39","4.34","0.48","1.0","0.0","5.98","0.14"
"dr32_padre_djacy_brasileiro-ccbyncnd2_0_midj_sa.jpg","1.0","0.0","5.28","0.45","1.0","0.0","2.14","0.35","1.0","0.0","7.0","0.0","1.0","0.0","5.04","0.28","1.0","0.0","1.02","0.14","1.0","0.0","6.3","0.46","1.0","0.0","6.5","0.51","1.06","0.24","4.24","0.43","1.0","0.0","6.22","0.42"
"dr42.oxfam_international-ccbyncnd2.0_midj.jpg","1.0","0.0","6.02","0.14","1.0","0.0","1.9","0.3","1.0","0.0","6.9","0.3","1.0","0.0","5.92","0.27","1.0","0.0","1.0","0.0","1.0","0.0","7.0","0.0","1.0","0.0","7.0","0.0","1.0","0.0","5.94","0.24","1.0","0.0","7.0","0.0"
"h022_midj.jpg","1.0","0.0","6.0","0.0","1.0","0.0","2.0","0.0","1.0","0.0","5.48","0.86","1.0","0.0","6.0","0.0","1.0","0.0","1.0","0.0","1.0","0.0","7.0","0.0","1.0","0.0","7.0","0.0","1.0","0.0","5.98","0.14","1.0","0.0","6.94","0.24"
"maps325_midj.jpg","BLOCKED","BLOCKED","BLOCKED","BLOCKED","BLOCKED","BLOCKED","BLOCKED","BLOCKED","BLOCKED","BLOCKED","BLOCKED","BLOCKED","BLOCKED","BLOCKED","BLOCKED","BLOCKED","BLOCKED","BLOCKED","BLOCKED","BLOCKED","BLOCKED","BLOCKED","BLOCKED","BLOCKED","BLOCKED","BLOCKED","BLOCKED","BLOCKED","BLOCKED","BLOCKED","BLOCKED","BLOCKED","BLOCKED","BLOCKED","BLOCKED","BLOCKED"
"maps325_midj_af.jpg","BLOCKED","BLOCKED","BLOCKED","BLOCKED","BLOCKED","BLOCKED","BLOCKED","BLOCKED","BLOCKED","BLOCKED","BLOCKED","BLOCKED","BLOCKED","BLOCKED","BLOCKED","BLOCKED","BLOCKED","BLOCKED","BLOCKED","BLOCKED","BLOCKED","BLOCKED","BLOCKED","BLOCKED","BLOCKED","BLOCKED","BLOCKED","BLOCKED","BLOCKED","BLOCKED","BLOCKED","BLOCKED","BLOCKED","BLOCKED","BLOCKED","BLOCKED"
"maps325_midj_as.jpg","BLOCKED","BLOCKED","BLOCKED","BLOCKED","BLOCKED","BLOCKED","BLOCKED","BLOCKED","BLOCKED","BLOCKED","BLOCKED","BLOCKED","BLOCKED","BLOCKED","BLOCKED","BLOCKED","BLOCKED","BLOCKED","BLOCKED","BLOCKED","BLOCKED","BLOCKED","BLOCKED","BLOCKED","BLOCKED","BLOCKED","BLOCKED","BLOCKED","BLOCKED","BLOCKED","BLOCKED","BLOCKED","BLOCKED","BLOCKED","BLOCKED","BLOCKED"
"maps325_midj_euna.jpg","BLOCKED","BLOCKED","BLOCKED","BLOCKED","BLOCKED","BLOCKED","BLOCKED","BLOCKED","BLOCKED","BLOCKED","BLOCKED","BLOCKED","BLOCKED","BLOCKED","BLOCKED","BLOCKED","BLOCKED","BLOCKED","BLOCKED","BLOCKED","BLOCKED","BLOCKED","BLOCKED","BLOCKED","BLOCKED","BLOCKED","BLOCKED","BLOCKED","BLOCKED","BLOCKED","BLOCKED","BLOCKED","BLOCKED","BLOCKED","BLOCKED","BLOCKED"
"maps325_midj_sa.jpg","BLOCKED","BLOCKED","BLOCKED","BLOCKED","BLOCKED","BLOCKED","BLOCKED","BLOCKED","BLOCKED","BLOCKED","BLOCKED","BLOCKED","BLOCKED","BLOCKED","BLOCKED","BLOCKED","BLOCKED","BLOCKED","BLOCKED","BLOCKED","BLOCKED","BLOCKED","BLOCKED","BLOCKED","BLOCKED","BLOCKED","BLOCKED","BLOCKED","BLOCKED","BLOCKED","BLOCKED","BLOCKED","BLOCKED","BLOCKED","BLOCKED","BLOCKED"
"maps349_midj.jpg","BLOCKED","BLOCKED","BLOCKED","BLOCKED","BLOCKED","BLOCKED","BLOCKED","BLOCKED","BLOCKED","BLOCKED","BLOCKED","BLOCKED","BLOCKED","BLOCKED","BLOCKED","BLOCKED","BLOCKED","BLOCKED","BLOCKED","BLOCKED","BLOCKED","BLOCKED","BLOCKED","BLOCKED","BLOCKED","BLOCKED","BLOCKED","BLOCKED","BLOCKED","BLOCKED","BLOCKED","BLOCKED","BLOCKED","BLOCKED","BLOCKED","BLOCKED"
"neghighnonsoc_7_midj.jpg","BLOCKED","BLOCKED","BLOCKED","BLOCKED","BLOCKED","BLOCKED","BLOCKED","BLOCKED","BLOCKED","BLOCKED","BLOCKED","BLOCKED","BLOCKED","BLOCKED","BLOCKED","BLOCKED","BLOCKED","BLOCKED","BLOCKED","BLOCKED","BLOCKED","BLOCKED","BLOCKED","BLOCKED","BLOCKED","BLOCKED","BLOCKED","BLOCKED","BLOCKED","BLOCKED","BLOCKED","BLOCKED","BLOCKED","BLOCKED","BLOCKED","BLOCKED"
"neghighnonsoc_7_midj_af.jpg","BLOCKED","BLOCKED","BLOCKED","BLOCKED","BLOCKED","BLOCKED","BLOCKED","BLOCKED","BLOCKED","BLOCKED","BLOCKED","BLOCKED","BLOCKED","BLOCKED","BLOCKED","BLOCKED","BLOCKED","BLOCKED","BLOCKED","BLOCKED","BLOCKED","BLOCKED","BLOCKED","BLOCKED","BLOCKED","BLOCKED","BLOCKED","BLOCKED","BLOCKED","BLOCKED","BLOCKED","BLOCKED","BLOCKED","BLOCKED","BLOCKED","BLOCKED"
"neghighnonsoc_7_midj_as.jpg","1.0","0.0","6.0","0.0","1.0","0.0","2.16","0.37","1.0","0.0","7.0","0.0","1.12","0.33","6.0","0.0","1.0","0.0","1.0","0.0","1.0","0.0","6.0","0.0","1.0","0.0","7.0","0.0","1.0","0.0","6.38","0.49","1.0","0.0","7.0","0.0"
"neghighnonsoc_7_midj_euna.jpg","1.0","0.0","5.96","0.2","1.0","0.0","2.02","0.14","1.0","0.0","7.0","0.0","2.0","0.0","5.76","0.43","1.0","0.0","1.0","0.0","1.0","0.0","6.0","0.0","1.0","0.0","7.0","0.0","1.0","0.0","6.68","0.47","1.0","0.0","7.0","0.0"
"neghighnonsoc_7_midj_sa.jpg","1.26","0.44","4.28","0.5","1.0","0.0","2.84","0.37","1.02","0.14","7.0","0.0","2.4","0.49","5.28","0.45","1.0","0.0","1.0","0.0","1.0","0.0","4.02","0.14","1.0","0.0","6.28","0.45","1.0","0.0","6.0","0.0","1.0","0.0","6.3","0.46"
"neghighnonsoc_8_midj.jpg","1.0","0.0","6.0","0.0","1.0","0.0","1.0","0.0","1.0","0.0","7.0","0.0","1.84","0.37","6.0","0.0","1.0","0.0","1.0","0.0","1.0","0.0","6.18","0.39","1.0","0.0","7.0","0.0","1.0","0.0","6.02","0.14","1.0","0.0","7.0","0.0"
"people_198_h_midj.jpg","BLOCKED","BLOCKED","BLOCKED","BLOCKED","BLOCKED","BLOCKED","BLOCKED","BLOCKED","BLOCKED","BLOCKED","BLOCKED","BLOCKED","BLOCKED","BLOCKED","BLOCKED","BLOCKED","BLOCKED","BLOCKED","BLOCKED","BLOCKED","BLOCKED","BLOCKED","BLOCKED","BLOCKED","BLOCKED","BLOCKED","BLOCKED","BLOCKED","BLOCKED","BLOCKED","BLOCKED","BLOCKED","BLOCKED","BLOCKED","BLOCKED","BLOCKED"
"people_218_v_mid.jpg","BLOCKED","BLOCKED","BLOCKED","BLOCKED","BLOCKED","BLOCKED","BLOCKED","BLOCKED","BLOCKED","BLOCKED","BLOCKED","BLOCKED","BLOCKED","BLOCKED","BLOCKED","BLOCKED","BLOCKED","BLOCKED","BLOCKED","BLOCKED","BLOCKED","BLOCKED","BLOCKED","BLOCKED","BLOCKED","BLOCKED","BLOCKED","BLOCKED","BLOCKED","BLOCKED","BLOCKED","BLOCKED","BLOCKED","BLOCKED","BLOCKED","BLOCKED"
"people_364_v_mid.jpg","BLOCKED","BLOCKED","BLOCKED","BLOCKED","BLOCKED","BLOCKED","BLOCKED","BLOCKED","BLOCKED","BLOCKED","BLOCKED","BLOCKED","BLOCKED","BLOCKED","BLOCKED","BLOCKED","BLOCKED","BLOCKED","BLOCKED","BLOCKED","BLOCKED","BLOCKED","BLOCKED","BLOCKED","BLOCKED","BLOCKED","BLOCKED","BLOCKED","BLOCKED","BLOCKED","BLOCKED","BLOCKED","BLOCKED","BLOCKED","BLOCKED","BLOCKED"
"test_a.jpg","BLOCKED","BLOCKED","BLOCKED","BLOCKED","BLOCKED","BLOCKED","BLOCKED","BLOCKED","BLOCKED","BLOCKED","BLOCKED","BLOCKED","BLOCKED","BLOCKED","BLOCKED","BLOCKED","BLOCKED","BLOCKED","BLOCKED","BLOCKED","BLOCKED","BLOCKED","BLOCKED","BLOCKED","BLOCKED","BLOCKED","BLOCKED","BLOCKED","BLOCKED","BLOCKED","BLOCKED","BLOCKED","BLOCKED","BLOCKED","BLOCKED","BLOCKED"
"8465_midj.jpg","1.12","0.33","1.0","0.0","1.1","0.3","3.98","0.14","1.02","0.14","1.0","0.0","5.3","0.46","1.0","0.0","5.0","0.0","2.64","0.48","1.0","0.0","1.0","0.0","6.0","0.0","1.0","0.0","3.98","0.14","4.98","0.14","5.0","0.0","1.0","0.0"
"8540_midj.jpg","2.44","0.64","1.0","0.0","3.06","0.24","2.38","0.49","1.0","0.0","1.0","0.0","6.0","0.0","1.0","0.0","7.0","0.0","1.0","0.0","3.0","0.0","1.0","0.0","7.0","0.0","1.0","0.0","2.26","0.44","5.54","0.5","6.0","0.0","1.0","0.0"
"8540_midj_af.jpg","5.0","0.4","1.0","0.0","5.02","0.14","3.0","0.0","1.0","0.0","1.0","0.0","6.0","0.0","1.0","0.0","7.0","0.0","1.0","0.0","4.0","0.0","1.0","0.0","7.0","0.0","1.0","0.0","4.0","0.35","5.18","0.39","6.0","0.0","1.0","0.0"
"8540_midj_as.jpg","2.9","0.51","1.0","0.0","3.94","0.24","2.42","0.5","1.0","0.0","1.0","0.0","6.0","0.0","1.0","0.0","7.0","0.0","1.0","0.0","2.98","0.14","1.0","0.0","7.0","0.0","1.0","0.0","2.0","0.2","5.8","0.4","6.0","0.0","1.0","0.0"
"8540_midj_euna.jpg","2.36","0.6","1.0","0.0","3.02","0.14","2.3","0.46","1.0","0.0","1.0","0.0","6.0","0.0","1.0","0.0","7.0","0.0","1.0","0.0","3.0","0.0","1.0","0.0","7.0","0.0","1.0","0.0","2.22","0.42","5.48","0.5","6.0","0.0","1.0","0.0"
"8540_midj_sa.jpg","2.92","0.4","1.0","0.0","3.46","0.5","2.22","0.42","1.04","0.2","1.0","0.0","4.82","0.39","1.0","0.0","5.96","0.2","2.02","0.14","2.58","0.5","1.0","0.0","5.96","0.2","1.0","0.0","4.0","0.0","3.84","0.37","4.86","0.35","1.0","0.0"
"excitement_new_10.jpg","4.28","0.5","1.0","0.0","1.0","0.0","5.8","0.4","1.0","0.0","1.0","0.0","6.8","0.4","3.96","0.2","5.8","0.4","1.04","0.2","1.0","0.0","1.12","0.33","6.04","0.2","1.54","0.5","1.88","0.33","6.82","0.39","5.92","0.27","1.72","0.45"
"excitement_new_11.jpg","1.88","0.33","1.0","0.0","1.0","0.0","2.7","0.46","1.0","0.0","1.0","0.0","7.0","0.0","1.0","0.0","7.0","0.0","1.0","0.0","1.0","0.0","1.0","0.0","7.0","0.0","1.0","0.0","1.0","0.0","7.0","0.0","6.98","0.14","1.0","0.0"
"excitement_new_12.jpg","2.88","0.33","1.0","0.0","1.0","0.0","6.0","0.0","1.0","0.0","1.0","0.0","7.0","0.0","5.58","0.64","6.0","0.0","1.0","0.0","1.0","0.0","1.0","0.0","6.14","0.35","1.8","0.4","1.7","0.46","7.0","0.0","6.0","0.0","2.0","0.2"
"excitement_new_13_midj_af.jpg","1.04","0.2","1.0","0.0","1.0","0.0","4.92","0.27","1.0","0.0","1.0","0.0","5.92","0.27","4.0","0.0","3.0","0.0","2.08","0.27","1.0","0.0","1.1","0.3","4.16","0.37","2.02","0.14","2.38","0.49","5.58","0.5","4.7","0.46","2.76","0.43"
"excitement_new_13_midj_as.jpg","2.0","0.0","1.0","0.0","2.0","0.0","5.0","0.0","1.0","0.0","1.0","0.0","6.0","0.0","4.0","0.0","5.0","0.0","2.14","0.35","1.0","0.0","1.0","0.0","5.98","0.14","2.0","0.0","2.4","0.49","6.0","0.0","5.08","0.27","2.0","0.0"
"excitement_new_13_midj_euna.jpg","1.0","0.0","1.0","0.0","1.0","0.0","4.7","0.46","1.0","0.0","1.0","0.0","6.0","0.0","4.92","0.27","3.0","0.0","2.0","0.0","1.0","0.0","2.0","0.0","4.1","0.36","3.94","0.24","2.0","0.0","6.0","0.0","4.98","0.14","3.92","0.27"
"excitement_new_13_midj_sa.jpg","1.08","0.27","1.0","0.0","2.0","0.0","5.0","0.0","1.0","0.0","1.0","0.0","6.0","0.0","4.8","0.4","3.36","0.48","2.18","0.39","1.0","0.0","1.98","0.14","4.48","0.5","3.36","0.48","2.44","0.5","6.0","0.0","4.9","0.36","3.54","0.54"
"excitement_new_14.jpg","4.36","0.94","1.0","0.0","2.6","0.49","4.72","0.45","1.02","0.14","1.0","0.0","7.0","0.0","1.0","0.0","7.0","0.0","1.0","0.0","1.54","0.5","1.0","0.0","7.0","0.0","1.0","0.0","1.0","0.0","7.0","0.0","6.6","0.49","1.0","0.0"
"excitement_new_15.jpg","2.04","0.2","1.0","0.0","1.0","0.0","3.0","0.0","1.0","0.0","1.0","0.0","7.0","0.0","1.0","0.0","7.0","0.0","1.0","0.0","1.0","0.0","1.0","0.0","7.0","0.0","1.0","0.0","1.0","0.0","7.0","0.0","6.16","0.37","1.0","0.0"
"excitement_new_16.jpg","2.0","0.0","1.0","0.0","1.0","0.0","6.0","0.0","1.0","0.0","1.0","0.0","6.98","0.14","3.98","0.14","5.98","0.14","1.34","0.48","1.0","0.0","1.0","0.0","6.0","0.0","1.4","0.49","1.74","0.44","6.96","0.2","5.98","0.14","1.38","0.49"
"excitement_new_17.jpg","2.4","0.53","1.0","0.0","3.08","0.27","3.98","0.14","1.0","0.0","1.0","0.0","7.0","0.0","1.0","0.0","7.0","0.0","1.0","0.0","2.06","0.24","1.0","0.0","7.0","0.0","1.0","0.0","1.0","0.0","7.0","0.0","6.96","0.2","1.0","0.0"
"excitement_new_17_midj_af.jpg","2.02","0.32","1.0","0.0","2.02","0.14","3.0","0.0","1.0","0.0","1.0","0.0","7.0","0.0","1.0","0.0","7.0","0.0","1.0","0.0","1.8","0.4","1.0","0.0","7.0","0.0","1.0","0.0","1.0","0.0","7.0","0.0","7.0","0.0","1.0","0.0"
"excitement_new_17_midj_as.jpg","2.32","0.51","1.0","0.0","2.0","0.0","3.4","0.49","1.0","0.0","1.0","0.0","6.7","0.46","1.0","0.0","7.0","0.0","1.0","0.0","1.2","0.4","1.0","0.0","7.0","0.0","1.0","0.0","1.0","0.0","6.72","0.45","6.84","0.37","1.0","0.0"
"excitement_new_17_midj_euna.jpg","2.64","0.6","1.0","0.0","3.14","0.35","4.0","0.0","1.0","0.0","1.0","0.0","7.0","0.0","1.0","0.0","7.0","0.0","1.0","0.0","2.14","0.35","1.0","0.0","7.0","0.0","1.0","0.0","1.02","0.14","7.0","0.0","7.0","0.0","1.0","0.0"
"excitement_new_17_midj_sa.jpg","5.06","0.31","1.0","0.0","3.0","0.0","3.9","0.3","1.02","0.14","1.0","0.0","6.1","0.3","1.0","0.0","7.0","0.0","1.0","0.0","2.0","0.0","1.0","0.0","7.0","0.0","1.0","0.0","1.9","0.3","6.08","0.27","6.62","0.49","1.0","0.0"
"excitement_new_19.jpg","2.0","0.0","1.0","0.0","1.0","0.0","4.42","0.5","1.0","0.0","1.0","0.0","6.24","0.43","4.14","0.35","3.26","0.44","1.36","0.48","1.0","0.0","1.08","0.27","4.24","0.43","2.46","0.5","1.38","0.49","6.26","0.44","5.2","0.45","2.9","0.58"
"excitement_new_2.jpg","4.16","0.37","1.0","0.0","1.0","0.0","3.0","0.0","1.0","0.0","1.0","0.0","6.0","0.0","2.0","0.0","5.0","0.0","2.0","0.0","1.0","0.0","1.0","0.0","5.92","0.27","1.0","0.0","2.02","0.14","6.0","0.0","5.02","0.14","1.06","0.24"
"excitement_new_20.jpg","2.84","0.37","1.0","0.0","1.0","0.0","5.14","0.35","1.0","0.0","1.0","0.0","6.44","0.5","3.78","0.42","5.44","0.5","1.02","0.14","1.0","0.0","1.12","0.33","6.2","0.4","1.42","0.5","2.0","0.0","6.46","0.5","5.66","0.48","1.42","0.5"
"excitement_new_21.jpg","3.04","0.2","1.0","0.0","1.0","0.0","4.0","0.0","1.0","0.0","1.0","0.0","6.0","0.0","3.0","0.0","5.0","0.0","2.0","0.0","1.0","0.0","1.0","0.0","5.0","0.0","1.0","0.0","2.0","0.0","6.0","0.0","4.78","0.42","2.0","0.0"
"excitement_new_22.jpg","2.18","0.39","1.0","0.0","1.0","0.0","2.0","0.0","1.0","0.0","3.16","0.51","6.96","0.2","1.98","0.14","6.0","0.0","1.0","0.0","1.0","0.0","1.02","0.14","6.02","0.14","2.04","0.35","1.0","0.0","7.0","0.0","6.0","0.0","1.08","0.27"
"excitement_new_22_midj_af.jpg","4.84","0.47","1.0","0.0","3.02","0.14","3.0","0.0","1.0","0.0","2.0","0.0","6.58","0.5","1.0","0.0","7.0","0.0","1.0","0.0","3.0","0.2","1.0","0.0","7.0","0.0","1.0","0.0","1.02","0.14","6.52","0.5","6.68","0.47","1.0","0.0"
"excitement_new_22_midj_as.jpg","3.6","0.73","1.0","0.0","2.0","0.0","1.98","0.14","1.0","0.0","1.0","0.0","6.0","0.0","1.0","0.0","6.86","0.35","1.0","0.0","1.18","0.39","1.0","0.0","6.86","0.35","1.0","0.0","1.22","0.42","6.02","0.14","6.0","0.0","1.0","0.0"
"excitement_new_22_midj_euna.jpg","2.06","0.24","1.0","0.0","1.0","0.0","2.0","0.0","1.0","0.0","3.06","0.37","7.0","0.0","2.0","0.0","6.0","0.0","1.0","0.0","1.0","0.0","1.0","0.0","6.0","0.0","1.9","0.46","1.0","0.0","7.0","0.0","6.0","0.0","1.06","0.24"
"excitement_new_22_midj_sa.jpg","2.1","0.3","1.0","0.0","2.0","0.0","2.0","0.0","1.0","0.0","1.0","0.0","6.08","0.27","1.0","0.0","7.0","0.0","1.0","0.0","1.08","0.27","1.0","0.0","7.0","0.0","1.0","0.0","1.4","0.49","6.06","0.24","6.02","0.14","1.0","0.0"
"excitement_new_4.jpg","3.18","0.44","1.02","0.14","1.0","0.0","5.88","0.33","1.0","0.0","1.0","0.0","6.96","0.2","4.72","0.45","5.96","0.2","1.0","0.0","1.0","0.0","1.02","0.14","6.24","0.43","1.98","0.14","1.9","0.3","6.98","0.14","6.02","0.14","2.0","0.2"
"excitement_new_5.jpg","6.08","0.27","1.0","0.0","1.02","0.14","5.98","0.14","1.0","0.0","1.0","0.0","7.0","0.0","4.0","0.0","7.0","0.0","1.0","0.0","1.0","0.0","1.0","0.0","7.0","0.0","1.0","0.0","1.0","0.0","7.0","0.0","6.96","0.2","1.02","0.14"
"excitement_new_5_midj_af.jpg","6.82","0.39","1.0","0.0","1.02","0.14","5.84","0.37","1.0","0.0","1.0","0.0","7.0","0.0","4.0","0.0","7.0","0.0","1.0","0.0","1.0","0.0","1.0","0.0","7.0","0.0","1.0","0.0","1.0","0.0","7.0","0.0","6.82","0.39","1.0","0.0"
"excitement_new_5_midj_as.jpg","5.3","0.54","1.0","0.0","2.0","0.0","6.0","0.0","1.0","0.0","1.0","0.0","7.0","0.0","4.38","0.6","7.0","0.0","1.0","0.0","1.0","0.0","1.0","0.0","7.0","0.0","1.0","0.0","1.0","0.0","7.0","0.0","6.04","0.2","1.64","0.48"
"excitement_new_5_midj_euna.jpg","5.98","0.14","1.0","0.0","2.0","0.0","6.0","0.0","1.0","0.0","1.0","0.0","7.0","0.0","3.98","0.14","7.0","0.0","1.0","0.0","1.0","0.0","1.0","0.0","7.0","0.0","1.0","0.0","1.0","0.0","7.0","0.0","6.8","0.4","1.02","0.14"
"excitement_new_5_midj_sa.jpg","5.48","0.5","1.0","0.0","3.0","0.0","5.5","0.51","1.0","0.0","1.0","0.0","6.82","0.39","2.0","0.0","7.0","0.0","1.0","0.0","2.0","0.0","1.0","0.0","7.0","0.0","1.0","0.0","2.48","0.5","6.1","0.3","6.3","0.46","1.0","0.0"
"excitement_new_6.jpg","1.0","0.0","1.64","0.48","1.0","0.0","1.58","0.5","1.0","0.0","1.0","0.0","5.82","0.39","3.0","0.0","2.88","0.77","2.02","0.14","1.0","0.0","2.0","0.0","3.88","0.77","2.0","0.0","2.02","0.14","5.92","0.27","4.56","0.5","2.02","0.14"
"excitement_new_7.jpg","2.0","0.0","3.5","0.51","1.1","0.3","3.0","0.0","1.0","0.0","1.04","0.2","5.88","0.33","3.2","0.4","3.0","0.0","2.16","0.37","1.0","0.0","2.0","0.0","4.0","0.0","3.0","0.0","3.0","0.0","5.88","0.33","4.88","0.33","3.0","0.0"
"excitement_new_8.jpg","2.0","0.0","1.0","0.0","1.0","0.0","5.0","0.0","1.0","0.0","1.0","0.0","6.0","0.0","2.0","0.0","5.0","0.0","2.76","0.43","1.0","0.0","1.14","0.35","5.98","0.14","1.0","0.0","3.02","0.14","5.96","0.2","4.98","0.14","1.0","0.0"
"excitement_new_9.jpg","4.06","0.24","1.0","0.0","1.0","0.0","4.72","0.45","1.0","0.0","1.0","0.0","6.72","0.45","4.1","0.36","5.7","0.46","1.52","0.5","1.0","0.0","1.0","0.0","6.0","0.0","1.92","0.27","1.98","0.14","6.6","0.49","5.72","0.45","2.02","0.14"
"1120_midj.jpg","1.0","0.0","5.8","0.4","1.0","0.0","3.98","0.32","1.0","0.0","4.9","0.3","4.96","0.2","7.0","0.0","1.0","0.0","1.0","0.0","1.0","0.0","1.0","0.0","1.0","0.0","6.84","0.37","1.0","0.0","7.0","0.0","1.0","0.0","7.0","0.0"
"1930_midj.jpg","1.0","0.0","1.18","0.39","1.0","0.0","5.58","0.5","1.0","0.0","2.38","0.49","5.94","0.24","7.0","0.0","1.0","0.0","1.0","0.0","1.0","0.0","1.0","0.0","1.0","0.0","7.0","0.0","1.0","0.0","7.0","0.0","1.0","0.0","7.0","0.0"
"2770_midj.jpg","2.0","0.0","2.48","0.5","1.0","0.0","4.44","0.5","1.0","0.0","3.0","0.0","3.54","0.5","5.44","0.5","1.16","0.37","2.42","0.5","1.0","0.0","2.16","0.37","1.82","0.39","4.5","0.54","2.36","0.48","5.18","0.44","2.0","0.0","4.84","0.82"
"2811_midj.jpg","1.0","0.0","5.08","0.67","1.0","0.0","1.0","0.0","1.0","0.0","2.0","0.0","4.08","1.01","6.6","0.49","1.0","0.0","1.1","0.3","1.0","0.0","3.66","0.52","1.0","0.0","6.1","0.3","1.0","0.0","6.1","0.3","1.0","0.0","6.36","0.48"
"6250.1_midj.jpg","1.0","0.0","5.94","0.24","1.0","0.0","1.0","0.0","1.0","0.0","1.94","0.24","4.9","0.3","7.0","0.0","1.0","0.0","1.0","0.0","1.0","0.0","3.72","0.61","1.0","0.0","6.38","0.49","1.0","0.0","6.62","0.49","1.0","0.0","7.0","0.0"
"6250.1_midj_af.jpg","1.0","0.0","6.0","0.0","1.0","0.0","1.0","0.0","1.0","0.0","3.8","0.4","4.48","0.89","7.0","0.0","1.0","0.0","1.0","0.0","1.0","0.0","5.76","0.43","1.0","0.0","7.0","0.0","1.0","0.0","6.94","0.24","1.0","0.0","7.0","0.0"
"6250.1_midj_as.jpg","1.0","0.0","5.56","0.5","1.0","0.0","1.0","0.0","1.0","0.0","2.0","0.0","5.04","0.2","7.0","0.0","1.0","0.0","1.0","0.0","1.0","0.0","3.86","0.5","1.0","0.0","6.24","0.43","1.0","0.0","6.66","0.48","1.0","0.0","6.98","0.14"
"6250.1_midj_euna.jpg","1.0","0.0","5.88","0.33","1.0","0.0","1.0","0.0","1.0","0.0","2.0","0.0","5.0","0.0","7.0","0.0","1.0","0.0","1.0","0.0","1.0","0.0","4.08","0.27","1.0","0.0","7.0","0.0","1.0","0.0","6.86","0.35","1.04","0.2","7.0","0.0"
"6250.1_midj_sa.jpg","1.0","0.0","5.88","0.33","1.0","0.0","1.0","0.0","1.0","0.0","1.94","0.24","4.88","0.33","6.98","0.14","1.0","0.0","1.0","0.0","1.0","0.0","3.72","0.67","1.0","0.0","6.32","0.47","1.0","0.0","6.58","0.5","1.02","0.14","6.96","0.2"
"6370_midj.jpg","1.0","0.0","6.0","0.0","1.0","0.0","2.0","0.0","1.0","0.0","2.24","0.43","3.0","0.0","6.96","0.2","1.0","0.0","1.0","0.0","1.0","0.0","4.02","0.14","1.0","0.0","6.02","0.14","1.0","0.0","5.98","0.14","1.0","0.0","6.88","0.33"
"6370_midj_af.jpg","1.0","0.0","6.0","0.0","1.0","0.0","3.0","0.0","1.0","0.0","2.0","0.0","3.0","0.0","6.0","0.0","1.0","0.0","1.94","0.24","1.0","0.0","2.9","0.58","1.0","0.0","6.0","0.0","1.14","0.35","5.98","0.14","1.92","0.27","6.0","0.0"
"6370_midj_as.jpg","1.0","0.0","5.96","0.2","1.0","0.0","2.96","0.2","1.0","0.0","1.0","0.0","4.0","0.0","5.8","0.4","1.0","0.0","2.0","0.0","1.0","0.0","2.96","0.2","1.0","0.0","5.94","0.24","1.74","0.44","6.0","0.0","2.4","0.49","5.64","0.48"
"6370_midj_euna.jpg","1.0","0.0","6.34","0.48","1.0","0.0","2.0","0.0","1.0","0.0","1.0","0.0","4.0","0.0","6.0","0.0","1.0","0.0","1.16","0.37","1.0","0.0","2.52","0.54","1.0","0.0","6.04","0.2","1.0","0.0","6.0","0.0","1.94","0.24","6.02","0.14"
"6370_midj_sa.jpg","1.0","0.0","6.0","0.0","1.0","0.0","2.04","0.2","1.0","0.0","2.0","0.0","3.86","0.35","6.02","0.14","1.0","0.0","1.98","0.14","1.0","0.0","3.42","0.5","1.0","0.0","6.0","0.0","1.04","0.2","6.0","0.0","2.0","0.0","6.0","0.0"
"a002_midj.jpg","1.04","0.2","2.68","0.51","2.0","0.0","1.42","0.5","1.7","0.46","6.0","0.0","2.74","0.44","5.0","0.0","1.5","0.51","1.68","0.47","2.02","0.14","3.24","0.43","1.52","0.5","5.5","0.51","1.7","0.46","5.42","0.5","1.84","0.37","5.6","0.49"
"animals_076_v_midj.jpg","1.0","0.0","6.84","0.37","1.0","0.0","2.0","0.0","1.0","0.0","2.96","0.78","4.94","0.24","7.0","0.0","1.0","0.0","1.0","0.0","1.0","0.0","1.0","0.0","1.0","0.0","7.0","0.0","1.0","0.0","7.0","0.0","1.0","0.0","7.0","0.0"
"animals_076_v_midj_af.jpg","1.0","0.0","7.0","0.0","1.0","0.0","5.96","0.2","1.0","0.0","1.02","0.14","5.84","0.37","6.98","0.14","1.0","0.0","1.0","0.0","1.0","0.0","1.0","0.0","1.0","0.0","7.0","0.0","1.0","0.0","7.0","0.0","1.0","0.0","7.0","0.0"
"animals_076_v_midj_as.jpg","1.0","0.0","6.88","0.33","1.0","0.0","5.88","0.33","1.0","0.0","1.0","0.0","5.84","0.37","7.0","0.0","1.0","0.0","1.0","0.0","1.0","0.0","1.0","0.0","1.0","0.0","6.98","0.14","1.0","0.0","7.0","0.0","1.0","0.0","7.0","0.0"
"animals_076_v_midj_euna.jpg","1.0","0.0","6.9","0.3","1.0","0.0","2.0","0.0","1.0","0.0","2.92","0.53","5.0","0.0","7.0","0.0","1.0","0.0","1.0","0.0","1.0","0.0","1.0","0.0","1.0","0.0","7.0","0.0","1.0","0.0","7.0","0.0","1.0","0.0","7.0","0.0"
"animals_076_v_midj_sa.jpg","1.1","0.3","6.6","0.49","1.0","0.0","4.3","0.46","1.0","0.0","1.1","0.3","5.12","0.33","6.08","0.27","1.0","0.0","1.0","0.0","1.0","0.0","1.0","0.0","1.18","0.39","6.24","0.43","1.0","0.0","6.6","0.49","1.68","0.47","6.24","0.43"
"fear_new_1.jpg","1.0","0.0","2.6","0.53","1.0","0.0","1.0","0.0","1.0","0.0","5.6","0.49","3.98","0.14","7.0","0.0","1.0","0.0","1.0","0.0","1.0","0.0","5.08","0.34","1.0","0.0","7.0","0.0","1.0","0.0","6.62","0.49","1.0","0.0","7.0","0.0"
"fear_new_2.jpg","1.0","0.0","5.82","0.48","1.0","0.0","1.02","0.14","1.0","0.0","6.96","0.2","5.96","0.2","7.0","0.0","1.0","0.0","1.0","0.0","1.0","0.0","1.64","1.03","1.0","0.0","7.0","0.0","1.0","0.0","7.0","0.0","1.0","0.0","7.0","0.0"
"fear_new_3.jpg","1.0","0.0","1.0","0.0","1.0","0.0","3.0","0.0","1.0","0.0","3.0","0.0","2.0","0.0","6.0","0.0","1.0","0.0","2.0","0.0","1.0","0.0","4.0","0.0","1.0","0.0","6.0","0.0","2.0","0.0","5.0","0.0","2.0","0.0","6.0","0.0"
"fear_new_4.jpg","1.0","0.0","1.04","0.2","1.0","0.0","2.18","0.39","1.0","0.0","5.02","0.14","2.04","0.2","7.0","0.0","1.0","0.0","1.0","0.0","1.0","0.0","4.16","0.37","1.0","0.0","6.16","0.37","1.0","0.0","6.08","0.27","1.0","0.0","6.94","0.24"
"fear_new_5.jpg","1.0","0.0","1.54","0.5","1.0","0.0","2.08","0.27","1.0","0.0","3.02","0.14","3.94","0.31","7.0","0.0","1.0","0.0","1.0","0.0","1.0","0.0","5.82","0.39","1.0","0.0","7.0","0.0","1.0","0.0","6.98","0.14","1.0","0.0","7.0","0.0"
"fear_new_5_midj_af.jpg","1.0","0.0","4.62","0.97","2.04","0.2","3.08","0.27","1.0","0.0","3.0","0.0","2.0","0.0","6.0","0.0","1.0","0.0","1.78","0.42","2.98","0.14","6.06","0.24","1.0","0.0","6.06","0.24","1.0","0.0","5.1","0.3","2.0","0.0","5.92","0.34"
"fear_new_5_midj_as.jpg","1.0","0.0","2.1","0.3","1.98","0.14","2.96","0.2","1.92","0.27","2.78","0.42","3.9","0.3","6.0","0.0","1.94","0.24","2.72","0.45","1.94","0.24","4.86","0.35","1.96","0.2","5.02","0.14","2.08","0.27","5.94","0.24","2.74","0.44","5.24","0.43"
"fear_new_5_midj_euna.jpg","1.0","0.0","4.08","0.34","1.0","0.0","2.0","0.0","1.0","0.0","2.0","0.0","4.3","0.65","5.9","0.3","1.0","0.0","2.0","0.0","1.0","0.0","4.1","0.46","1.02","0.14","5.26","0.44","1.02","0.14","5.98","0.14","2.18","0.39","5.3","0.46"
"fear_new_5_midj_sa.jpg","1.0","0.0","2.76","0.43","2.0","0.0","4.88","0.33","1.12","0.33","2.0","0.0","3.08","0.27","4.26","0.44","1.98","0.14","3.12","0.33","2.02","0.14","3.66","0.48","2.02","0.14","4.04","0.2","3.08","0.27","4.56","0.5","3.02","0.14","3.48","0.5"
"fear_new_6.jpg","1.0","0.0","2.02","0.14","1.0","0.0","3.0","0.0","1.0","0.0","5.98","0.14","4.0","0.0","7.0","0.0","1.0","0.0","1.0","0.0","1.0","0.0","5.82","0.39","1.0","0.0","7.0","0.0","1.0","0.0","6.06","0.24","1.0","0.0","7.0","0.0"
"fear_new_7.jpg","1.0","0.0","2.24","0.43","1.0","0.0","1.88","0.33","1.0","0.0","3.84","0.47","2.76","0.43","7.0","0.0","1.0","0.0","1.0","0.0","1.0","0.0","6.0","0.0","1.0","0.0","7.0","0.0","1.0","0.0","6.94","0.24","1.0","0.0","7.0","0.0"
"fear_new_8.jpg","1.0","0.0","5.94","0.24","1.0","0.0","2.0","0.0","1.0","0.0","2.02","0.14","5.82","0.39","7.0","0.0","1.0","0.0","1.0","0.0","1.0","0.0","4.0","0.0","1.0","0.0","6.18","0.39","1.0","0.0","6.8","0.4","1.5","0.51","6.78","0.42"
"fear_new_9.jpg","1.0","0.0","6.86","0.35","1.0","0.0","4.76","0.43","1.0","0.0","1.98","0.14","5.68","0.47","7.0","0.0","1.0","0.0","1.0","0.0","1.0","0.0","1.3","0.65","1.0","0.0","6.98","0.14","1.0","0.0","6.98","0.14","1.02","0.14","7.0","0.0"
"neghighsoc_24_midj.jpg","1.0","0.0","6.0","0.0","1.0","0.0","1.0","0.0","1.0","0.0","6.02","0.14","2.02","0.14","7.0","0.0","1.0","0.0","1.0","0.0","1.0","0.0","6.92","0.27","1.0","0.0","7.0","0.0","1.0","0.0","6.12","0.33","1.0","0.0","7.0","0.0"
"spider_052_midj.jpg","1.0","0.0","1.66","0.48","1.0","0.0","4.0","0.0","1.0","0.0","6.0","0.0","3.66","0.48","6.12","0.33","1.0","0.0","1.78","0.42","1.0","0.0","1.0","0.0","1.0","0.0","6.02","0.14","1.54","0.5","6.0","0.0","1.58","0.5","6.18","0.39"
"spider_069_midj.jpg","1.0","0.0","1.0","0.0","1.0","0.0","3.02","0.14","1.0","0.0","6.0","0.0","3.0","0.0","6.6","0.49","1.0","0.0","1.04","0.2","1.0","0.0","1.0","0.0","1.0","0.0","6.26","0.44","1.0","0.0","6.02","0.25","1.0","0.0","6.78","0.42"
"spider_069_midj_af.jpg","1.02","0.14","1.0","0.0","1.0","0.0","3.8","0.45","1.0","0.0","5.82","0.39","3.0","0.0","6.84","0.37","1.0","0.0","1.22","0.42","1.0","0.0","1.0","0.0","1.0","0.0","6.3","0.46","1.0","0.0","6.3","0.46","1.0","0.0","6.88","0.33"
"spider_069_midj_as.jpg","1.4","0.49","1.04","0.2","1.0","0.0","3.7","0.46","1.0","0.0","5.0","0.0","3.0","0.0","6.0","0.0","1.04","0.2","2.04","0.2","1.0","0.0","1.04","0.2","1.42","0.5","5.2","0.4","2.0","0.0","5.0","0.0","2.0","0.0","5.98","0.14"
"spider_069_midj_euna.jpg","1.36","0.48","1.04","0.2","1.0","0.0","4.0","0.0","1.0","0.0","5.0","0.0","3.24","0.43","6.0","0.0","1.0","0.0","2.0","0.0","1.0","0.0","1.0","0.0","1.0","0.0","5.92","0.27","1.28","0.45","5.88","0.33","1.72","0.45","6.0","0.0"
"spider_069_midj_sa.jpg","1.0","0.0","1.04","0.2","1.0","0.0","3.04","0.2","1.0","0.0","6.0","0.0","3.0","0.0","6.62","0.49","1.0","0.0","1.08","0.27","1.0","0.0","1.0","0.0","1.0","0.0","6.28","0.45","1.06","0.24","6.02","0.14","1.0","0.0","6.66","0.48"
"2347_midj.jpg","7.0","0.0","1.0","0.0","5.0","0.0","2.0","0.0","1.0","0.0","1.0","0.0","6.0","0.0","1.0","0.0","7.0","0.0","1.0","0.0","5.58","0.5","1.0","0.0","7.0","0.0","1.0","0.0","1.68","0.47","6.02","0.14","6.3","0.46","1.0","0.0"
"8461_midj.jpg","6.72","0.45","1.0","0.0","5.72","0.45","1.0","0.0","1.0","0.0","1.0","0.0","6.0","0.0","1.0","0.0","7.0","0.0","1.0","0.0","2.2","0.64","1.0","0.0","7.0","0.0","1.0","0.0","3.5","0.51","6.0","0.0","6.64","0.48","1.0","0.0"
"amusement_new_1.jpg","7.0","0.0","1.0","0.0","3.0","0.0","2.0","0.0","1.0","0.0","1.0","0.0","7.0","0.0","1.0","0.0","7.0","0.0","1.0","0.0","2.0","0.0","1.0","0.0","7.0","0.0","1.0","0.0","1.0","0.0","7.0","0.0","6.88","0.33","1.0","0.0"
"amusement_new_2.jpg","7.0","0.0","1.0","0.0","6.7","0.46","1.0","0.0","1.0","0.0","1.0","0.0","6.0","0.0","1.0","0.0","7.0","0.0","1.0","0.0","5.2","0.67","1.0","0.0","7.0","0.0","1.0","0.0","3.9","0.54","5.98","0.14","6.98","0.14","1.0","0.0"
"amusement_new_2_midj_af.jpg","6.0","0.0","1.0","0.0","7.0","0.0","3.44","0.91","3.68","0.47","1.0","0.0","5.02","0.14","1.0","0.0","7.0","0.0","1.16","0.37","6.94","0.24","1.0","0.0","7.0","0.0","1.0","0.0","5.44","0.5","4.04","0.2","6.92","0.27","1.0","0.0"
"amusement_new_2_midj_as.jpg","6.86","0.35","1.0","0.0","7.0","0.0","2.0","0.0","5.0","0.0","1.0","0.0","5.0","0.0","1.0","0.0","7.0","0.0","1.02","0.14","6.0","0.0","1.0","0.0","7.0","0.0","1.0","0.0","5.1","0.36","4.32","0.47","6.94","0.24","1.0","0.0"
"amusement_new_2_midj_euna.jpg","7.0","0.0","1.0","0.0","6.62","0.49","1.0","0.0","1.0","0.0","1.0","0.0","6.0","0.0","1.0","0.0","7.0","0.0","1.0","0.0","5.12","0.66","1.0","0.0","7.0","0.0","1.0","0.0","3.86","0.57","6.0","0.0","7.0","0.0","1.0","0.0"
"amusement_new_2_midj_sa.jpg","5.96","0.2","1.0","0.0","6.96","0.2","2.0","0.0","3.0","0.0","1.0","0.0","4.98","0.14","1.0","0.0","7.0","0.0","1.0","0.0","6.96","0.2","1.0","0.0","7.0","0.0","1.0","0.0","5.92","0.27","3.98","0.14","6.96","0.2","1.0","0.0"
"amusement_new_5.jpg","7.0","0.0","1.0","0.0","6.0","0.0","1.0","0.0","1.0","0.0","1.0","0.0","6.0","0.0","1.0","0.0","7.0","0.0","1.0","0.0","2.9","0.46","1.0","0.0","7.0","0.0","1.0","0.0","3.28","0.57","6.0","0.0","6.84","0.37","1.0","0.0"
"amusement_new_6.jpg","7.0","0.0","1.0","0.0","6.0","0.0","3.0","0.0","1.0","0.0","1.0","0.0","6.0","0.0","1.0","0.0","7.0","0.0","1.0","0.0","2.38","0.49","1.0","0.0","7.0","0.0","1.0","0.0","4.62","0.49","6.0","0.0","6.38","0.49","1.0","0.0"
"amusement_new_7.jpg","7.0","0.0","1.0","0.0","5.02","0.14","1.0","0.0","1.0","0.0","1.0","0.0","5.88","0.33","1.0","0.0","7.0","0.0","1.0","0.0","2.82","0.48","1.0","0.0","7.0","0.0","1.0","0.0","2.7","0.54","5.94","0.24","6.04","0.2","1.0","0.0"
"amusement_new_8.jpg","7.0","0.0","1.0","0.0","1.42","0.5","1.0","0.0","1.0","0.0","1.0","0.0","6.0","0.0","1.0","0.0","7.0","0.0","1.0","0.0","1.02","0.14","1.0","0.0","7.0","0.0","1.0","0.0","1.9","0.3","6.0","0.0","6.42","0.5","1.0","0.0"
"joy_new_10.jpg","5.98","0.14","1.0","0.0","7.0","0.0","1.0","0.0","2.62","0.53","1.0","0.0","6.0","0.0","1.0","0.0","7.0","0.0","1.0","0.0","2.12","0.98","1.0","0.0","7.0","0.0","1.0","0.0","3.64","0.53","5.94","0.24","6.88","0.33","1.0","0.0"
"joy_new_10_midj_af.jpg","6.04","0.2","1.0","0.0","7.0","0.0","2.0","0.0","1.0","0.0","1.0","0.0","5.9","0.3","1.0","0.0","7.0","0.0","1.0","0.0","3.0","0.0","1.0","0.0","7.0","0.0","1.0","0.0","4.68","0.51","5.86","0.35","6.82","0.39","1.0","0.0"
"joy_new_10_midj_as.jpg","4.8","0.64","1.0","0.0","6.76","0.43","2.0","0.0","1.98","0.14","1.0","0.0","5.02","0.14","1.0","0.0","6.76","0.43","1.62","0.49","2.98","0.25","1.0","0.0","6.8","0.4","1.0","0.0","5.08","0.44","4.44","0.5","6.08","0.27","1.0","0.0"
"joy_new_10_midj_euna.jpg","5.98","0.14","1.0","0.0","6.96","0.2","1.0","0.0","2.56","0.54","1.0","0.0","6.0","0.0","1.0","0.0","7.0","0.0","1.0","0.0","1.9","0.91","1.0","0.0","7.0","0.0","1.0","0.0","3.72","0.5","5.94","0.24","6.86","0.35","1.0","0.0"
"joy_new_10_midj_sa.jpg","2.08","0.27","1.0","0.0","6.96","0.2","2.0","0.0","1.18","0.39","1.0","0.0","4.34","0.48","1.0","0.0","6.96","0.2","2.0","0.0","3.1","0.3","1.0","0.0","6.96","0.2","1.0","0.0","5.5","0.51","3.7","0.46","5.98","0.14","1.0","0.0"
"joy_new_11.jpg","7.0","0.0","1.0","0.0","5.02","0.14","3.0","0.0","1.0","0.0","1.0","0.0","7.0","0.0","1.0","0.0","7.0","0.0","1.0","0.0","2.68","0.51","1.0","0.0","7.0","0.0","1.0","0.0","2.0","0.0","6.94","0.24","7.0","0.0","1.0","0.0"
"joy_new_11_midj_af.jpg","6.74","0.44","1.0","0.0","5.68","0.47","1.0","0.0","3.3","0.46","1.0","0.0","6.0","0.0","1.0","0.0","6.82","0.39","1.02","0.14","1.64","0.53","1.0","0.0","6.82","0.39","1.0","0.0","2.86","0.5","5.98","0.14","6.36","0.48","1.0","0.0"
"joy_new_11_midj_as.jpg","7.0","0.0","1.0","0.0","4.0","0.0","2.0","0.0","1.0","0.0","1.0","0.0","6.16","0.37","1.0","0.0","7.0","0.0","1.0","0.0","2.02","0.14","1.0","0.0","7.0","0.0","1.0","0.0","1.18","0.39","6.28","0.45","6.7","0.46","1.0","0.0"
"joy_new_11_midj_euna.jpg","7.0","0.0","1.0","0.0","5.0","0.0","3.0","0.0","1.0","0.0","1.0","0.0","7.0","0.0","1.0","0.0","7.0","0.0","1.0","0.0","2.62","0.49","1.0","0.0","7.0","0.0","1.0","0.0","2.0","0.0","7.0","0.0","7.0","0.0","1.0","0.0"
"joy_new_11_midj_sa.jpg","6.3","0.46","1.0","0.0","5.52","0.5","1.48","0.5","1.06","0.24","1.0","0.0","5.64","0.48","1.0","0.0","6.74","0.44","1.0","0.0","1.6","0.57","1.0","0.0","6.74","0.44","1.0","0.0","3.74","0.49","5.56","0.5","6.12","0.33","1.0","0.0"
"joy_new_12.jpg","7.0","0.0","1.0","0.0","3.0","0.0","3.0","0.0","1.0","0.0","1.0","0.0","7.0","0.0","1.0","0.0","7.0","0.0","1.0","0.0","1.82","0.39","1.0","0.0","7.0","0.0","1.0","0.0","1.02","0.14","6.98","0.14","7.0","0.0","1.0","0.0"
"joy_new_13.jpg","6.0","0.0","1.0","0.0","4.0","0.0","3.04","0.2","1.0","0.0","1.0","0.0","5.0","0.0","1.7","0.46","6.0","0.0","1.8","0.4","3.26","0.44","1.0","0.0","6.0","0.0","1.0","0.0","3.84","0.37","4.88","0.33","6.0","0.0","1.0","0.0"
"joy_new_14.jpg","6.96","0.2","1.0","0.0","7.0","0.0","1.98","0.14","1.0","0.0","1.0","0.0","6.38","0.49","1.0","0.0","7.0","0.0","1.0","0.0","7.0","0.0","1.0","0.0","7.0","0.0","1.0","0.0","2.1","0.36","6.6","0.49","7.0","0.0","1.0","0.0"
"joy_new_2_midj_af.jpg","6.64","0.48","1.0","0.0","5.54","0.5","1.6","0.49","5.62","0.49","1.0","0.0","6.06","0.24","1.0","0.0","7.0","0.0","1.0","0.0","6.44","0.5","1.0","0.0","7.0","0.0","1.0","0.0","2.0","0.45","6.0","0.0","6.82","0.39","1.0","0.0"
"joy_new_2_midj_as.jpg","5.84","0.37","1.0","0.0","6.0","0.0","2.0","0.0","5.0","0.0","1.0","0.0","5.96","0.2","1.0","0.0","7.0","0.0","1.0","0.0","7.0","0.0","1.0","0.0","7.0","0.0","1.0","0.0","4.3","0.51","5.22","0.42","7.0","0.0","1.0","0.0"
"joy_new_2_midj_euna.jpg","7.0","0.0","1.0","0.0","5.4","0.49","1.0","0.0","5.94","0.24","2.0","0.0","6.24","0.43","1.0","0.0","7.0","0.0","1.0","0.0","6.84","0.37","1.0","0.0","7.0","0.0","1.0","0.0","1.0","0.0","6.84","0.37","6.52","0.5","1.0","0.0"
"joy_new_2_midj_sa.jpg","6.02","0.14","1.0","0.0","5.0","0.0","1.9","0.3","4.7","0.46","1.0","0.0","5.94","0.24","1.0","0.0","7.0","0.0","1.0","0.0","5.92","0.27","1.0","0.0","7.0","0.0","1.0","0.0","3.94","0.65","5.14","0.5","6.46","0.5","1.0","0.0"
"joy_new_4.jpg","6.0","0.0","1.0","0.0","4.0","0.0","3.0","0.0","1.0","0.0","1.0","0.0","5.04","0.2","1.0","0.0","7.0","0.0","1.0","0.0","3.0","0.0","1.0","0.0","7.0","0.0","1.0","0.0","3.78","0.42","5.02","0.14","6.0","0.0","1.0","0.0"
"joy_new_5.jpg","6.5","0.51","1.0","0.0","6.0","0.0","1.0","0.0","2.72","0.45","1.0","0.0","5.5","0.51","1.0","0.0","7.0","0.0","1.0","0.0","2.54","0.54","1.0","0.0","7.0","0.0","1.0","0.0","5.14","0.4","4.7","0.46","6.5","0.51","1.0","0.0"
"joy_new_6.jpg","4.98","0.62","1.0","0.0","5.9","0.3","6.0","0.0","1.0","0.0","1.0","0.0","6.94","0.24","1.0","0.0","7.0","0.0","1.02","0.14","2.82","0.48","1.0","0.0","7.0","0.0","1.0","0.0","3.04","0.45","6.04","0.2","6.94","0.24","1.0","0.0"
"joy_new_7.jpg","6.84","0.37","1.0","0.0","7.0","0.0","1.0","0.0","1.0","0.0","1.0","0.0","6.0","0.0","1.0","0.0","7.0","0.0","1.0","0.0","6.84","0.37","1.0","0.0","7.0","0.0","1.0","0.0","4.44","0.5","5.8","0.4","7.0","0.0","1.0","0.0"
"joy_new_7_midj_af.jpg","3.3","0.54","1.0","0.0","6.78","0.42","2.02","0.14","1.0","0.0","1.0","0.0","3.0","0.0","1.0","0.0","6.82","0.39","2.04","0.2","6.2","0.4","1.02","0.14","6.82","0.39","1.0","0.0","6.82","0.39","2.0","0.0","6.22","0.42","1.0","0.0"
"joy_new_7_midj_as.jpg","6.0","0.0","1.0","0.0","6.32","0.47","1.92","0.27","1.0","0.0","1.0","0.0","5.0","0.0","1.0","0.0","7.0","0.0","1.0","0.0","6.28","0.45","1.0","0.0","7.0","0.0","1.0","0.0","5.08","0.4","4.24","0.43","6.94","0.24","1.0","0.0"
"joy_new_7_midj_euna.jpg","5.9","0.3","1.0","0.0","7.0","0.0","1.54","0.5","1.0","0.0","1.0","0.0","5.06","0.24","1.0","0.0","7.0","0.0","1.0","0.0","6.24","0.43","1.0","0.0","7.0","0.0","1.0","0.0","5.18","0.44","4.1","0.3","6.98","0.14","1.0","0.0"
"joy_new_7_midj_sa.jpg","6.0","0.0","1.0","0.0","7.0","0.0","2.0","0.0","1.0","0.0","1.0","0.0","5.0","0.0","1.0","0.0","7.0","0.0","1.0","0.0","6.0","0.0","1.0","0.0","7.0","0.0","1.0","0.0","5.92","0.27","4.06","0.24","7.0","0.0","1.0","0.0"
"joy_new_8.jpg","1.9","0.3","1.0","0.0","5.0","0.0","1.04","0.2","4.0","0.0","1.0","0.0","3.0","0.0","1.0","0.0","6.58","0.5","1.88","0.33","3.0","0.0","1.0","0.0","6.56","0.5","1.0","0.0","6.0","0.0","3.0","0.0","5.18","0.39","1.0","0.0"
"joy_new_9.jpg","6.02","0.14","1.0","0.0","6.5","0.51","2.0","0.0","1.0","0.0","1.0","0.0","6.0","0.0","1.0","0.0","7.0","0.0","1.0","0.0","3.0","0.0","1.0","0.0","7.0","0.0","1.0","0.0","2.3","0.46","6.0","0.0","6.72","0.45","1.0","0.0"
"maps152_midj.jpg","5.5","0.51","1.0","0.0","5.18","0.39","1.94","0.24","1.0","0.0","1.0","0.0","5.0","0.2","1.0","0.0","6.1","0.3","1.04","0.2","2.64","0.48","1.0","0.0","6.64","0.48","1.0","0.0","3.08","0.34","4.98","0.25","5.82","0.39","1.0","0.0"
"2190_midj.jpg","1.0","0.0","3.58","0.5","2.0","0.0","2.0","0.0","1.0","0.0","1.0","0.0","2.0","0.0","3.0","0.0","1.98","0.14","4.08","0.27","1.88","0.33","4.0","0.0","2.0","0.0","3.92","0.27","4.06","0.24","3.0","0.0","2.62","0.49","3.0","0.0"
"2190_midj_af.jpg","1.02","0.14","1.94","0.24","3.0","0.0","3.92","0.27","1.12","0.33","1.12","0.33","2.0","0.0","2.0","0.0","2.74","0.44","5.02","0.38","2.96","0.2","2.9","0.3","3.16","0.37","2.0","0.0","5.76","0.43","2.0","0.0","3.0","0.0","2.0","0.0"
"2190_midj_as.jpg","1.2","0.4","1.0","0.0","2.52","0.5","2.0","0.0","1.0","0.0","1.0","0.0","1.0","0.0","1.4","0.49","2.0","0.0","5.08","0.27","1.8","0.4","2.0","0.0","2.52","0.5","1.72","0.45","5.96","0.2","1.58","0.5","2.5","0.51","1.52","0.5"
"2190_midj_euna.jpg","1.0","0.0","3.6","0.49","2.0","0.0","2.0","0.0","1.0","0.0","1.0","0.0","2.0","0.0","3.0","0.0","1.98","0.14","4.04","0.2","1.86","0.35","4.0","0.0","2.0","0.0","3.88","0.33","4.02","0.14","3.0","0.0","2.8","0.4","3.0","0.0"
"2190_midj_sa.jpg","1.0","0.0","2.0","0.0","2.98","0.14","2.0","0.0","1.0","0.0","2.0","0.0","2.0","0.0","2.18","0.39","2.0","0.0","4.86","0.4","2.62","0.49","3.24","0.43","2.18","0.39","3.0","0.2","4.84","0.37","2.92","0.27","2.74","0.44","2.18","0.39"
"2191_midj.jpg","1.0","0.0","1.0","0.0","2.14","0.35","1.4","0.49","2.36","0.48","1.0","0.0","1.7","0.46","1.0","0.0","3.02","0.14","4.88","0.33","2.04","0.2","2.0","0.0","3.38","0.49","1.02","0.14","5.66","0.48","1.98","0.14","3.0","0.0","1.0","0.0"
"2191_midj_af.jpg","1.0","0.0","1.0","0.0","2.48","0.5","2.0","0.0","1.1","0.3","1.0","0.0","2.0","0.0","1.0","0.0","3.04","0.2","4.0","0.0","3.0","0.0","2.0","0.0","3.48","0.5","1.9","0.3","5.0","0.0","2.0","0.0","3.0","0.0","1.08","0.27"
"2191_midj_as.jpg","1.0","0.0","1.0","0.0","2.16","0.37","2.0","0.0","1.16","0.37","1.0","0.0","2.0","0.0","1.02","0.14","3.0","0.0","4.58","0.5","2.16","0.37","2.0","0.0","3.02","0.14","1.28","0.45","5.26","0.44","2.0","0.0","2.96","0.2","1.0","0.0"
"2191_midj_euna.jpg","1.0","0.0","1.0","0.0","2.04","0.2","1.24","0.43","2.16","0.37","1.0","0.0","1.68","0.47","1.0","0.0","3.02","0.14","4.68","0.47","2.04","0.2","2.0","0.0","3.16","0.37","1.0","0.0","5.48","0.5","1.98","0.14","3.0","0.0","1.0","0.0"
"2191_midj_sa.jpg","1.0","0.0","1.0","0.0","2.2","0.4","1.18","0.39","2.98","0.14","1.0","0.0","2.0","0.0","1.0","0.0","3.04","0.2","4.7","0.46","2.02","0.14","2.0","0.0","3.84","0.37","1.02","0.14","5.22","0.42","2.0","0.0","3.16","0.37","1.0","0.0"
"2377_midj.jpg","1.0","0.0","1.0","0.0","2.0","0.0","1.48","0.5","1.0","0.0","1.0","0.0","2.0","0.0","1.0","0.0","3.32","0.47","4.32","0.47","1.04","0.2","1.8","0.4","3.72","0.5","1.0","0.0","5.34","0.48","2.0","0.0","3.0","0.0","1.0","0.0"
"2384_midj.jpg","1.78","0.42","1.0","0.0","2.0","0.0","2.0","0.0","1.0","0.0","1.48","0.5","1.78","0.42","1.34","0.48","3.0","0.0","4.98","0.14","1.0","0.0","2.18","0.39","3.0","0.0","1.7","0.46","6.0","0.0","2.0","0.0","2.0","0.0","1.3","0.46"
"2384_midj_af.jpg","1.72","0.45","1.0","0.0","2.08","0.27","2.28","0.45","1.0","0.0","1.0","0.0","2.0","0.0","1.38","0.49","3.0","0.0","4.92","0.27","1.42","0.5","2.0","0.0","3.16","0.37","1.2","0.4","6.0","0.0","2.0","0.0","2.46","0.5","1.1","0.3"
"2384_midj_as.jpg","1.12","0.33","1.0","0.0","2.06","0.24","4.0","0.0","1.0","0.0","1.0","0.0","2.0","0.0","1.0","0.0","4.0","0.0","5.0","0.0","1.02","0.14","2.0","0.0","4.22","0.42","1.02","0.14","6.0","0.0","2.0","0.0","3.0","0.0","1.0","0.0"
"2384_midj_euna.jpg","1.02","0.14","1.0","0.0","2.5","0.51","3.18","0.39","1.2","0.4","1.0","0.0","2.0","0.0","1.0","0.0","4.0","0.0","4.86","0.35","1.26","0.44","2.0","0.0","4.84","0.37","1.0","0.0","6.0","0.0","2.0","0.0","3.04","0.2","1.0","0.0"
"2384_midj_sa.jpg","1.08","0.27","1.0","0.0","2.0","0.0","4.06","0.24","1.0","0.0","1.0","0.0","2.0","0.0","2.0","0.0","3.12","0.33","4.0","0.0","1.0","0.0","3.0","0.0","3.48","0.5","2.0","0.0","6.0","0.0","2.0","0.0","3.0","0.0","1.96","0.2"
"5395_midj.jpg","1.0","0.0","1.0","0.0","1.0","0.0","2.3","0.46","1.0","0.0","2.26","0.44","1.46","0.5","2.0","0.0","1.0","0.0","4.52","0.5","1.0","0.0","3.0","0.0","1.98","0.14","3.0","0.0","4.12","0.33","2.5","0.51","2.0","0.0","2.04","0.2"
"5471_midj.jpg","1.0","0.0","1.0","0.0","1.0","0.0","2.0","0.0","1.0","0.0","1.0","0.0","1.0","0.0","1.72","0.45","1.4","0.49","5.02","0.14","1.0","0.0","1.84","0.37","2.0","0.0","1.6","0.49","5.04","0.2","1.88","0.33","1.12","0.33","1.48","0.5"
"5875_midj.jpg","1.42","0.5","1.0","0.0","3.16","0.37","3.54","0.5","1.0","0.0","1.0","0.0","2.0","0.0","1.0","0.0","3.98","0.14","4.04","0.2","2.0","0.0","2.28","0.45","4.0","0.0","1.18","0.39","5.8","0.4","2.0","0.0","3.0","0.0","1.04","0.2"
"5875_midj_af.jpg","1.0","0.0","1.0","0.0","2.08","0.27","2.58","0.5","1.0","0.0","1.0","0.0","1.26","0.44","2.0","0.0","2.04","0.2","4.0","0.0","2.0","0.0","3.28","0.45","2.02","0.14","2.42","0.5","4.88","0.33","2.0","0.0","2.02","0.14","2.0","0.0"
"5875_midj_as.jpg","1.04","0.2","1.0","0.0","3.0","0.0","4.0","0.0","1.0","0.0","1.0","0.0","2.0","0.0","1.0","0.0","4.0","0.0","3.98","0.14","1.94","0.24","2.52","0.5","4.1","0.3","1.22","0.42","6.0","0.0","2.0","0.0","3.0","0.0","1.0","0.0"
"5875_midj_euna.jpg","1.3","0.46","1.0","0.0","3.12","0.33","3.34","0.48","1.0","0.0","1.0","0.0","2.0","0.0","1.02","0.14","4.0","0.0","4.0","0.0","2.02","0.14","2.24","0.43","4.0","0.0","1.18","0.39","5.82","0.39","2.0","0.0","3.02","0.14","1.06","0.24"
"5875_midj_sa.jpg","2.12","0.33","1.0","0.0","4.0","0.0","5.0","0.0","2.0","0.0","1.0","0.0","3.0","0.0","1.0","0.0","6.0","0.0","2.38","0.49","3.68","0.47","2.0","0.0","6.0","0.0","1.0","0.0","6.0","0.0","2.06","0.24","5.0","0.0","1.0","0.0"
"7000_midj.jpg","1.0","0.0","1.0","0.0","1.54","0.5","1.0","0.0","2.84","0.37","1.0","0.0","1.0","0.0","1.0","0.0","2.0","0.0","5.96","0.2","1.0","0.0","1.0","0.0","2.0","0.0","1.0","0.0","5.96","0.2","1.0","0.0","1.98","0.14","1.0","0.0"
"7001_midj.jpg","2.14","0.35","1.0","0.0","2.0","0.0","1.62","0.49","2.0","0.0","1.0","0.0","2.94","0.24","1.0","0.0","3.0","0.0","4.54","0.5","1.0","0.0","1.0","0.0","3.26","0.44","1.0","0.0","4.54","0.5","2.4","0.49","3.02","0.14","1.0","0.0"
"7033_midj.jpg","1.04","0.2","1.0","0.0","1.0","0.0","2.26","0.44","1.0","0.0","1.0","0.0","3.02","0.14","2.0","0.0","2.0","0.0","5.58","0.7","1.0","0.0","1.1","0.3","2.14","0.35","1.14","0.35","4.74","0.44","2.3","0.46","2.1","0.3","1.16","0.37"
"7033_midj_af.jpg","1.82","0.39","2.16","0.37","2.0","0.0","2.0","0.0","1.94","0.24","2.6","0.49","3.0","0.0","3.94","0.24","2.48","0.5","3.98","0.14","1.96","0.2","3.0","0.0","2.84","0.37","3.12","0.33","3.72","0.45","3.86","0.35","2.94","0.24","3.02","0.14"
"7033_midj_as.jpg","1.04","0.2","1.0","0.0","1.0","0.0","2.18","0.39","1.0","0.0","1.0","0.0","3.02","0.14","2.0","0.0","2.0","0.0","5.82","0.44","1.0","0.0","1.02","0.14","2.18","0.39","1.02","0.14","4.84","0.37","2.18","0.39","2.12","0.33","1.06","0.24"
"7033_midj_euna.jpg","1.0","0.0","1.0","0.0","2.98","0.14","3.96","0.2","1.0","0.0","1.0","0.0","2.84","0.37","2.0","0.0","2.98","0.14","4.0","0.0","1.34","0.48","2.86","0.35","3.1","0.3","2.0","0.0","5.34","0.48","2.9","0.3","2.98","0.14","2.0","0.0"
"7033_midj_sa.jpg","2.0","0.0","1.0","0.0","2.0","0.0","2.12","0.33","1.0","0.0","1.0","0.0","3.0","0.0","2.0","0.0","3.0","0.0","4.0","0.0","1.0","0.0","2.0","0.0","3.38","0.49","1.18","0.39","4.98","0.14","2.68","0.47","3.0","0.0","1.3","0.46"
"7036_midj.jpg","1.0","0.0","1.0","0.0","1.0","0.0","3.0","0.0","1.0","0.0","1.0","0.0","2.0","0.0","1.3","0.46","1.84","0.37","5.0","0.0","1.0","0.0","1.24","0.43","2.0","0.0","1.24","0.43","4.08","0.27","2.88","0.33","2.0","0.0","1.24","0.43"
"7041_midj.jpg","1.0","0.0","1.0","0.0","1.0","0.0","1.0","0.0","1.26","0.44","1.0","0.0","1.0","0.0","1.0","0.0","1.64","0.48","5.96","0.2","1.0","0.0","1.04","0.2","1.98","0.14","1.0","0.0","5.78","0.42","1.0","0.0","1.46","0.5","1.0","0.0"
"7080_midj.jpg","1.0","0.0","1.0","0.0","1.0","0.0","1.0","0.0","2.34","0.48","1.0","0.0","1.0","0.0","1.0","0.0","1.28","0.45","5.9","0.3","1.0","0.0","1.0","0.0","2.0","0.0","1.0","0.0","5.88","0.33","1.0","0.0","2.0","0.0","1.0","0.0"
"7100_midj.jpg","1.0","0.0","1.0","0.0","1.0","0.0","1.0","0.0","1.0","0.0","1.0","0.0","1.0","0.0","1.0","0.0","1.0","0.0","6.0","0.0","1.0","0.0","1.0","0.0","1.66","0.48","1.0","0.0","5.32","0.47","1.0","0.0","1.0","0.0","1.0","0.0"
"7140_midj.jpg","3.48","0.5","1.0","0.0","2.0","0.0","2.98","0.14","1.0","0.0","1.0","0.0","3.0","0.0","1.0","0.0","3.04","0.2","4.0","0.0","1.0","0.0","2.0","0.0","3.98","0.14","1.02","0.14","5.0","0.0","2.0","0.0","3.0","0.0","1.0","0.0"
"7500_midj.jpg","1.0","0.0","1.0","0.0","1.0","0.0","2.3","0.46","1.0","0.0","1.0","0.0","1.8","0.4","1.64","0.48","1.4","0.49","5.1","0.3","1.0","0.0","2.36","0.48","2.0","0.0","2.36","0.48","5.02","0.38","2.0","0.0","2.0","0.0","2.0","0.0"
"7560_midj.jpg","1.98","0.14","3.0","0.2","1.06","0.24","4.02","0.14","1.06","0.24","1.14","0.35","3.0","0.0","2.16","0.42","2.0","0.0","3.98","0.14","1.04","0.2","2.06","0.24","2.14","0.35","2.94","0.31","3.22","0.42","4.0","0.0","2.12","0.33","2.14","0.35"
"7705_midj.jpg","1.0","0.0","1.0","0.0","1.0","0.0","1.0","0.0","1.0","0.0","1.0","0.0","1.0","0.0","1.0","0.0","1.0","0.0","6.0","0.0","1.0","0.0","1.0","0.0","1.96","0.2","1.0","0.0","5.34","0.48","1.0","0.0","1.02","0.14","1.0","0.0"
"n041_midj.jpg","1.0","0.0","1.0","0.0","1.0","0.0","1.0","0.0","1.0","0.0","1.0","0.0","1.0","0.0","1.02","0.14","1.0","0.0","6.0","0.0","1.0","0.0","2.0","0.0","1.02","0.14","2.0","0.0","5.72","0.45","1.3","0.46","1.0","0.0","1.0","0.0"
"n070_midj.jpg","1.0","0.0","1.0","0.0","1.08","0.27","1.96","0.2","2.7","0.46","1.0","0.0","2.0","0.0","1.0","0.0","2.0","0.0","5.28","0.45","1.0","0.0","1.0","0.0","2.8","0.4","1.0","0.0","5.38","0.49","2.0","0.0","2.58","0.5","1.0","0.0"
"1710_midj.jpg","6.08","0.27","1.0","0.0","6.04","0.2","1.0","0.0","1.0","0.0","1.0","0.0","5.04","0.2","1.0","0.0","7.0","0.0","1.0","0.0","7.0","0.0","1.0","0.0","7.0","0.0","1.0","0.0","4.8","0.4","4.76","0.48","7.0","0.0","1.0","0.0"
"animals_166_v_midj.jpg","4.68","0.51","1.0","0.0","6.18","0.39","1.18","0.39","1.04","0.2","1.0","0.0","3.0","0.0","1.0","0.0","7.0","0.0","1.88","0.33","6.92","0.27","1.0","0.0","7.0","0.0","1.0","0.0","6.9","0.3","1.96","0.2","6.16","0.37","1.0","0.0"
"baby1_midj.jpg","1.5","0.51","1.0","0.0","6.94","0.24","3.94","0.24","1.0","0.0","1.0","0.0","3.0","0.0","1.0","0.0","6.94","0.24","1.32","0.47","7.0","0.0","1.0","0.0","7.0","0.0","1.0","0.0","6.46","0.5","2.98","0.14","6.98","0.14","1.0","0.0"
"baby5_midj.jpg","5.88","0.33","1.0","0.0","6.0","0.0","1.9","0.3","1.0","0.0","1.0","0.0","4.02","0.14","1.0","0.0","7.0","0.0","1.3","0.46","7.0","0.0","1.0","0.0","7.0","0.0","1.0","0.0","5.52","0.5","3.02","0.14","6.64","0.48","1.0","0.0"
"baby_1_midj_af.jpg","1.0","0.0","1.0","0.0","6.82","0.39","3.82","0.39","1.0","0.0","1.0","0.0","2.88","0.33","1.0","0.0","6.82","0.39","1.22","0.42","7.0","0.0","1.0","0.0","6.94","0.24","1.0","0.0","6.5","0.51","2.68","0.47","6.86","0.35","1.0","0.0"
"baby_1_midj_as.jpg","1.48","0.5","1.0","0.0","6.0","0.0","2.0","0.0","1.0","0.0","1.0","0.0","2.22","0.42","1.0","0.0","6.0","0.0","1.76","0.43","7.0","0.0","1.0","0.0","6.98","0.14","1.0","0.0","6.02","0.14","2.04","0.2","6.0","0.0","1.0","0.0"
"baby_1_midj_euna.jpg","1.48","0.5","1.0","0.0","6.96","0.2","3.96","0.2","1.0","0.0","1.0","0.0","3.0","0.0","1.0","0.0","6.96","0.2","1.06","0.24","7.0","0.0","1.0","0.0","7.0","0.0","1.0","0.0","6.58","0.5","3.0","0.0","6.96","0.2","1.0","0.0"
"baby_1_midj_sa.jpg","1.62","0.49","1.0","0.0","6.02","0.14","2.6","0.49","1.0","0.0","1.0","0.0","2.62","0.49","1.0","0.0","6.02","0.14","1.78","0.42","7.0","0.0","1.0","0.0","6.18","0.39","1.0","0.0","6.02","0.14","2.0","0.0","6.02","0.14","1.0","0.0"
"baby_5_midj_af.jpg","3.08","0.63","1.0","0.0","6.0","0.0","3.0","0.0","1.0","0.0","1.0","0.0","3.16","0.37","1.0","0.0","6.2","0.4","2.76","0.52","7.0","0.0","1.0","0.0","6.64","0.48","1.0","0.0","6.0","0.0","2.5","0.51","6.22","0.42","1.0","0.0"
"baby_5_midj_as.jpg","5.38","0.6","1.0","0.0","6.02","0.14","2.98","0.14","1.0","0.0","1.0","0.0","3.98","0.25","1.0","0.0","6.92","0.27","2.08","0.27","7.0","0.0","1.0","0.0","7.0","0.0","1.0","0.0","6.02","0.14","2.92","0.27","6.88","0.33","1.0","0.0"
"baby_5_midj_euna.jpg","5.86","0.35","1.0","0.0","6.0","0.0","1.9","0.3","1.0","0.0","1.0","0.0","4.02","0.14","1.0","0.0","7.0","0.0","1.42","0.5","7.0","0.0","1.0","0.0","7.0","0.0","1.0","0.0","5.34","0.48","3.02","0.14","6.52","0.5","1.0","0.0"
"baby_5_midj_sa.jpg","5.92","0.27","1.0","0.0","6.08","0.27","1.04","0.2","1.0","0.0","1.0","0.0","3.32","0.47","1.0","0.0","7.0","0.0","1.02","0.14","7.0","0.0","1.0","0.0","7.0","0.0","1.0","0.0","5.94","0.24","2.42","0.5","6.9","0.3","1.0","0.0"
"cat5_midj.jpg","5.84","0.37","1.0","0.0","6.82","0.39","1.9","0.3","1.74","0.44","1.0","0.0","3.0","0.0","1.0","0.0","7.0","0.0","1.14","0.35","7.0","0.0","1.0","0.0","7.0","0.0","1.0","0.0","6.96","0.2","2.06","0.24","7.0","0.0","1.0","0.0"
"cat_5_midj_af.jpg","5.8","0.4","1.0","0.0","6.8","0.4","2.0","0.0","1.0","0.0","1.0","0.0","3.0","0.0","1.0","0.0","7.0","0.0","1.12","0.33","7.0","0.0","1.0","0.0","7.0","0.0","1.0","0.0","7.0","0.0","2.0","0.0","6.72","0.45","1.0","0.0"
"cat_5_midj_as.jpg","5.28","0.57","1.0","0.0","6.0","0.0","1.96","0.2","1.12","0.33","1.0","0.0","3.0","0.0","1.0","0.0","7.0","0.0","1.14","0.35","7.0","0.0","1.0","0.0","7.0","0.0","1.0","0.0","7.0","0.0","2.0","0.0","6.96","0.2","1.0","0.0"
"cat_5_midj_euna.jpg","5.92","0.27","1.0","0.0","6.2","0.4","2.06","0.24","1.0","0.0","1.0","0.0","3.8","0.4","1.0","0.0","7.0","0.0","1.0","0.0","7.0","0.0","1.0","0.0","7.0","0.0","1.0","0.0","7.0","0.0","2.52","0.5","7.0","0.0","1.0","0.0"
"cat_5_midj_sa.jpg","6.16","0.37","1.0","0.0","6.96","0.2","3.72","0.67","1.0","0.0","1.0","0.0","4.0","0.0","1.0","0.0","7.0","0.0","1.02","0.14","7.0","0.0","1.0","0.0","7.0","0.0","1.0","0.0","6.98","0.14","2.16","0.37","7.0","0.0","1.0","0.0"
"dog12_midj.jpg","6.06","0.24","1.0","0.0","7.0","0.0","1.0","0.0","1.0","0.0","1.0","0.0","6.0","0.0","1.0","0.0","7.0","0.0","1.0","0.0","6.5","0.51","1.0","0.0","7.0","0.0","1.0","0.0","2.62","0.53","6.0","0.0","7.0","0.0","1.0","0.0"
"dog4_midj.jpg","5.78","0.42","1.0","0.0","6.0","0.0","1.82","0.39","1.04","0.2","1.0","0.0","3.1","0.3","1.0","0.0","7.0","0.0","1.0","0.0","7.0","0.0","1.0","0.0","7.0","0.0","1.0","0.0","6.94","0.24","2.0","0.0","7.0","0.0","1.0","0.0"
"dog6_midj.jpg","6.94","0.24","1.0","0.0","6.06","0.24","1.0","0.0","1.0","0.0","1.0","0.0","5.94","0.24","1.0","0.0","7.0","0.0","1.0","0.0","7.0","0.0","1.0","0.0","7.0","0.0","1.0","0.0","5.04","0.28","5.08","0.4","7.0","0.0","1.0","0.0"
"dog_6_midj_af.jpg","6.0","0.0","1.0","0.0","6.04","0.2","1.98","0.14","1.0","0.0","1.0","0.0","4.0","0.0","1.0","0.0","7.0","0.0","1.0","0.0","7.0","0.0","1.0","0.0","7.0","0.0","1.0","0.0","5.48","0.5","3.24","0.43","7.0","0.0","1.0","0.0"
"dog_6_midj_as.jpg","6.56","0.5","1.0","0.0","6.64","0.48","1.0","0.0","1.0","0.0","1.0","0.0","5.62","0.49","1.0","0.0","7.0","0.0","1.0","0.0","7.0","0.0","1.0","0.0","7.0","0.0","1.0","0.0","4.98","0.51","4.7","0.51","6.96","0.2","1.0","0.0"
"dog_6_midj_euna.jpg","6.9","0.3","1.0","0.0","6.06","0.24","1.0","0.0","1.0","0.0","1.0","0.0","5.94","0.24","1.0","0.0","7.0","0.0","1.0","0.0","7.0","0.0","1.0","0.0","7.0","0.0","1.0","0.0","5.0","0.35","5.18","0.48","7.0","0.0","1.0","0.0"
"dog_6_midj_sa.jpg","5.88","0.33","1.0","0.0","6.12","0.33","1.92","0.27","1.0","0.0","1.0","0.0","4.04","0.2","1.0","0.0","6.88","0.33","1.12","0.33","7.0","0.0","1.0","0.0","7.0","0.0","1.0","0.0","5.98","0.14","3.0","0.0","6.98","0.14","1.0","0.0"
"h001_midj.jpg","1.0","0.0","1.0","0.0","5.94","0.24","2.0","0.0","1.0","0.0","1.0","0.0","1.94","0.24","1.0","0.0","6.0","0.0","3.7","0.51","7.0","0.0","1.0","0.0","6.0","0.0","1.0","0.0","7.0","0.0","1.06","0.24","6.0","0.0","1.0","0.0"
"h090_midj.jpg","6.02","0.14","1.0","0.0","5.0","0.0","1.92","0.27","1.0","0.0","1.0","0.0","5.08","0.27","1.0","0.0","7.0","0.0","1.0","0.0","6.0","0.0","1.0","0.0","7.0","0.0","1.0","0.0","3.64","0.66","4.88","0.33","6.06","0.24","1.0","0.0"
"maps145_midj.jpg","6.42","0.5","1.0","0.0","7.0","0.0","2.0","0.0","1.0","0.0","1.0","0.0","6.0","0.0","1.0","0.0","7.0","0.0","1.0","0.0","7.0","0.0","1.0","0.0","7.0","0.0","1.0","0.0","3.54","0.68","6.0","0.0","7.0","0.0","1.0","0.0"
"maps160_midj.jpg","6.06","0.24","1.0","0.0","7.0","0.0","1.4","0.49","1.0","0.0","1.0","0.0","5.12","0.33","1.0","0.0","7.0","0.0","1.0","0.0","7.0","0.0","1.0","0.0","7.0","0.0","1.0","0.0","4.56","0.5","4.98","0.47","7.0","0.0","1.0","0.0"
"maps252_midj.jpg","5.6","0.49","1.0","0.0","6.0","0.0","2.0","0.0","1.0","0.0","1.0","0.0","5.02","0.14","1.0","0.0","6.98","0.14","1.0","0.0","7.0","0.0","1.0","0.0","7.0","0.0","1.0","0.0","5.14","0.45","3.98","0.14","6.9","0.3","1.0","0.0"
"p030_midj.jpg","4.82","0.39","1.0","0.0","6.0","0.0","1.96","0.2","1.0","0.0","1.0","0.0","3.86","0.35","1.0","0.0","6.0","0.0","2.06","0.24","6.38","0.49","1.0","0.0","6.14","0.35","1.0","0.0","5.98","0.14","2.84","0.37","5.94","0.24","1.0","0.0"
"p030_midj_af.jpg","5.96","0.2","1.0","0.0","6.98","0.14","3.42","0.91","1.0","0.0","1.0","0.0","4.92","0.27","1.0","0.0","7.0","0.0","1.0","0.0","6.96","0.2","1.0","0.0","7.0","0.0","1.0","0.0","5.06","0.37","4.28","0.45","7.0","0.0","1.0","0.0"
"p030_midj_as.jpg","5.3","0.46","1.0","0.0","6.0","0.0","1.96","0.2","1.0","0.0","1.0","0.0","4.06","0.24","1.0","0.0","7.0","0.0","1.28","0.45","7.0","0.0","1.0","0.0","7.0","0.0","1.0","0.0","6.0","0.0","3.02","0.14","6.9","0.3","1.0","0.0"
"p030_midj_euna.jpg","5.96","0.2","1.0","0.0","6.06","0.24","1.12","0.33","1.0","0.0","1.0","0.0","4.16","0.37","1.0","0.0","7.0","0.0","1.0","0.0","6.1","0.3","1.0","0.0","7.0","0.0","1.0","0.0","5.2","0.4","3.76","0.43","6.08","0.27","1.0","0.0"
"p030_midj_sa.jpg","5.54","0.5","1.0","0.0","6.02","0.14","2.0","0.0","1.0","0.0","1.0","0.0","4.44","0.5","1.0","0.0","7.0","0.0","1.0","0.0","7.0","0.0","1.0","0.0","7.0","0.0","1.0","0.0","5.68","0.47","3.32","0.47","6.64","0.48","1.0","0.0"
"p035_midj.jpg","6.46","0.5","1.0","0.0","6.02","0.14","2.08","0.27","1.0","0.0","1.0","0.0","5.2","0.4","1.0","0.0","7.0","0.0","1.0","0.0","7.0","0.0","1.0","0.0","7.0","0.0","1.0","0.0","4.54","0.54","4.24","0.48","6.32","0.47","1.0","0.0"
"penguins2_midj.jpg","4.3","0.51","1.0","0.0","6.0","0.0","3.54","0.54","1.0","0.0","1.0","0.0","3.0","0.0","1.0","0.0","6.96","0.2","1.62","0.49","7.0","0.0","1.08","0.27","6.96","0.2","1.0","0.0","6.0","0.0","2.22","0.42","6.0","0.0","1.0","0.0"
"posmidsoc_18_midj.jpg","6.0","0.0","1.0","0.0","6.78","0.42","1.06","0.24","1.0","0.0","1.0","0.0","4.04","0.2","1.0","0.0","6.78","0.42","1.0","0.0","6.0","0.29","1.0","0.0","6.8","0.4","1.0","0.0","5.0","0.2","3.02","0.14","6.04","0.2","1.0","0.0"
"posmidsoc_23_midj.jpg","7.0","0.0","1.0","0.0","7.0","0.0","1.0","0.0","1.0","0.0","1.0","0.0","6.0","0.0","1.0","0.0","7.0","0.0","1.0","0.0","7.0","0.0","1.0","0.0","7.0","0.0","1.0","0.0","4.48","0.5","5.96","0.2","7.0","0.0","1.0","0.0"
"posmidsoc_25_midj.jpg","1.04","0.2","1.0","0.0","7.0","0.0","2.0","0.0","1.0","0.0","1.0","0.0","3.94","0.24","1.02","0.14","6.1","0.3","1.0","0.0","7.0","0.0","1.8","0.4","6.84","0.37","1.0","0.0","4.96","0.45","3.92","0.27","6.66","0.48","1.0","0.0"
"posmidsoc_2_midj.jpg","6.68","0.47","1.0","0.0","7.0","0.0","1.98","0.14","1.0","0.0","1.0","0.0","6.0","0.0","1.0","0.0","7.0","0.0","1.0","0.0","7.0","0.0","1.0","0.0","7.0","0.0","1.0","0.0","2.46","0.5","6.0","0.0","7.0","0.0","1.0","0.0"
"2455_midj.jpg","1.0","0.0","1.0","0.0","6.0","0.0","2.0","0.0","1.0","0.0","1.0","0.0","2.0","0.0","3.0","0.0","2.94","0.24","3.02","0.14","5.0","0.0","6.0","0.0","2.94","0.24","4.92","0.27","4.0","0.0","2.88","0.33","3.42","0.5","3.3","0.58"
"2480_midj.jpg","1.0","0.0","1.0","0.0","2.6","0.49","1.86","0.35","1.0","0.0","1.0","0.0","1.04","0.2","2.0","0.0","2.04","0.2","4.0","0.0","1.94","0.24","4.0","0.0","2.04","0.2","3.0","0.0","4.48","0.5","2.0","0.0","2.0","0.0","2.0","0.0"
"2480_midj_af.jpg","1.0","0.0","1.0","0.0","3.0","0.0","2.0","0.0","1.0","0.0","1.0","0.0","1.42","0.5","2.0","0.0","2.5","0.51","4.0","0.0","2.0","0.0","3.0","0.0","2.5","0.51","2.0","0.0","5.0","0.0","2.0","0.0","2.42","0.5","2.0","0.0"
"2480_midj_as.jpg","1.0","0.0","1.0","0.0","3.0","0.0","3.96","0.2","1.0","0.0","1.0","0.0","2.0","0.0","2.0","0.0","3.0","0.0","4.0","0.0","2.0","0.0","4.0","0.0","3.0","0.0","3.0","0.0","5.34","0.48","2.0","0.0","2.94","0.24","2.0","0.0"
"2480_midj_euna.jpg","1.0","0.0","1.0","0.0","2.52","0.5","1.8","0.4","1.0","0.0","1.0","0.0","1.12","0.33","2.0","0.0","2.08","0.27","4.0","0.0","1.9","0.3","3.98","0.14","2.08","0.27","2.98","0.14","4.56","0.5","2.0","0.0","2.0","0.0","2.0","0.0"
"2480_midj_sa.jpg","1.0","0.0","1.0","0.0","2.12","0.33","2.0","0.0","1.0","0.0","1.0","0.0","1.0","0.0","2.0","0.0","2.0","0.0","4.0","0.0","1.56","0.5","5.0","0.0","2.0","0.0","3.98","0.14","4.08","0.27","2.0","0.0","2.0","0.0","2.86","0.35"
"9470_midj.jpg","1.0","0.0","5.94","0.24","1.0","0.0","3.82","0.39","1.0","0.0","5.0","0.0","3.06","0.42","6.92","0.27","1.0","0.0","1.0","0.0","1.0","0.0","6.32","0.47","1.0","0.0","6.94","0.24","1.0","0.0","5.96","0.2","1.0","0.0","6.94","0.24"
"9530_midj.jpg","1.0","0.0","6.0","0.0","2.2","0.4","2.0","0.0","1.0","0.0","5.0","0.0","1.9","0.3","4.98","0.14","1.0","0.0","1.36","0.48","4.36","0.48","7.0","0.0","1.0","0.0","7.0","0.0","1.0","0.0","5.1","0.3","1.1","0.3","6.24","0.43"
"9530_midj_af.jpg","1.0","0.0","6.06","0.24","4.02","0.43","2.88","0.33","1.0","0.0","5.0","0.2","2.0","0.0","5.18","0.39","1.0","0.0","1.02","0.14","5.86","0.35","7.0","0.0","1.0","0.0","7.0","0.0","1.0","0.0","5.84","0.37","2.0","0.0","6.1","0.3"
"9530_midj_as.jpg","1.0","0.0","6.64","0.48","2.38","0.53","2.64","0.48","1.0","0.0","5.76","0.43","1.34","0.48","5.94","0.24","1.0","0.0","1.02","0.14","6.0","0.0","7.0","0.0","1.0","0.0","7.0","0.0","1.0","0.0","6.08","0.34","1.78","0.42","6.92","0.27"
"9530_midj_euna.jpg","1.0","0.0","6.0","0.0","2.12","0.33","2.02","0.14","1.0","0.0","5.0","0.0","1.9","0.3","5.0","0.0","1.0","0.0","1.54","0.5","4.54","0.5","6.94","0.24","1.0","0.0","6.94","0.24","1.0","0.0","5.22","0.42","1.06","0.24","6.42","0.5"
"9530_midj_sa.jpg","1.0","0.0","6.0","0.0","2.5","0.51","2.0","0.0","1.0","0.0","5.0","0.0","1.96","0.2","4.94","0.24","1.0","0.0","1.0","0.0","4.98","0.14","6.92","0.27","1.0","0.0","6.92","0.27","1.0","0.0","5.78","0.46","2.0","0.0","5.98","0.14"
"9561_midj.jpg","1.0","0.0","3.6","1.56","4.84","0.37","1.0","0.0","1.0","0.0","5.8","0.4","1.74","0.44","4.64","0.53","1.0","0.0","1.0","0.0","6.7","0.46","6.58","0.5","1.0","0.0","6.8","0.4","1.0","0.0","5.64","0.48","4.74","0.72","5.88","0.44"
"9941_midj.jpg","1.0","0.0","6.0","0.0","1.0","0.0","3.98","0.14","1.0","0.0","5.0","0.0","4.98","0.14","7.0","0.0","1.0","0.0","1.0","0.0","1.0","0.0","6.0","0.0","1.0","0.0","6.96","0.2","1.0","0.0","6.9","0.3","1.0","0.0","6.98","0.14"
"a039_midj.jpg","1.0","0.0","5.58","0.5","2.3","0.46","4.06","0.24","1.02","0.14","3.86","0.35","2.98","0.14","5.04","0.28","1.24","0.43","1.92","0.27","2.98","0.14","5.98","0.14","1.36","0.48","6.0","0.0","1.94","0.24","4.98","0.14","2.02","0.14","5.82","0.39"
"a059_midj.jpg","1.84","0.37","3.12","0.39","3.84","0.37","2.86","0.35","1.0","0.0","3.98","0.14","2.0","0.0","3.92","0.27","2.0","0.0","3.1","0.3","4.1","0.3","4.82","0.39","2.0","0.0","4.78","0.42","3.02","0.14","3.76","0.43","2.06","0.24","4.24","0.56"
"animals_077_h_midj.jpg","1.0","0.0","6.02","0.14","2.5","0.51","1.0","0.0","1.0","0.0","6.0","0.0","2.0","0.0","5.86","0.35","1.0","0.0","1.0","0.0","4.52","0.5","6.94","0.24","1.0","0.0","7.0","0.0","1.0","0.0","6.0","0.0","1.52","0.5","6.72","0.45"
"deadbodies2_midj.jpg","1.0","0.0","6.5","0.51","1.0","0.0","2.22","0.42","1.0","0.0","7.0","0.0","1.0","0.0","6.12","0.33","1.0","0.0","1.0","0.0","1.0","0.0","7.0","0.0","1.0","0.0","7.0","0.0","1.0","0.0","6.08","0.34","1.0","0.0","7.0","0.0"
"dog24_midj.jpg","1.0","0.0","4.54","0.71","4.0","0.45","1.0","0.0","2.96","0.28","3.2","0.4","1.9","0.3","3.3","0.46","1.98","0.14","2.02","0.14","5.68","0.47","6.14","0.35","2.0","0.0","6.0","0.0","2.06","0.24","4.72","0.45","3.7","0.46","4.3","0.51"
"dog26_midj.jpg","1.0","0.0","6.08","0.27","3.16","0.37","1.0","0.0","1.0","0.0","5.64","0.48","1.0","0.0","5.0","0.0","1.0","0.0","1.0","0.0","5.66","0.48","7.0","0.0","1.0","0.0","7.0","0.0","1.0","0.0","5.98","0.14","1.88","0.33","6.84","0.37"
"dog31_midj.jpg","1.0","0.0","5.88","0.33","5.18","0.39","1.0","0.0","1.0","0.0","4.26","0.53","1.98","0.14","4.68","0.47","1.18","0.39","1.18","0.39","5.98","0.14","6.98","0.14","1.18","0.39","6.82","0.39","1.08","0.27","5.6","0.49","2.42","0.5","5.92","0.34"
"dr11.eu_civil_protection_and_humanitarian_aid_operations-ccbyncnd2.0_midj.jpg","1.0","0.0","5.98","0.14","1.0","0.0","1.02","0.14","1.0","0.0","5.98","0.14","1.0","0.0","5.02","0.14","1.0","0.0","1.0","0.0","1.0","0.0","6.98","0.14","1.0","0.0","6.98","0.14","1.0","0.0","4.9","0.3","1.0","0.0","6.78","0.42"
"dr20.luca_de_vito-ccbyncnd2.0_midj.jpg","1.0","0.0","5.96","0.2","2.92","0.27","1.94","0.24","1.96","0.2","5.8","0.45","1.98","0.14","4.78","0.42","2.0","0.0","2.0","0.2","4.72","0.45","6.54","0.5","1.98","0.14","6.02","0.14","2.38","0.49","4.28","0.45","2.06","0.24","5.1","0.3"
"dr25.padre_djacy_brasileiro-ccbyncnd2.0_midj.jpg","1.0","0.0","6.0","0.0","1.0","0.0","1.0","0.0","1.0","0.0","6.02","0.14","1.0","0.0","6.0","0.0","1.0","0.0","1.0","0.0","1.0","0.0","7.0","0.0","1.0","0.0","7.0","0.0","1.0","0.0","5.92","0.27","1.0","0.0","7.0","0.0"
"faces_172_midj.jpg","1.0","0.0","1.66","0.48","3.0","0.0","2.0","0.0","1.0","0.0","2.64","0.48","1.14","0.35","3.98","0.14","1.24","0.43","2.98","0.14","3.52","0.5","6.0","0.0","1.32","0.47","6.0","0.0","2.0","0.0","3.28","0.45","1.98","0.14","4.82","0.39"
"faces_172_midj_af.jpg","1.0","0.0","2.04","0.2","3.0","0.0","2.0","0.0","1.98","0.14","2.0","0.0","1.98","0.14","3.82","0.39","1.98","0.14","3.08","0.27","3.36","0.48","5.46","0.5","2.0","0.0","5.08","0.27","3.0","0.2","3.02","0.14","2.0","0.0","4.04","0.2"
"faces_172_midj_as.jpg","1.0","0.0","1.1","0.3","3.12","0.33","1.96","0.2","1.0","0.0","1.1","0.3","1.2","0.4","2.1","0.3","2.1","0.3","4.0","0.0","2.12","0.33","3.64","0.48","2.1","0.3","3.16","0.47","4.14","0.35","2.1","0.3","2.08","0.27","2.24","0.43"
"faces_172_midj_euna.jpg","1.0","0.0","2.0","0.0","3.0","0.0","2.0","0.0","1.0","0.0","4.0","0.0","1.0","0.0","4.0","0.0","1.04","0.2","3.0","0.0","3.0","0.0","6.0","0.0","1.46","0.5","6.0","0.0","2.26","0.44","3.0","0.0","1.96","0.2","5.06","0.24"
"faces_172_midj_sa.jpg","1.0","0.0","2.0","0.29","3.68","0.47","2.02","0.14","1.04","0.2","2.7","0.46","1.1","0.3","4.0","0.0","1.16","0.37","3.18","0.39","4.06","0.24","6.0","0.0","1.4","0.49","6.0","0.0","2.64","0.48","3.96","0.2","2.0","0.0","5.0","0.0"
"faces_363_v_midj.jpg","1.0","0.0","6.38","0.49","4.86","0.61","1.0","0.0","1.0","0.0","6.0","0.0","1.0","0.0","6.08","0.27","1.0","0.0","1.0","0.0","6.64","0.48","7.0","0.0","1.0","0.0","7.0","0.0","1.0","0.0","6.48","0.5","1.0","0.0","7.0","0.0"
"maps330_midj.jpg","BLOCKED","BLOCKED","BLOCKED","BLOCKED","BLOCKED","BLOCKED","BLOCKED","BLOCKED","BLOCKED","BLOCKED","BLOCKED","BLOCKED","BLOCKED","BLOCKED","BLOCKED","BLOCKED","BLOCKED","BLOCKED","BLOCKED","BLOCKED","BLOCKED","BLOCKED","BLOCKED","BLOCKED","BLOCKED","BLOCKED","BLOCKED","BLOCKED","BLOCKED","BLOCKED","BLOCKED","BLOCKED","BLOCKED","BLOCKED","BLOCKED","BLOCKED"
"maps330_midj_af.jpg","1.0","0.0","7.0","0.0","1.34","0.48","1.0","0.0","1.0","0.0","7.0","0.0","1.0","0.0","6.98","0.14","1.0","0.0","1.0","0.0","6.24","0.43","7.0","0.0","1.0","0.0","7.0","0.0","1.0","0.0","7.0","0.0","1.0","0.0","7.0","0.0"
"maps330_midj_as.jpg","1.0","0.0","6.98","0.14","1.0","0.0","1.0","0.0","1.0","0.0","7.0","0.0","1.0","0.0","6.94","0.24","1.0","0.0","1.0","0.0","6.9","0.3","7.0","0.0","1.0","0.0","7.0","0.0","1.0","0.0","7.0","0.0","1.0","0.0","7.0","0.0"
"maps330_midj_euna.jpg","1.0","0.0","6.92","0.27","1.0","0.0","1.0","0.0","1.0","0.0","7.0","0.0","1.0","0.0","7.0","0.0","1.0","0.0","1.0","0.0","6.84","0.37","7.0","0.0","1.0","0.0","7.0","0.0","1.0","0.0","7.0","0.0","1.0","0.0","7.0","0.0"
"maps330_midj_sa.jpg","BLOCKED","BLOCKED","BLOCKED","BLOCKED","BLOCKED","BLOCKED","BLOCKED","BLOCKED","BLOCKED","BLOCKED","BLOCKED","BLOCKED","BLOCKED","BLOCKED","BLOCKED","BLOCKED","BLOCKED","BLOCKED","BLOCKED","BLOCKED","BLOCKED","BLOCKED","BLOCKED","BLOCKED","BLOCKED","BLOCKED","BLOCKED","BLOCKED","BLOCKED","BLOCKED","BLOCKED","BLOCKED","BLOCKED","BLOCKED","BLOCKED","BLOCKED"
"miserable_pose_3_midj_af.jpg","1.0","0.0","6.0","0.0","1.06","0.24","1.34","0.59","1.0","0.0","5.72","0.45","1.0","0.0","6.5","0.51","1.0","0.0","1.0","0.0","4.8","0.81","7.0","0.0","1.0","0.0","7.0","0.0","1.0","0.0","5.7","0.54","1.0","0.0","7.0","0.0"
"miserable_pose_3_midj_as.jpg","1.0","0.0","1.0","0.0","2.04","0.2","1.46","0.5","1.04","0.2","1.0","0.0","1.02","0.14","2.0","0.0","2.0","0.0","4.0","0.0","2.0","0.0","3.06","0.24","2.0","0.0","2.96","0.28","5.26","0.44","2.0","0.0","2.0","0.0","2.0","0.2"
"miserable_pose_3_midj_euna.jpg","1.0","0.0","6.14","0.35","1.0","0.0","1.0","0.0","1.0","0.0","6.0","0.0","1.0","0.0","6.68","0.47","1.0","0.0","1.0","0.0","5.8","0.4","7.0","0.0","1.0","0.0","7.0","0.0","1.0","0.0","6.18","0.39","1.0","0.0","7.0","0.0"
"miserable_pose_3_midj_sa.jpg","1.0","0.0","2.26","0.49","3.98","0.14","1.98","0.14","1.22","0.42","2.14","0.35","1.92","0.27","3.0","0.0","1.98","0.14","3.04","0.2","4.02","0.14","5.9","0.3","2.0","0.0","5.0","0.0","3.0","0.0","3.0","0.0","2.9","0.3","3.98","0.14"
"miserablepose3_midj.jpg","1.0","0.0","6.14","0.35","1.0","0.0","1.0","0.0","1.0","0.0","6.0","0.0","1.0","0.0","6.58","0.5","1.0","0.0","1.0","0.0","5.76","0.48","7.0","0.0","1.0","0.0","7.0","0.0","1.0","0.0","6.08","0.34","1.0","0.0","7.0","0.0"
