image,amusement_Mean,amusement_Std,anger_Mean,anger_Std,attachment love_Mean,attachment love_Std,awe_Mean,awe_Std,craving_Mean,craving_Std,disgust_Mean,disgust_Std,excitement_Mean,excitement_Std,fear_Mean,fear_Std,joy_Mean,joy_Std,neutral_Mean,neutral_Std,nurturant love_Mean,nurturant love_Std,sadness_Mean,sadness_Std,positive_Mean,positive_Std,negative_Mean,negative_Std,calm_Mean,calm_Std,aroused_Mean,aroused_Std,motivated to approach_Mean,motivated to approach_Std,motivated to avoid_Mean,motivated to avoid_Std
amusement_new_10.jpg,5.96,0.3476,1.04,0.1979,5.72,0.7296,2.12,0.7183,2.02,0.8687,1.1,0.303,2.84,0.7656,1.1,0.303,4.06,1.0768,2.92,0.8041,2.5,1.0152,1.96,0.4932,6.04,0.1979,1.44,0.5771,4.42,1.0897,3.68,0.8192,4.06,1.1141,2.12,0.773
amusement_new_11.jpg,5.96,0.3476,1.04,0.1979,5.82,0.5956,2.82,0.7475,2.18,0.7743,1.04,0.1979,5.42,0.6728,1.08,0.274,5.94,0.3136,2.36,0.598,2.94,1.1502,1.42,0.4986,6.3,0.4629,1.08,0.274,3.28,0.8581,4.96,0.8562,5.64,0.6312,1.58,0.7309
amusement_new_12.jpg,5.92,0.3405,1.46,0.6455,3.04,0.7814,2.74,0.7775,1.86,0.8084,2.22,0.6481,5.26,0.6328,2.44,0.5771,4.44,1.0134,2.68,0.7126,1.04,0.1979,1.52,0.5436,5.18,0.7475,2.2,0.6061,1.42,0.5746,5.1,0.6145,4.28,0.9697,3.26,0.9216
amusement_new_13.jpg,6.06,0.2399,1.06,0.2399,5.98,0.3774,2.16,0.7384,2.58,0.9708,1.04,0.1979,6.06,0.2399,1.0,0.0,6.36,0.4849,2.16,0.6809,2.28,1.011,1.04,0.1979,6.44,0.5014,1.08,0.274,1.28,0.4536,6.04,0.2828,5.98,0.3774,1.38,0.6354
amusement_new_14.jpg,6.14,0.3505,1.0,0.0,6.34,0.4785,5.88,0.5584,3.4,1.5253,1.0,0.0,5.98,0.3188,1.04,0.1979,6.14,0.3505,2.7,1.0152,5.8,1.069,1.2,0.4041,6.44,0.5014,1.04,0.1979,2.02,0.5529,5.96,0.3476,6.04,0.4499,1.36,0.6312
amusement_new_15.jpg,5.96,0.3476,1.0,0.0,5.84,0.6181,2.84,0.9337,2.44,0.9293,1.08,0.274,4.06,1.0768,1.04,0.1979,4.98,1.1156,2.38,0.6966,3.44,1.5539,1.26,0.4431,6.06,0.2399,1.2,0.4041,2.9,0.8631,4.14,1.0104,5.64,0.6928,1.66,0.7982
amusement_new_15_midj_af.jpg,4.74,1.1214,1.0,0.0,5.98,0.3774,2.78,0.9538,2.32,0.9988,1.0,0.0,3.38,0.9666,1.1,0.303,4.7,1.1112,2.62,0.6354,5.22,1.2501,1.46,0.5425,6.14,0.3505,1.08,0.274,4.3,1.1824,3.74,0.7775,5.78,0.6158,1.62,0.7796
amusement_new_15_midj_as.jpg,5.82,0.3881,1.0,0.0,5.84,0.6181,3.18,0.9409,2.3,0.9742,1.04,0.1979,3.5,0.8631,1.1,0.303,4.5,1.0546,2.82,0.7743,4.36,1.4535,1.44,0.5771,6.04,0.1979,1.1,0.303,4.92,1.1036,3.3,0.7626,5.48,0.7351,1.98,0.8449
amusement_new_15_midj_euna.jpg,5.96,0.3476,1.0,0.0,5.84,0.6181,2.84,0.9337,2.44,0.9293,1.08,0.274,4.06,1.0768,1.04,0.1979,4.98,1.1156,2.38,0.6966,3.44,1.5539,1.26,0.4431,6.06,0.2399,1.2,0.4041,2.9,0.8631,4.14,1.0104,5.64,0.6928,1.66,0.7982
amusement_new_15_midj_sa.jpg,6.0,0.3499,1.0,0.0,6.18,0.5226,2.84,1.0568,2.02,0.8687,1.04,0.1979,3.72,1.2623,1.04,0.1979,5.84,0.5841,2.34,0.7174,5.6,1.1606,1.58,0.5379,6.3,0.4629,1.08,0.274,3.6,1.1952,3.46,0.9941,5.9,0.5803,1.78,0.8154
amusement_new_16.jpg,5.98,0.3188,1.0,0.0,6.08,0.4882,1.66,0.7453,3.86,1.2124,1.22,0.4185,5.0,0.9035,1.0,0.0,5.96,0.3476,2.62,0.6354,4.6,1.3401,1.1,0.303,6.42,0.4986,1.08,0.274,2.68,0.7126,4.7,0.8864,5.88,0.4352,1.34,0.6263
amusement_new_16_midj_af.jpg,5.94,0.3136,1.04,0.1979,5.14,0.9691,2.66,0.8947,5.52,0.7068,1.46,0.6455,5.24,0.744,1.0,0.0,5.46,0.706,3.12,0.8722,3.58,1.3262,1.62,0.6024,6.04,0.1979,1.1,0.303,2.44,0.5771,4.94,0.8901,5.82,0.3881,1.68,0.7677
amusement_new_16_midj_as.jpg,6.04,0.1979,1.04,0.1979,5.98,0.3774,3.66,1.239,5.42,0.9708,1.2,0.4041,5.46,0.706,1.0,0.0,5.96,0.3476,3.06,0.8901,5.54,1.0144,1.22,0.4185,6.14,0.3505,1.06,0.2399,2.76,0.7969,5.16,0.8889,5.96,0.3476,1.38,0.6354
amusement_new_16_midj_euna.jpg,5.98,0.3188,1.0,0.0,6.08,0.4882,1.66,0.7453,3.86,1.2124,1.22,0.4185,5.0,0.9035,1.0,0.0,5.96,0.3476,2.62,0.6354,4.6,1.3401,1.1,0.303,6.42,0.4986,1.08,0.274,2.68,0.7126,4.7,0.8864,5.88,0.4352,1.34,0.6263
amusement_new_16_midj_sa.jpg,6.06,0.2399,1.0,0.0,6.16,0.5095,2.18,0.7743,4.52,1.111,1.08,0.274,5.7,0.6145,1.0,0.0,6.06,0.2399,2.62,0.5303,5.4,1.2122,1.04,0.1979,6.44,0.5014,1.04,0.1979,2.24,0.5555,5.36,0.7494,5.96,0.3476,1.5,0.6776
amusement_new_17.jpg,5.96,0.3476,1.3,0.5051,5.66,0.7174,1.94,0.8184,2.6,0.9897,1.36,0.5628,4.96,0.8797,1.2,0.4041,5.46,0.706,2.9,0.8631,4.1,1.3887,1.84,0.5841,5.98,0.3188,1.24,0.4314,2.9,0.8631,4.12,0.9613,5.42,0.6728,1.64,0.7762
amusement_new_19.jpg,5.96,0.3476,1.1,0.303,5.64,0.7762,1.78,0.7365,3.5,1.1112,1.64,0.6627,4.0,1.0302,1.1,0.303,4.74,1.1214,2.9,0.8631,3.4,1.4428,2.04,0.533,6.0,0.2857,1.44,0.5771,3.18,0.9409,3.7,0.8864,4.78,1.1657,1.92,0.8533
amusement_new_21.jpg,5.6,0.6061,1.06,0.2399,5.34,0.8478,2.28,0.701,2.24,0.8704,1.2,0.4041,2.4,0.5714,1.22,0.4185,2.52,0.5436,3.32,0.7939,3.0,1.178,2.04,0.533,5.86,0.3505,1.62,0.6354,5.36,0.7494,3.1,0.6776,3.96,1.0683,2.22,0.8873
amusement_new_22.jpg,5.76,0.7969,1.36,0.5628,3.8,1.3401,2.92,0.9864,2.42,0.9055,1.34,0.5573,2.28,0.6713,1.28,0.4536,2.02,0.5529,3.46,0.8855,2.86,1.3554,2.38,0.5675,4.88,1.1891,2.1,0.544,5.06,1.1851,3.4,0.9258,4.44,1.0721,2.02,0.8687
amusement_new_24.jpg,6.04,0.1979,1.06,0.2399,5.7,0.7071,2.48,0.8389,2.08,0.8769,1.2,0.4041,5.66,0.5928,1.04,0.1979,5.96,0.3476,2.5,0.8631,2.34,1.0022,1.22,0.4185,6.26,0.4431,1.04,0.1979,2.82,0.7743,4.42,1.0897,5.82,0.5956,1.78,0.8154
amusement_new_25.jpg,5.94,0.3136,1.04,0.1979,5.08,1.066,2.28,0.6713,3.42,1.0319,2.02,0.5529,3.94,0.9127,1.1,0.303,4.5,1.0546,3.16,0.9116,2.94,1.1502,1.52,0.5436,5.94,0.3136,1.28,0.4536,4.24,1.0797,3.58,0.7848,5.46,0.6764,1.98,0.8449
amusement_new_26.jpg,3.18,0.9409,1.04,0.1979,5.1,0.9313,3.96,1.0683,2.84,0.9337,1.3,0.5051,2.84,0.7384,1.24,0.4314,4.02,1.02,3.5,0.8631,5.5,0.7354,1.98,0.5147,5.96,0.3476,1.38,0.5303,5.8,0.4518,3.4,0.833,5.0,0.8806,2.16,0.7384
amusement_new_27.jpg,6.0,0.3499,1.04,0.1979,5.88,0.8485,1.24,0.4764,2.18,1.0631,1.06,0.2399,5.82,0.5956,1.04,0.1979,6.04,0.4499,1.8,0.6999,3.44,1.5539,1.0,0.0,6.44,0.5014,1.08,0.274,1.2,0.4041,5.58,0.7584,5.82,0.8497,1.38,0.6354
amusement_new_30.jpg,5.98,0.3188,1.0,0.0,6.04,0.4499,2.7,1.0152,2.6,0.9897,1.2,0.4041,4.5,1.0546,1.0,0.0,6.06,0.2399,2.58,0.6728,5.88,0.8485,1.1,0.303,6.42,0.4986,1.04,0.1979,4.42,1.2137,3.82,0.8497,5.96,0.3476,1.54,0.7616
amusement_new_31.jpg,5.74,0.5997,1.08,0.274,5.98,0.3774,2.32,0.6833,2.76,0.9381,1.1,0.303,5.96,0.3476,1.24,0.4314,6.06,0.2399,2.7,0.5803,5.66,0.7982,1.1,0.303,6.3,0.4629,1.08,0.274,1.86,0.4046,5.96,0.3476,5.98,0.3774,1.94,0.8184
amusement_new_31_midj_af.jpg,3.7,1.2817,1.04,0.1979,6.02,0.3188,5.96,0.3476,3.1,1.1112,1.04,0.1979,5.88,0.3854,2.04,0.6688,5.96,0.3476,2.9,0.8631,6.0,0.3499,1.24,0.4314,6.42,0.4986,1.08,0.274,2.04,0.533,5.96,0.3476,5.94,0.3731,2.38,0.9452
amusement_new_31_midj_as.jpg,3.76,1.2216,1.22,0.4185,5.96,0.3476,5.24,0.8221,2.84,0.9337,1.22,0.4185,4.92,0.8999,1.44,0.5771,5.8,0.4518,3.28,0.8581,5.98,0.3774,1.52,0.5436,6.06,0.2399,1.2,0.4041,2.84,0.8889,5.42,0.6728,5.5,0.7354,2.14,0.7562
amusement_new_31_midj_euna.jpg,5.74,0.5997,1.08,0.274,5.98,0.3774,2.32,0.6833,2.76,0.9381,1.1,0.303,5.96,0.3476,1.24,0.4314,6.06,0.2399,2.7,0.5803,5.66,0.7982,1.1,0.303,6.3,0.4629,1.08,0.274,1.86,0.4046,5.96,0.3476,5.98,0.3774,1.94,0.8184
amusement_new_31_midj_sa.jpg,5.88,0.3854,1.04,0.1979,5.9,0.4165,4.48,1.0349,2.88,1.0622,1.08,0.274,5.96,0.2828,1.06,0.2399,6.04,0.1979,2.92,0.8041,5.6,0.7825,1.08,0.274,6.14,0.3505,1.04,0.1979,2.12,0.4798,5.96,0.3476,5.94,0.3731,1.8,0.7825
animals_173_h_midj.jpg,3.4,0.9258,1.0,0.0,4.38,1.1045,3.18,0.9409,2.38,0.9666,1.08,0.274,2.22,0.6158,1.06,0.2399,4.06,0.9775,3.38,0.7796,2.78,1.016,1.64,0.5628,5.94,0.3136,1.2,0.4041,5.96,0.3476,3.24,0.716,4.5,1.0546,1.64,0.7762
poshighnonsoc_11_midj.jpg,6.06,0.2399,1.0,0.0,6.36,0.4849,2.0,0.6999,2.18,0.8003,1.0,0.0,5.96,0.3476,1.0,0.0,6.42,0.4986,1.98,0.6224,5.7,0.9742,1.0,0.0,6.92,0.274,1.0,0.0,2.22,0.5455,5.88,0.4352,5.98,0.3774,1.22,0.4647
poshighnonsoc_11_midj_af.jpg,3.54,0.9304,1.04,0.1979,5.56,0.6749,2.24,0.744,2.48,0.8628,1.08,0.274,3.68,0.8192,1.06,0.2399,5.72,0.4536,2.84,0.7656,4.02,1.1516,1.1,0.303,6.04,0.1979,1.12,0.3283,4.28,0.9697,4.6,0.8081,5.42,0.6728,1.6,0.7559
poshighnonsoc_11_midj_as.jpg,4.06,1.0768,1.04,0.1979,5.96,0.3476,2.16,0.7384,2.24,0.6869,1.08,0.274,4.2,0.9476,1.08,0.274,5.94,0.3136,2.7,0.5803,4.56,1.2643,1.2,0.4041,6.14,0.3505,1.1,0.303,4.02,1.02,4.94,0.8901,5.76,0.4764,1.4,0.6389
poshighnonsoc_11_midj_euna.jpg,6.06,0.2399,1.0,0.0,6.36,0.4849,2.0,0.6999,2.18,0.8003,1.0,0.0,5.96,0.3476,1.0,0.0,6.42,0.4986,1.98,0.6224,5.7,0.9742,1.0,0.0,6.92,0.274,1.0,0.0,2.22,0.5455,5.88,0.4352,5.98,0.3774,1.22,0.4647
poshighnonsoc_11_midj_sa.jpg,6.14,0.3505,1.08,0.274,6.36,0.4849,1.86,0.8332,2.04,0.9026,1.04,0.1979,6.1,0.4165,1.0,0.0,6.42,0.4986,1.34,0.5573,2.64,1.4107,1.0,0.0,6.58,0.4986,1.0,0.0,1.08,0.274,6.08,0.4445,6.04,0.4499,1.44,0.7045
poshighnonsoc_19_midj.jpg,6.02,0.2466,1.0,0.0,5.98,0.3774,3.48,1.015,2.38,0.9666,1.12,0.3283,4.82,1.0821,1.0,0.0,5.96,0.3476,2.76,0.8466,4.66,1.4373,1.24,0.4314,6.14,0.3505,1.04,0.1979,4.06,1.0768,4.36,1.0451,5.64,0.6928,1.58,0.7309
poshighnonsoc_19_midj_af.jpg,2.54,0.9082,1.0,0.0,5.96,0.3476,2.7,0.8631,3.12,1.0029,1.06,0.2399,1.98,0.5147,1.1,0.303,3.08,0.7516,3.38,0.8053,5.88,0.5584,2.28,0.4536,6.04,0.1979,1.2,0.4041,5.94,0.3136,2.78,0.6788,4.3,1.1294,1.98,0.8449
poshighnonsoc_19_midj_as.jpg,4.98,1.0971,1.26,0.4431,4.5,1.0546,4.02,1.02,2.02,0.8687,1.1,0.303,2.52,0.5436,1.42,0.5746,1.98,0.5147,3.46,0.8855,1.84,0.7918,2.2,0.4518,5.46,0.6764,1.62,0.6354,5.46,0.6764,3.32,0.7939,4.24,1.0797,2.4,0.8081
poshighnonsoc_19_midj_euna.jpg,5.48,0.8862,1.0,0.0,6.08,0.4445,3.18,0.9409,2.24,0.8935,1.1,0.303,2.88,0.8241,1.06,0.2399,4.5,1.0546,2.82,0.7743,5.68,0.9134,2.04,0.533,6.06,0.2399,1.08,0.274,5.22,0.9322,3.28,0.7835,4.42,1.0897,1.22,0.4647
poshighnonsoc_19_midj_sa.jpg,5.52,0.8862,1.08,0.274,5.96,0.402,3.42,1.0319,2.22,0.8873,1.2,0.4041,2.76,0.6869,1.26,0.4431,2.74,0.6642,3.28,0.8816,4.26,1.482,2.32,0.4712,6.0,0.2857,1.42,0.5746,5.18,0.8965,3.48,0.8628,3.86,1.2124,1.92,0.8533
9340_midj.jpg,1.04,0.1979,2.76,0.6869,1.36,0.6312,1.0,0.0,1.06,0.2399,5.74,0.6328,1.0,0.0,1.82,0.7197,1.0,0.0,2.28,0.6713,1.0,0.0,4.32,0.9134,1.0,0.0,5.96,0.3476,1.0,0.0,2.74,0.6642,1.4,0.6389,4.8,0.9035
anger_new_1.jpg,5.0,0.8806,1.98,0.8449,2.18,0.8003,2.32,0.6833,3.04,0.9681,4.28,0.9697,2.62,0.5303,2.08,0.6652,1.6,0.6999,3.1,0.8631,1.06,0.2399,2.78,0.6788,2.52,0.5436,3.94,0.8668,1.72,0.6402,3.86,0.8809,2.66,0.8234,3.46,0.9733
anger_new_10.jpg,2.06,0.6824,1.48,0.5799,3.14,0.8574,2.44,0.5771,3.02,0.8919,1.24,0.4314,2.74,0.5646,2.02,0.5529,1.9,0.4629,3.38,0.7796,1.08,0.274,3.24,0.716,3.14,0.5718,3.7,0.8864,3.6,0.9258,3.82,0.8734,3.28,0.8091,2.94,0.8668
anger_new_11.jpg,1.0,0.0,4.4,1.088,1.1,0.303,1.04,0.1979,1.0,0.0,5.98,0.3774,1.0,0.0,3.3,1.0152,1.0,0.0,2.0,0.6999,1.0,0.0,5.96,0.3476,1.0,0.0,6.04,0.1979,1.08,0.274,3.14,0.926,1.22,0.4647,5.5,0.7354
anger_new_11_midj_af.jpg,1.0,0.0,4.22,1.2337,1.1,0.303,1.2,0.4041,1.0,0.0,6.12,0.4798,1.04,0.1979,3.36,1.0835,1.0,0.0,2.0,0.6389,1.0,0.0,6.12,0.4798,1.0,0.0,6.26,0.4431,1.1,0.303,3.0,0.9035,1.2,0.4041,5.68,0.7677
anger_new_11_midj_as.jpg,1.38,0.6354,4.88,1.0622,1.4,0.6389,1.1,0.303,1.14,0.4046,5.98,0.3774,1.08,0.274,3.04,0.9026,1.0,0.0,2.24,0.6565,1.0,0.0,5.96,0.3476,1.04,0.1979,6.06,0.2399,1.28,0.4536,3.18,0.8734,1.38,0.6354,5.5,0.7354
anger_new_11_midj_euna.jpg,1.0,0.0,4.44,1.0721,1.1,0.303,1.04,0.1979,1.0,0.0,5.98,0.3774,1.0,0.0,3.3,1.0152,1.0,0.0,2.0,0.6999,1.0,0.0,5.96,0.3476,1.0,0.0,6.04,0.1979,1.08,0.274,3.12,0.9179,1.22,0.4647,5.5,0.7354
anger_new_11_midj_sa.jpg,1.04,0.1979,4.0,1.0302,1.34,0.6263,1.2,0.4041,1.08,0.3405,5.96,0.3476,1.08,0.274,2.8,0.8806,1.0,0.0,2.12,0.7183,1.0,0.0,5.9,0.4165,1.04,0.1979,5.98,0.3188,1.2,0.4041,2.88,0.799,1.44,0.6749,5.22,0.8401
anger_new_13.jpg,5.96,0.3476,1.22,0.4647,5.98,0.3774,1.62,0.7253,2.98,1.0593,1.0,0.0,5.98,0.3188,1.1,0.303,6.06,0.2399,2.4,0.8081,4.34,1.4654,1.04,0.1979,6.26,0.4431,1.1,0.303,1.22,0.4185,5.96,0.3476,5.96,0.6376,1.54,0.7616
anger_new_14.jpg,2.32,0.9781,5.84,0.6181,1.36,0.6312,1.04,0.1979,1.38,0.6667,3.06,1.2357,4.44,1.0721,4.62,1.3076,1.0,0.0,1.24,0.4764,1.0,0.0,1.2,0.4041,1.04,0.1979,5.88,0.4352,1.0,0.0,5.8,0.4949,1.14,0.4046,5.4,0.9689
anger_new_14_midj_af.jpg,3.76,1.2707,5.98,0.3774,1.04,0.1979,1.06,0.2399,1.38,0.6667,2.72,1.1073,5.5,0.7354,4.98,1.2036,1.0,0.0,1.1,0.303,1.0,0.0,1.08,0.274,1.08,0.274,5.88,0.4352,1.0,0.0,6.04,0.4499,1.12,0.3854,5.76,0.6565
anger_new_14_midj_as.jpg,1.68,0.7677,6.3,0.4629,1.08,0.274,1.1,0.303,1.34,0.6263,2.18,1.0631,4.44,1.2316,5.0,1.3093,1.0,0.0,1.1,0.303,1.0,0.0,1.08,0.274,1.04,0.1979,6.0,0.3499,1.0,0.0,6.04,0.4499,1.06,0.2399,5.88,0.659
anger_new_14_midj_euna.jpg,2.32,0.9781,5.84,0.6181,1.36,0.6312,1.04,0.1979,1.38,0.6667,3.06,1.2357,4.44,1.0721,4.62,1.3076,1.0,0.0,1.24,0.4764,1.0,0.0,1.2,0.4041,1.04,0.1979,5.88,0.4352,1.0,0.0,5.8,0.4949,1.14,0.4046,5.4,0.9689
anger_new_14_midj_sa.jpg,5.74,0.5997,5.56,0.6749,2.02,0.8687,1.92,0.8533,2.32,0.9988,2.34,1.0022,5.46,0.6764,3.56,1.1095,1.62,0.7253,1.98,0.8449,1.08,0.274,1.24,0.4314,2.84,0.8889,3.8,1.1952,1.0,0.0,5.7,0.5051,2.12,1.023,4.16,1.2182
anger_new_15.jpg,4.04,1.0294,1.98,0.8449,4.54,1.0539,1.4,0.6389,2.86,0.8332,1.68,0.6833,5.36,0.6627,2.74,0.8762,3.94,0.9127,2.74,0.6642,2.46,0.8855,1.98,0.5147,5.34,0.7453,2.48,0.5436,1.26,0.4431,5.66,0.4785,5.46,0.706,3.16,0.9971
anger_new_2.jpg,1.26,0.5272,1.08,0.274,2.04,0.7548,1.22,0.4647,1.38,0.6667,5.0,0.8806,1.04,0.1979,4.1,0.8864,1.0,0.0,2.96,0.8562,1.04,0.1979,4.8,0.7825,1.2,0.4041,5.84,0.4219,1.96,0.57,2.36,0.6928,1.54,0.7616,5.46,0.706
anger_new_3.jpg,1.0,0.0,3.54,1.4598,1.2,0.4041,1.08,0.274,1.04,0.1979,4.54,1.0539,1.08,0.274,5.94,0.3731,1.0,0.0,1.5,0.6776,1.0,0.0,5.96,0.3476,1.0,0.0,6.06,0.2399,1.0,0.0,5.52,0.7068,1.6,0.7559,5.78,0.6158
anger_new_3_midj_af.jpg,1.0,0.0,5.74,0.6328,1.22,0.4647,1.8,0.7825,1.18,0.4819,3.22,1.2171,1.4,0.6389,5.56,0.6749,1.0,0.0,2.24,0.6869,1.0,0.0,4.84,1.0568,1.04,0.1979,6.06,0.2399,1.0,0.0,5.52,0.7068,1.98,0.8449,4.98,1.1156
anger_new_3_midj_as.jpg,1.08,0.274,4.32,0.9988,1.38,0.6354,1.56,0.7045,1.52,0.7624,3.18,0.9409,2.8,0.7284,5.36,0.6627,1.0,0.0,2.44,0.5771,1.0,0.0,4.42,0.9055,1.26,0.4431,5.96,0.2828,1.04,0.1979,5.42,0.6728,2.32,0.6833,5.14,0.8084
anger_new_3_midj_euna.jpg,1.0,0.0,3.54,1.4598,1.2,0.4041,1.08,0.274,1.04,0.1979,4.54,1.0539,1.08,0.274,5.94,0.3731,1.0,0.0,1.5,0.6776,1.0,0.0,5.96,0.3476,1.0,0.0,6.06,0.2399,1.0,0.0,5.52,0.7068,1.6,0.7559,5.78,0.6158
anger_new_3_midj_sa.jpg,1.08,0.274,5.46,0.6764,1.22,0.4185,1.7,0.7071,1.6,0.7559,2.9,0.8631,4.36,1.0451,5.34,0.7453,1.0,0.0,2.32,0.6833,1.0,0.0,2.76,0.6565,1.2,0.4041,6.04,0.1979,1.0,0.0,5.8,0.4518,2.24,0.744,5.26,0.8992
anger_new_4.jpg,3.44,1.0134,4.74,1.2257,1.44,0.6749,1.4,0.6389,2.66,0.9817,5.2,0.9258,5.34,0.7453,2.52,0.9739,1.04,0.1979,2.04,0.9026,1.0,0.0,2.16,0.7384,1.34,0.5573,5.6,0.6389,1.0,0.0,5.54,0.6764,2.52,0.9311,4.0,1.2289
anger_new_5.jpg,1.0,0.0,3.72,0.9485,1.86,0.7827,1.1,0.303,1.24,0.5911,5.66,0.5194,1.08,0.274,2.18,0.5956,1.0,0.0,2.32,0.6833,1.0,0.0,4.7,0.7354,1.08,0.274,5.94,0.3136,1.12,0.3283,2.82,0.7197,1.94,0.6518,5.28,0.701
anger_new_5_midj_af.jpg,1.0,0.0,2.64,0.8751,1.88,0.773,1.68,0.6833,1.38,0.6667,5.46,0.6455,1.22,0.4185,2.36,0.6627,1.0,0.0,2.76,0.6869,1.0,0.0,5.04,0.7273,1.48,0.5799,5.88,0.3854,1.48,0.5799,3.14,0.7287,2.12,0.6893,4.58,0.9055
anger_new_5_midj_as.jpg,1.1,0.303,2.84,0.9337,1.66,0.7453,2.02,0.5529,1.44,0.7045,5.64,0.6312,1.24,0.4314,2.98,0.8687,1.0,0.0,2.44,0.5771,1.04,0.1979,4.96,0.8562,1.46,0.5425,5.9,0.4165,1.26,0.4431,2.62,0.5303,1.76,0.6869,4.84,1.0759
anger_new_5_midj_euna.jpg,1.0,0.0,3.72,0.9485,1.86,0.7827,1.1,0.303,1.24,0.5911,5.66,0.5194,1.08,0.274,2.18,0.5956,1.0,0.0,2.32,0.6833,1.0,0.0,4.7,0.7354,1.08,0.274,5.94,0.3136,1.1,0.303,2.82,0.7197,1.94,0.6518,5.28,0.701
anger_new_5_midj_sa.jpg,1.0,0.0,3.18,0.9409,1.8,0.7825,1.26,0.4431,1.12,0.3854,5.84,0.4219,1.06,0.2399,2.84,0.7384,1.0,0.0,2.28,0.6713,1.0,0.0,5.42,0.6728,1.08,0.274,5.94,0.3136,1.08,0.274,3.04,0.9026,1.78,0.7365,5.34,0.7174
anger_new_6.jpg,1.44,0.7045,1.58,0.7309,2.16,0.7384,1.38,0.6354,1.8,0.8571,1.58,0.7309,2.24,0.6247,1.56,0.7045,1.2,0.4041,3.4,0.7825,1.0,0.0,1.96,0.6047,2.72,0.5729,2.32,0.6833,3.36,0.9638,2.98,0.5887,3.46,0.9082,2.48,0.8628
anger_new_8.jpg,1.92,0.8041,4.9,1.1473,1.38,0.6354,1.0,0.0,1.8,0.8571,3.94,1.0768,2.12,0.6893,2.12,0.773,1.0,0.0,1.98,0.8449,1.0,0.0,1.98,0.5887,1.04,0.1979,5.64,0.6627,1.0,0.0,4.56,1.0134,2.06,0.6824,3.6,1.0102
garbagedump2_midj.jpg,1.0,0.0,3.18,0.8734,1.36,0.6312,1.0,0.0,1.0,0.0,5.84,0.4677,1.0,0.0,2.06,0.5859,1.0,0.0,2.32,0.6833,1.0,0.0,5.08,0.8041,1.0,0.0,5.98,0.3188,1.08,0.274,2.66,0.6263,1.52,0.6141,5.14,0.9691
garbagedump4_midj.jpg,1.08,0.274,3.76,1.0012,1.22,0.4647,1.04,0.1979,1.04,0.1979,6.04,0.4499,1.0,0.0,2.66,0.6263,1.0,0.0,2.16,0.6809,1.0,0.0,5.7,0.5051,1.0,0.0,6.34,0.4785,1.0,0.0,3.18,0.8734,1.26,0.487,5.68,0.7126
h038_midj.jpg,1.0,0.0,1.22,0.4647,1.44,0.6749,2.02,0.8687,1.34,0.6263,5.56,0.7329,1.04,0.1979,3.6,1.0102,1.0,0.0,2.2,0.8081,1.08,0.274,5.88,0.4352,1.06,0.2399,6.0,0.3499,1.6,0.6999,2.92,0.8999,1.58,0.7309,5.04,0.9681
landscapes_026_h_midj.jpg,1.0,0.0,2.88,0.8241,1.14,0.4046,1.0,0.0,1.0,0.0,5.84,0.4677,1.0,0.0,2.24,0.6247,1.0,0.0,2.16,0.7384,1.0,0.0,5.0,0.8806,1.0,0.0,5.96,0.3476,1.04,0.1979,2.76,0.6565,1.38,0.6354,5.3,0.7354
landscapes_139_h_midj.jpg,1.08,0.274,3.04,0.9026,1.38,0.6354,1.0,0.0,1.6,0.7559,5.98,0.3774,1.0,0.0,1.94,0.6518,1.0,0.0,2.16,0.6809,1.0,0.0,4.74,0.8283,1.0,0.0,6.08,0.4445,1.0,0.0,3.14,0.9478,1.4,0.6389,5.1,0.8864
landscapes_139_h_midj_af.jpg,1.38,0.6354,3.12,0.9179,1.58,0.7309,1.22,0.4185,1.38,0.6667,5.54,0.6764,1.1,0.303,1.72,0.701,1.0,0.0,2.76,0.6869,1.0,0.0,4.7,0.789,1.08,0.274,5.88,0.4352,1.46,0.5425,2.78,0.6481,2.04,0.6688,4.54,0.9733
landscapes_139_h_midj_as.jpg,1.72,0.7296,1.78,0.7365,2.08,0.6652,2.12,0.6893,2.08,0.8769,4.36,0.8981,1.26,0.4431,1.38,0.6024,1.2,0.4041,3.0,0.8081,1.22,0.4647,3.82,0.8734,2.1,0.4629,4.56,0.7045,2.1,0.544,2.62,0.5303,2.32,0.5511,3.9,0.9313
landscapes_139_h_midj_euna.jpg,1.08,0.274,3.04,0.9026,1.38,0.6354,1.0,0.0,1.6,0.7559,5.98,0.3774,1.0,0.0,1.94,0.6518,1.0,0.0,2.16,0.6809,1.0,0.0,4.74,0.8283,1.0,0.0,6.08,0.4445,1.0,0.0,3.14,0.9478,1.4,0.6389,5.1,0.8864
landscapes_139_h_midj_sa.jpg,1.0,0.0,3.38,0.8545,1.22,0.4647,1.08,0.274,1.0,0.0,5.98,0.3774,1.04,0.1979,2.36,0.5253,1.0,0.0,2.12,0.6273,1.0,0.0,5.84,0.4677,1.0,0.0,6.04,0.1979,1.08,0.274,2.74,0.6642,1.6,0.6999,5.5,0.7354
people_127_h_midj.jpg,1.6,0.7559,5.62,0.7796,1.1,0.303,1.0,0.0,1.44,0.7045,2.84,1.1314,2.88,0.9398,4.88,1.0999,1.0,0.0,1.98,0.8449,1.0,0.0,1.72,0.701,1.0,0.0,5.84,0.4677,1.0,0.0,5.18,0.8497,1.44,0.7045,4.82,1.1899
picture3_midj.jpg,1.56,0.7045,5.22,0.6788,2.28,0.6713,1.0,0.0,1.38,0.6667,1.96,0.6047,1.44,0.5771,3.04,0.9026,1.0,0.0,2.32,0.6833,1.7,0.7071,2.08,0.5284,1.42,0.5379,5.62,0.4903,1.04,0.1979,5.26,0.6328,2.4,0.6701,4.5,0.9949
2340_midj.jpg,5.7,0.6145,1.0,0.0,6.14,0.3505,2.16,0.7384,2.42,0.7848,1.0,0.0,4.62,0.8781,1.0,0.0,6.06,0.2399,2.62,0.5303,6.08,0.4445,1.04,0.1979,6.42,0.4986,1.0,0.0,3.12,0.799,5.2,0.7559,5.96,0.3476,1.1,0.303
2340_midj_af.jpg,3.54,0.9304,1.0,0.0,6.14,0.3505,2.12,0.7183,2.54,0.9082,1.0,0.0,2.7,0.5803,1.0,0.0,6.0,0.2857,2.52,0.5436,6.14,0.3505,1.1,0.303,6.3,0.4629,1.0,0.0,4.6,1.0302,3.9,0.8631,5.9,0.4165,1.24,0.4764
2340_midj_as.jpg,5.96,0.3476,1.0,0.0,6.32,0.4712,2.34,0.7174,2.76,0.9381,1.0,0.0,5.1,0.9313,1.0,0.0,6.14,0.3505,2.24,0.6565,6.2,0.4041,1.0,0.0,6.44,0.5014,1.0,0.0,2.62,0.5303,5.7,0.6145,5.98,0.3774,1.2,0.4041
2340_midj_euna.jpg,5.7,0.6145,1.0,0.0,6.14,0.3505,2.16,0.7384,2.42,0.7848,1.0,0.0,4.62,0.8781,1.0,0.0,6.06,0.2399,2.62,0.5303,6.08,0.4445,1.04,0.1979,6.42,0.4986,1.0,0.0,3.12,0.799,5.2,0.7559,5.96,0.3476,1.1,0.303
2340_midj_sa.jpg,5.94,0.3731,1.0,0.0,6.42,0.4986,2.12,0.7183,2.42,0.7848,1.0,0.0,5.0,0.9035,1.0,0.0,6.14,0.3505,2.48,0.5436,6.26,0.4431,1.0,0.0,6.7,0.4629,1.0,0.0,2.72,0.5729,5.44,0.7045,5.98,0.3774,1.1,0.303
2398_midj.jpg,5.0,1.0302,1.0,0.0,5.44,0.7045,1.42,0.5746,2.86,0.8332,1.04,0.1979,5.22,0.6788,1.04,0.1979,5.94,0.2399,3.06,0.6197,2.56,0.9723,1.06,0.2399,6.04,0.1979,1.04,0.1979,3.5,0.8631,5.24,0.744,5.56,0.6115,1.68,0.7677
2560_midj.jpg,2.86,0.8084,1.04,0.1979,5.98,0.3188,3.1,0.9091,4.4,1.069,1.04,0.1979,3.3,0.7354,1.0,0.0,5.96,0.2828,3.48,0.7351,5.88,0.4352,1.58,0.5379,6.06,0.2399,1.1,0.303,5.88,0.3854,3.92,0.7516,5.6,0.6061,1.66,0.7453
2580_midj.jpg,2.62,0.5303,1.38,0.5303,2.94,0.8184,1.6,0.6999,2.12,0.773,1.04,0.1979,2.4,0.4949,1.0,0.0,2.24,0.4314,3.66,0.7722,1.52,0.6773,2.18,0.3881,4.98,0.769,2.02,0.5529,5.36,0.6627,3.04,0.4499,3.86,0.8809,2.12,0.773
attachment_love_new_2_midj_af.jpg,2.86,0.8084,1.0,0.0,6.06,0.2399,3.18,0.9409,3.48,1.0925,1.0,0.0,2.12,0.5584,1.0,0.0,5.92,0.274,3.26,0.8526,6.06,0.2399,1.58,0.5379,6.06,0.2399,1.06,0.2399,5.94,0.3136,3.38,0.7796,5.84,0.4219,1.58,0.7309
attachment_love_new_2_midj_as.jpg,3.24,0.8935,1.0,0.0,6.06,0.2399,3.0,0.9035,2.74,0.8283,1.0,0.0,2.62,0.5303,1.0,0.0,5.9,0.303,3.22,0.8154,6.02,0.3188,1.28,0.4536,6.2,0.4041,1.0,0.0,5.96,0.3476,3.18,0.6289,5.88,0.4352,1.36,0.6312
attachment_love_new_2_midj_euna.jpg,2.4,0.6701,1.0,0.0,6.06,0.2399,3.18,0.9409,3.08,0.9223,1.0,0.0,2.48,0.5436,1.0,0.0,5.72,0.4536,2.72,0.6074,6.14,0.3505,1.58,0.5379,6.22,0.4185,1.06,0.2399,5.96,0.3476,3.28,0.757,5.74,0.6328,1.2,0.4041
attachment_love_new_2_midj_sa.jpg,2.44,0.644,1.0,0.0,6.06,0.2399,3.36,0.8981,2.88,0.8241,1.04,0.1979,2.36,0.5253,1.0,0.0,5.08,0.8041,3.4,0.7825,6.04,0.2828,1.98,0.4734,6.06,0.2399,1.06,0.2399,5.96,0.3476,3.06,0.6197,5.7,0.6145,1.5,0.6776
attachment_love_new_3_midj_af.jpg,3.6,1.1952,1.0,0.0,6.14,0.3505,2.7,0.8631,3.06,1.0956,1.0,0.0,5.3,0.789,1.0,0.0,6.06,0.2399,2.36,0.6627,6.02,0.3188,1.06,0.2399,6.42,0.4986,1.0,0.0,4.06,1.0768,5.36,0.7494,5.96,0.3476,1.22,0.4647
attachment_love_new_3_midj_as.jpg,3.7,1.1995,1.0,0.0,6.06,0.2399,2.82,0.7743,2.8,0.9035,1.0,0.0,3.54,0.8381,1.0,0.0,6.04,0.1979,2.84,0.7656,5.98,0.3774,1.06,0.2399,6.36,0.4849,1.0,0.0,5.94,0.3731,3.7,0.789,5.96,0.3476,1.38,0.6354
attachment_love_new_3_midj_euna.jpg,3.24,1.0214,1.0,0.0,6.42,0.4986,1.96,0.6376,2.7,0.953,1.0,0.0,3.48,0.8628,1.0,0.0,6.14,0.3505,2.44,0.5771,6.3,0.4629,1.04,0.1979,6.8,0.4041,1.0,0.0,4.5,1.0546,4.54,0.9941,5.96,0.402,1.1,0.303
attachment_love_new_3_midj_sa.jpg,2.62,0.753,1.0,0.0,6.32,0.4712,3.06,0.8901,2.74,0.8283,1.0,0.0,3.94,0.9127,1.0,0.0,6.04,0.1979,2.72,0.6074,6.04,0.4499,1.22,0.4185,6.7,0.4629,1.0,0.0,5.6,0.6701,3.58,0.7848,5.78,0.6158,1.28,0.536
attachment_love_new_8_midj_af.jpg,2.14,0.7562,1.0,0.0,6.0,0.2857,3.92,1.1578,3.24,1.0214,1.04,0.1979,3.36,0.802,1.0,0.0,5.66,0.5928,3.36,0.802,6.0,0.3499,2.14,0.3505,6.06,0.2399,1.22,0.4185,5.96,0.3476,3.56,0.8122,5.64,0.6312,1.78,0.7365
attachment_love_new_8_midj_as.jpg,2.38,0.8545,1.0,0.0,6.04,0.1979,3.94,1.2022,3.72,1.2129,1.0,0.0,3.32,0.7939,1.0,0.0,6.04,0.1979,3.16,0.9116,6.06,0.2399,1.48,0.5047,6.26,0.4431,1.0,0.0,6.04,0.1979,3.56,0.8122,5.96,0.3476,1.38,0.6354
attachment_love_new_8_midj_euna.jpg,3.18,0.9409,1.0,0.0,6.14,0.3505,3.36,0.9638,2.8,0.9035,1.0,0.0,4.44,1.0134,1.0,0.0,6.06,0.2399,2.72,0.5729,6.26,0.4431,1.1,0.303,6.6,0.4949,1.0,0.0,5.96,0.3476,4.7,0.8864,5.96,0.3476,1.22,0.4647
attachment_love_new_8_midj_sa.jpg,3.42,1.0319,1.0,0.0,6.04,0.1979,2.46,0.6131,3.16,0.9337,1.0,0.0,4.48,0.9528,1.0,0.0,6.04,0.1979,2.74,0.5997,5.98,0.3188,1.06,0.2399,6.2,0.4041,1.0,0.0,5.14,0.7827,4.42,0.7848,5.96,0.3476,1.22,0.4185
attachmentlove_new_1.jpg,4.66,1.1713,1.0,0.0,6.14,0.3505,1.82,0.7197,4.24,1.1528,1.0,0.0,4.36,1.0451,1.0,0.0,6.06,0.2399,2.48,0.5436,5.98,0.3774,1.0,0.0,6.44,0.5014,1.0,0.0,4.2,1.0498,5.24,0.744,5.96,0.3476,1.24,0.4764
attachmentlove_new_10.jpg,1.04,0.1979,1.0,0.0,6.02,0.3188,5.96,0.3476,3.18,1.024,1.0,0.0,2.96,0.8562,1.0,0.0,5.96,0.3476,2.34,0.7174,5.14,1.2456,1.92,0.4445,6.44,0.5014,1.04,0.1979,6.0,0.3499,3.46,0.9941,5.66,0.7174,1.66,0.7982
attachmentlove_new_12.jpg,1.04,0.1979,1.0,0.0,6.06,0.2399,2.16,0.6809,3.36,1.0835,1.0,0.0,2.1,0.544,1.0,0.0,2.44,0.5406,2.82,0.7743,5.86,0.6064,2.14,0.4522,6.04,0.1979,1.26,0.4431,5.0,0.9035,4.32,1.0583,5.6,0.6999,1.92,0.8291
attachmentlove_new_2.jpg,2.4,0.6701,1.0,0.0,6.06,0.2399,3.18,0.9409,3.08,0.9223,1.0,0.0,2.48,0.5436,1.0,0.0,5.72,0.4536,2.72,0.6074,6.14,0.3505,1.58,0.5379,6.2,0.4041,1.06,0.2399,5.96,0.3476,3.2,0.6701,5.74,0.6328,1.22,0.4647
attachmentlove_new_3.jpg,3.24,1.0214,1.0,0.0,6.42,0.4986,1.94,0.6518,2.72,0.9485,1.0,0.0,3.48,0.8628,1.0,0.0,6.14,0.3505,2.48,0.5436,6.3,0.4629,1.04,0.1979,6.8,0.4041,1.0,0.0,4.5,1.0546,4.54,0.9941,5.96,0.402,1.1,0.303
attachmentlove_new_5.jpg,1.04,0.1979,1.08,0.274,6.26,0.4431,1.8,0.6999,2.46,0.8855,1.0,0.0,1.34,0.4785,1.04,0.1979,2.36,0.598,2.82,0.7743,6.08,0.4445,2.14,0.4522,6.14,0.3505,1.26,0.4431,3.26,0.9216,3.56,0.8122,4.9,1.4033,1.24,0.4314
attachmentlove_new_7.jpg,4.24,1.0797,1.0,0.0,6.26,0.4431,2.28,0.6713,3.6,1.0102,1.0,0.0,4.58,0.7848,1.0,0.0,6.06,0.2399,2.52,0.5436,6.16,0.5095,1.06,0.2399,6.76,0.4314,1.0,0.0,3.7,0.953,5.02,0.8204,5.98,0.3774,1.22,0.4647
attachmentlove_new_8.jpg,3.18,0.9409,1.0,0.0,6.14,0.3505,3.36,0.9638,2.8,0.9035,1.0,0.0,4.44,1.0134,1.0,0.0,6.06,0.2399,2.72,0.5729,6.26,0.4431,1.1,0.303,6.6,0.4949,1.0,0.0,5.96,0.3476,4.74,0.8526,5.96,0.3476,1.22,0.4647
attachmentlove_new_9.jpg,1.08,0.274,1.0,0.0,5.9,0.4165,3.42,0.8352,2.72,0.8091,1.0,0.0,1.74,0.487,1.0,0.0,3.48,0.7068,3.3,0.7354,5.78,0.6158,2.18,0.3881,6.04,0.1979,1.18,0.3881,6.06,0.2399,2.62,0.5303,3.34,0.8947,1.78,0.7365
maps134_midj.jpg,3.94,1.0577,1.0,0.0,6.06,0.2399,2.32,0.6833,2.32,0.6833,1.0,0.0,4.98,0.8449,1.0,0.0,6.04,0.1979,2.72,0.5729,5.98,0.3774,1.0,0.0,6.42,0.4986,1.0,0.0,3.26,0.8526,5.44,0.7045,5.9,0.4165,1.1,0.303
maps138_midj.jpg,3.02,0.8449,1.06,0.2399,4.74,0.8526,2.02,0.6224,2.06,0.8668,1.04,0.1979,3.46,0.706,1.24,0.4314,5.46,0.6764,3.32,0.7126,3.88,1.1542,1.2,0.4041,5.96,0.2828,1.22,0.4185,3.94,0.9127,3.92,0.6952,5.5,0.6468,1.62,0.7253
maps158_midj.jpg,3.36,0.8981,1.0,0.0,6.14,0.3505,2.28,0.6713,2.84,0.8889,1.0,0.0,5.34,0.7453,1.0,0.0,6.06,0.2399,2.48,0.5799,5.88,0.5584,1.06,0.2399,6.44,0.5014,1.0,0.0,2.44,0.5771,5.6,0.6061,5.96,0.3476,1.24,0.4314
maps158_midj_af.jpg,2.8,0.9035,1.04,0.1979,6.04,0.1979,2.52,0.9311,3.24,1.0214,1.0,0.0,4.06,1.0768,1.0,0.0,5.92,0.274,2.8,0.7559,5.82,0.5956,1.2,0.4041,6.04,0.1979,1.06,0.2399,2.88,0.8241,5.0,0.9035,5.9,0.4165,1.38,0.6354
maps158_midj_as.jpg,1.8,0.7825,1.0,0.0,6.04,0.1979,3.36,0.8981,3.18,0.9409,1.0,0.0,3.98,0.9145,1.0,0.0,5.48,0.6773,2.8,0.6999,5.7,0.7071,1.74,0.487,6.06,0.2399,1.22,0.4185,4.64,1.0254,4.62,0.8781,5.74,0.6328,2.12,0.773
maps158_midj_euna.jpg,3.36,0.8981,1.0,0.0,6.14,0.3505,2.28,0.6713,2.84,0.8889,1.0,0.0,5.34,0.7453,1.0,0.0,6.06,0.2399,2.48,0.5799,5.88,0.5584,1.06,0.2399,6.44,0.5014,1.0,0.0,2.44,0.5771,5.6,0.6061,5.96,0.3476,1.24,0.4314
maps158_midj_sa.jpg,1.22,0.4647,1.04,0.1979,5.98,0.3188,2.28,0.6713,3.82,1.1551,1.0,0.0,3.26,0.7775,1.04,0.1979,2.44,0.5406,2.78,0.6788,5.4,0.7825,2.14,0.4522,5.98,0.3188,1.52,0.5436,3.8,0.9035,4.76,0.8466,5.48,0.7351,2.14,0.7562
maps236_midj.jpg,4.02,1.02,1.22,0.4185,4.56,0.951,2.74,0.7775,2.32,0.9781,1.22,0.4185,2.8,0.6701,1.26,0.4431,5.56,0.6115,3.52,0.7624,3.48,1.0925,1.62,0.5303,5.9,0.303,1.96,0.4932,4.4,0.9689,4.04,0.7814,5.46,0.6764,2.16,0.7384
picture197_mid.jpg,6.06,0.2399,1.0,0.0,4.6,1.3401,1.04,0.1979,2.42,0.9055,1.0,0.0,6.04,0.1979,1.0,0.0,6.44,0.5014,2.08,0.7516,1.38,0.6354,1.0,0.0,6.76,0.4314,1.0,0.0,1.0,0.0,6.06,0.2399,5.98,0.3774,1.1,0.303
posmidsoc_3_midj.jpg,4.1,0.9742,1.04,0.1979,5.96,0.3476,2.12,0.7183,2.24,0.7709,1.08,0.274,3.46,0.706,1.0,0.0,5.86,0.3505,3.34,0.6884,5.9,0.4165,1.62,0.5303,6.06,0.2399,1.1,0.303,4.72,0.8581,3.96,0.6987,5.6,0.6389,1.44,0.6749
wedding4_midj.jpg,1.92,0.8533,1.0,0.0,5.94,0.3731,4.54,1.0539,4.46,1.3433,1.0,0.0,4.24,1.0797,1.0,0.0,6.02,0.2466,2.78,0.7083,5.1,1.2164,1.04,0.1979,6.42,0.4986,1.0,0.0,5.96,0.3476,3.38,0.7796,5.9,0.4165,1.38,0.6354
awe_new_1.jpg,1.08,0.274,1.0,0.0,5.5,0.7354,6.04,0.1979,3.08,0.9223,1.0,0.0,2.62,0.5303,1.24,0.4314,5.34,0.7453,3.18,0.6908,5.18,1.2237,1.88,0.4352,6.14,0.3505,1.04,0.1979,6.14,0.3505,3.38,0.7796,5.48,0.7351,2.24,0.6869
awe_new_1_midj_af.jpg,1.54,0.7616,1.0,0.0,5.34,0.8478,6.04,0.1979,2.84,0.9337,1.0,0.0,4.06,0.9775,1.0,0.0,5.94,0.3136,3.38,0.7796,3.68,1.2688,1.42,0.4986,6.14,0.3505,1.0,0.0,6.06,0.2399,4.74,0.8526,5.7,0.6145,2.14,0.7562
awe_new_1_midj_as.jpg,1.14,0.4046,1.0,0.0,5.54,0.7343,6.04,0.1979,3.42,1.1445,1.0,0.0,2.76,0.6565,1.04,0.1979,5.78,0.4185,3.5,0.8631,4.96,1.261,1.8,0.4518,6.06,0.2399,1.0,0.0,6.14,0.3505,3.34,0.7722,5.52,0.7068,2.14,0.7562
awe_new_1_midj_euna.jpg,1.08,0.274,1.0,0.0,5.5,0.7354,6.04,0.1979,3.08,0.9223,1.0,0.0,2.62,0.5303,1.24,0.4314,5.34,0.7453,3.18,0.6908,5.18,1.2237,1.86,0.4046,6.14,0.3505,1.04,0.1979,6.14,0.3505,3.38,0.7796,5.48,0.7351,2.24,0.6869
awe_new_1_midj_sa.jpg,1.08,0.274,1.0,0.0,5.0,0.9035,6.02,0.1414,3.3,1.0738,1.0,0.0,2.48,0.5436,1.2,0.4041,4.18,1.0039,3.64,0.802,4.54,1.2969,2.08,0.4445,6.04,0.1979,1.08,0.274,6.06,0.2399,3.3,0.7626,4.82,1.0631,2.46,0.8855
awe_new_2.jpg,1.04,0.1979,1.0,0.0,3.48,1.015,6.14,0.3505,2.68,0.9355,1.0,0.0,3.28,0.8816,1.04,0.1979,2.68,0.7126,3.16,0.9116,1.98,0.8687,2.0,0.4949,6.04,0.1979,1.1,0.303,6.44,0.5014,2.74,0.6642,2.98,0.8687,1.98,0.8449
awe_new_3.jpg,1.04,0.1979,1.0,0.0,2.32,0.6833,6.14,0.3505,1.78,0.8154,1.0,0.0,5.18,0.8734,1.96,0.6047,2.28,0.6713,3.36,0.802,1.14,0.4046,1.34,0.4785,6.04,0.1979,1.2,0.4041,6.02,0.3188,5.28,0.8581,3.98,1.1337,2.32,0.8192
awe_new_4.jpg,1.6,0.7559,1.0,0.0,2.44,0.5771,5.96,0.3476,1.66,0.7982,1.2,0.4041,2.48,0.5436,2.08,0.5284,2.3,0.4629,3.56,0.8122,1.2,0.4041,2.62,0.5303,3.96,0.8562,2.4,0.4949,6.26,0.4431,2.9,0.6468,2.78,0.7365,2.52,0.8389
awe_new_5.jpg,1.08,0.274,1.0,0.0,4.68,1.2027,6.04,0.1979,2.8,0.9035,1.0,0.0,2.1,0.544,1.04,0.1979,5.7,0.6145,3.48,0.8628,3.52,1.4879,1.48,0.5047,6.14,0.3505,1.0,0.0,6.42,0.4986,2.8,0.5345,4.82,1.1551,2.1,0.7626
awe_new_6.jpg,2.44,0.9293,1.04,0.1979,4.5,1.0546,5.9,0.303,2.86,0.8332,1.0,0.0,5.18,0.7475,1.06,0.2399,5.2,0.7559,3.4,0.7825,2.2,0.9035,1.94,0.4699,6.04,0.1979,1.06,0.2399,5.84,0.4219,4.44,0.7866,5.66,0.4785,2.12,0.773
awe_new_7.jpg,1.62,0.8053,1.0,0.0,5.28,0.8581,6.06,0.2399,2.86,0.8574,1.0,0.0,3.68,0.8192,1.0,0.0,5.8,0.4518,3.32,0.7939,2.64,1.0254,1.62,0.5303,6.42,0.4986,1.0,0.0,6.44,0.5014,3.44,0.8122,5.68,0.6528,1.72,0.7296
awe_new_8.jpg,1.0,0.0,1.0,0.0,3.12,0.9179,6.06,0.2399,2.58,0.9708,1.0,0.0,3.88,0.9613,2.18,0.5956,2.78,0.6788,2.84,0.7656,1.46,0.6455,2.12,0.4798,6.06,0.2399,1.12,0.3283,5.94,0.3731,4.4,0.9689,3.32,0.8908,2.3,0.8391
awe_new_8_midj_af.jpg,1.14,0.4046,1.0,0.0,4.42,1.1968,6.06,0.2399,3.12,1.0812,1.0,0.0,4.14,1.0104,1.54,0.5789,5.9,0.4165,2.86,0.7001,2.76,1.1877,1.48,0.5047,6.44,0.5014,1.0,0.0,6.26,0.4431,4.62,1.0079,5.42,0.9708,2.04,0.7548
awe_new_8_midj_as.jpg,1.14,0.4046,1.0,0.0,4.9,1.165,6.14,0.3505,3.24,1.0214,1.0,0.0,4.5,1.0546,1.28,0.4536,5.46,0.706,3.02,0.8449,3.08,1.2911,1.58,0.5379,6.36,0.4849,1.0,0.0,6.26,0.4431,5.34,0.7453,5.5,0.7354,2.18,0.7743
awe_new_8_midj_euna.jpg,1.0,0.0,1.0,0.0,3.12,0.9179,6.06,0.2399,2.58,0.9708,1.0,0.0,3.88,0.9613,2.18,0.5956,2.78,0.6788,2.84,0.7656,1.46,0.6455,2.12,0.4798,6.06,0.2399,1.1,0.303,5.94,0.3731,4.4,0.9689,3.34,0.8947,2.3,0.8391
awe_new_8_midj_sa.jpg,1.14,0.4046,1.0,0.0,3.9,1.1824,6.04,0.1979,2.94,1.0956,1.0,0.0,5.34,0.7453,1.58,0.6091,4.8,1.069,2.98,0.7951,1.98,0.8449,1.86,0.4046,6.06,0.2399,1.1,0.303,6.0,0.3499,5.56,0.6749,5.5,0.7354,2.3,0.8391
lake12_midj.jpg,1.1,0.303,1.0,0.0,5.26,1.0654,6.06,0.2399,3.7,1.4033,1.0,0.0,3.46,0.8855,1.0,0.0,5.96,0.3476,3.12,0.8722,3.58,1.5919,1.24,0.4314,6.5,0.5051,1.0,0.0,6.44,0.5014,3.56,0.8122,5.82,0.5956,1.8,0.7825
lake2_midj.jpg,1.26,0.5272,1.0,0.0,5.32,0.957,5.94,0.3731,3.68,1.2526,1.0,0.0,2.02,0.5529,1.0,0.0,5.96,0.3476,3.4,0.7825,4.18,1.4665,1.26,0.4431,6.42,0.4986,1.0,0.0,6.42,0.4986,3.34,0.7722,5.74,0.6328,1.8,0.7825
landscapes_121_h_midj.jpg,2.22,1.0554,1.0,0.0,4.86,1.125,5.9,0.4165,3.96,1.3087,1.0,0.0,2.76,0.6565,1.04,0.1979,5.96,0.3476,3.26,0.8526,2.74,1.1747,1.36,0.4849,6.44,0.5014,1.0,0.0,6.44,0.5014,3.28,0.757,5.74,0.6328,1.98,0.8449
landscapes_140_v_midj.jpg,1.78,0.8154,1.0,0.0,5.5,0.7354,5.92,0.274,4.5,1.3439,1.0,0.0,3.42,0.8352,1.08,0.274,5.94,0.3136,3.32,0.7939,3.86,1.3704,1.38,0.4903,6.22,0.4185,1.0,0.0,6.04,0.1979,4.54,0.8134,5.88,0.4352,2.24,0.8704
landscapes_154_h_midj.jpg,1.06,0.2399,1.0,0.0,3.28,0.8816,5.98,0.3188,2.54,0.9082,1.0,0.0,2.8,0.6701,1.04,0.1979,4.44,1.0134,3.38,0.7796,2.22,0.8873,1.76,0.4764,6.04,0.1979,1.1,0.303,6.02,0.3188,3.56,0.7866,4.36,1.0835,2.02,0.8449
landscapes_180_h_midj.jpg,1.66,0.7982,1.0,0.0,5.42,1.0708,5.64,0.6312,3.94,1.3311,1.0,0.0,2.82,0.7475,1.04,0.1979,5.96,0.3476,3.02,0.8449,2.96,1.3395,1.2,0.4041,6.44,0.5014,1.0,0.0,6.32,0.4712,3.9,0.9313,5.98,0.3774,1.86,0.7827
p045_midj.jpg,1.08,0.274,1.0,0.0,2.68,0.8437,6.04,0.1979,1.98,0.8449,1.0,0.0,3.28,0.8816,1.94,0.6197,2.12,0.5584,3.4,0.7825,1.28,0.536,2.12,0.4798,5.48,0.6773,1.86,0.5718,5.98,0.3774,4.1,0.9742,3.04,0.9026,2.58,0.9916
p067_midj.jpg,1.62,0.8053,1.0,0.0,5.74,0.6328,5.94,0.3136,3.5,1.1112,1.0,0.0,2.44,0.5771,1.0,0.0,5.96,0.2828,3.38,0.8053,4.26,1.482,1.92,0.4445,6.14,0.3505,1.0,0.0,6.26,0.4431,3.34,0.7722,5.64,0.6928,1.92,0.8533
p070_midj.jpg,1.66,0.7982,1.0,0.0,4.78,1.1657,6.04,0.1979,3.56,1.1634,1.0,0.0,4.52,1.015,1.72,0.6402,5.92,0.3405,2.86,0.7001,3.64,1.3211,1.28,0.4536,6.06,0.2399,1.0,0.0,5.98,0.3188,5.46,0.6764,5.6,0.6701,1.86,0.7827
p070_midj_af.jpg,1.44,0.7045,1.0,0.0,4.96,1.1421,6.04,0.1979,3.3,1.0738,1.0,0.0,3.48,0.8628,1.06,0.2399,5.96,0.3476,2.96,0.7548,3.76,1.3486,1.36,0.4849,6.42,0.4986,1.0,0.0,6.2,0.4041,4.1,0.9742,5.74,0.6328,1.8,0.7825
p070_midj_as.jpg,1.38,0.6667,1.0,0.0,5.78,0.6158,6.06,0.2399,3.72,1.2623,1.0,0.0,3.2,0.8806,1.04,0.1979,5.96,0.3476,3.02,0.8449,4.26,1.3524,1.92,0.4445,6.42,0.4986,1.0,0.0,6.42,0.4986,3.8,0.9035,5.52,0.7068,1.98,0.8449
p070_midj_euna.jpg,1.66,0.7982,1.0,0.0,4.78,1.1657,6.04,0.1979,3.68,1.2526,1.0,0.0,4.52,1.015,1.72,0.6402,5.92,0.3405,2.86,0.7001,3.64,1.3211,1.28,0.4536,6.06,0.2399,1.0,0.0,5.98,0.3188,5.46,0.6764,5.6,0.6701,1.86,0.7827
p070_midj_sa.jpg,1.4,0.6701,1.0,0.0,3.16,0.9337,6.04,0.1979,2.6,0.9897,1.0,0.0,5.42,0.6728,2.4,0.4949,3.0,0.7284,2.8,0.6701,1.4,0.6389,2.0,0.4949,6.0,0.2857,1.44,0.5771,2.3,0.4629,5.46,0.6764,3.62,0.9875,2.28,0.6713
p092_midj.jpg,1.66,0.7982,1.0,0.0,5.16,0.9765,5.94,0.3136,3.42,1.0319,1.0,0.0,4.1,0.9742,1.24,0.4314,5.94,0.3136,3.3,0.7354,3.52,1.4879,1.58,0.5379,6.22,0.4185,1.0,0.0,5.98,0.3188,4.62,0.8781,5.64,0.6312,2.06,0.7398
p092_midj_af.jpg,2.04,0.9026,1.0,0.0,4.96,1.1421,5.94,0.3136,3.5,1.1112,1.0,0.0,4.94,0.8901,1.04,0.1979,5.98,0.3188,3.14,0.8084,3.74,1.4115,1.28,0.4536,6.36,0.4849,1.0,0.0,5.96,0.3476,4.58,0.8593,5.88,0.4352,1.8,0.7825
p092_midj_as.jpg,2.08,0.8999,1.0,0.0,5.34,0.8478,5.82,0.3881,3.44,1.0529,1.0,0.0,4.94,0.8901,1.0,0.0,5.96,0.3476,2.9,0.7626,3.96,1.3991,1.54,0.5035,6.2,0.4041,1.0,0.0,5.84,0.4219,4.48,0.9528,5.8,0.4518,1.86,0.7827
p092_midj_euna.jpg,1.66,0.7982,1.0,0.0,4.5,1.0546,5.86,0.3505,2.88,0.8241,1.04,0.1979,3.44,0.8122,1.54,0.5789,5.14,0.7562,3.34,0.6884,3.14,1.1068,2.0,0.4949,6.04,0.1979,1.2,0.4041,5.96,0.3476,3.78,0.79,4.94,0.8901,2.24,0.6869
p092_midj_sa.jpg,1.38,0.6667,1.0,0.0,5.82,0.5956,6.04,0.1979,3.48,1.1993,1.0,0.0,5.08,1.066,1.04,0.1979,6.04,0.1979,3.26,0.8526,4.6,1.5779,1.26,0.4431,6.44,0.5014,1.0,0.0,6.24,0.4314,4.76,1.0606,5.96,0.3476,1.62,0.753
poshighnonsoc_14_midj.jpg,1.3,0.5803,1.0,0.0,4.64,1.2249,6.06,0.2399,3.34,1.1178,1.0,0.0,4.14,1.0692,2.02,0.5529,3.4,0.8571,3.04,0.8562,2.76,1.1877,2.18,0.3881,6.04,0.1979,1.28,0.4536,6.04,0.2828,4.14,1.0104,4.78,1.1657,2.46,0.8855
poshighnonsoc_14_midj_af.jpg,1.66,0.7982,1.0,0.0,4.78,1.1657,6.06,0.2399,3.28,1.0506,1.0,0.0,4.18,1.0631,1.44,0.5771,5.94,0.3731,3.22,0.8154,2.78,1.2002,1.62,0.5303,6.42,0.4986,1.0,0.0,6.3,0.4629,3.94,0.9127,5.58,0.7584,1.92,0.8291
poshighnonsoc_14_midj_as.jpg,1.44,0.7045,1.0,0.0,5.58,0.7584,6.06,0.2399,3.82,1.3045,1.0,0.0,3.46,0.8855,1.22,0.4185,5.46,0.706,3.16,0.9116,4.26,1.482,1.96,0.4499,6.3,0.4629,1.0,0.0,6.26,0.4431,3.9,0.8631,5.02,1.1516,2.16,0.7384
poshighnonsoc_14_midj_euna.jpg,1.34,0.6263,1.0,0.0,4.68,1.2027,6.06,0.2399,3.34,1.1178,1.0,0.0,4.14,1.0692,2.02,0.5529,3.4,0.8571,3.02,0.8449,2.74,1.1747,2.18,0.3881,6.04,0.1979,1.28,0.4536,6.06,0.2399,4.14,1.0104,4.78,1.1657,2.46,0.8855
poshighnonsoc_14_midj_sa.jpg,1.66,0.7982,1.0,0.0,5.06,1.1851,6.2,0.4041,3.56,1.3273,1.0,0.0,5.5,0.7354,1.26,0.4431,5.96,0.3476,2.84,0.7656,3.24,1.5722,1.28,0.4536,6.44,0.5014,1.0,0.0,6.36,0.4849,5.48,0.7351,5.82,0.5956,1.8,0.7825
poshighnonsoc_7_midj.jpg,2.66,0.9817,1.0,0.0,5.9,0.4165,6.0,0.2857,4.1,1.233,1.0,0.0,4.36,0.9424,1.0,0.0,5.98,0.3188,2.76,0.6869,4.14,1.4144,1.96,0.4932,6.3,0.4629,1.0,0.0,6.04,0.2828,3.9,0.8631,5.84,0.4677,1.86,0.8332
0147_midj.jpg,1.44,0.7045,1.0,0.0,4.12,1.2061,1.32,0.5511,5.52,0.7068,1.0,0.0,2.9,0.8631,1.0,0.0,5.82,0.3881,2.76,0.6869,3.18,1.2567,1.04,0.1979,6.14,0.3505,1.0,0.0,2.76,0.6869,3.48,0.8628,5.9,0.4165,1.36,0.6312
0325_midj.jpg,1.68,0.7677,1.0,0.0,4.26,1.4957,1.2,0.4041,5.92,0.6652,1.0,0.0,3.06,0.9348,1.0,0.0,5.06,1.1851,2.46,0.8621,2.0,1.1365,1.0,0.0,6.58,0.4986,1.0,0.0,2.48,0.5436,2.8,0.7559,6.04,0.4499,1.08,0.274
7330_midj.jpg,2.64,1.0254,1.0,0.0,4.4,1.1952,1.56,0.7045,5.96,0.3476,1.0,0.0,4.24,1.0797,1.0,0.0,5.96,0.3476,2.28,0.6713,1.54,0.7616,1.0,0.0,6.32,0.4712,1.0,0.0,1.84,0.5841,4.8,1.069,5.96,0.3476,1.1,0.303
7405_midj.jpg,2.18,0.7743,1.0,0.0,4.9,1.165,1.4,0.6389,5.94,0.3731,1.0,0.0,3.16,0.9116,1.0,0.0,5.88,0.3854,3.34,0.8478,4.02,1.3923,1.06,0.2399,6.26,0.4431,1.0,0.0,4.06,1.0768,3.22,0.7365,5.88,0.4352,1.36,0.6312
7405_midj_af.jpg,2.12,0.773,1.0,0.0,5.34,0.8478,1.66,0.6884,5.9,0.4165,1.2,0.4041,2.8,0.7559,1.0,0.0,5.46,0.706,3.38,0.8053,4.0,1.3997,1.2,0.4041,6.06,0.2399,1.04,0.1979,4.88,1.0812,3.34,0.7722,5.9,0.4165,1.58,0.7309
7405_midj_as.jpg,1.66,0.7982,1.0,0.0,4.32,1.1507,1.94,0.8184,5.84,0.4219,1.2,0.4041,2.82,0.7475,1.0,0.0,5.04,1.0294,3.38,0.8053,3.4,1.4428,1.1,0.303,6.04,0.1979,1.04,0.1979,4.74,1.1214,3.26,0.7775,5.9,0.4165,1.54,0.7616
7405_midj_euna.jpg,2.18,0.7743,1.0,0.0,4.9,1.165,1.4,0.6389,5.94,0.3731,1.0,0.0,3.16,0.9116,1.0,0.0,5.88,0.3854,3.34,0.8478,4.02,1.3923,1.06,0.2399,6.26,0.4431,1.0,0.0,4.06,1.0768,3.22,0.7365,5.88,0.4352,1.36,0.6312
7405_midj_sa.jpg,2.14,0.7562,1.0,0.0,4.12,1.3192,1.62,0.7253,5.96,0.402,1.0,0.0,4.06,1.0768,1.0,0.0,5.5,0.7354,2.32,0.6833,1.66,0.7453,1.04,0.1979,6.42,0.4986,1.0,0.0,2.26,0.5272,3.54,0.9521,5.98,0.3774,1.22,0.4647
craving_new_1.jpg,1.54,0.7616,1.04,0.1979,3.44,1.0529,1.08,0.274,5.96,0.3476,1.24,0.4314,4.82,1.0631,1.0,0.0,4.76,1.0984,2.36,0.598,1.04,0.1979,1.04,0.1979,6.06,0.2399,1.0,0.0,1.06,0.2399,5.42,0.6728,5.96,0.3476,1.78,0.7365
craving_new_10.jpg,2.24,0.8935,1.0,0.0,4.24,1.1528,1.38,0.6354,5.96,0.3476,1.08,0.274,5.0,0.9035,1.0,0.0,5.9,0.4165,2.7,0.5803,1.7234,0.7718,1.0,0.0,6.42,0.4986,1.0,0.0,1.96,0.6047,5.16,0.8889,5.96,0.3476,1.38,0.6354
craving_new_11.jpg,1.44,0.7045,1.0,0.0,4.1,1.2164,2.04,0.7548,5.96,0.3476,1.04,0.1979,3.46,0.9941,1.0,0.0,4.92,1.1036,2.82,0.7743,1.9184,0.8859,1.08,0.274,6.14,0.3505,1.0,0.0,3.36,0.8981,4.36,1.0451,5.96,0.3476,1.44,0.6749
craving_new_12.jpg,2.1,0.9949,1.0,0.0,4.42,1.3262,1.5,0.6776,5.98,0.3188,1.0,0.0,3.46,0.9941,1.0,0.0,5.98,0.3188,2.26,0.6642,2.44,1.1808,1.0,0.0,6.5,0.5051,1.0,0.0,2.28,0.4965,4.82,1.0631,6.02,0.3188,1.08,0.274
craving_new_13.jpg,1.38,0.6667,1.0,0.0,5.2,1.1066,1.56,0.7045,5.96,0.3476,1.26,0.4431,3.36,0.8981,1.0,0.0,4.92,1.1036,3.4,0.8571,2.68,1.2196,1.1,0.303,6.06,0.2399,1.0,0.0,2.52,0.5436,4.06,0.9775,5.96,0.3476,1.58,0.7309
craving_new_14.jpg,1.42,0.7025,1.04,0.1979,5.0,0.8806,1.4,0.6389,5.66,0.4785,1.8,0.6999,3.16,0.8418,1.0,0.0,4.1,0.9742,3.38,0.7796,3.5,1.1112,1.42,0.5746,5.96,0.1979,1.08,0.274,2.66,0.5194,3.94,0.8668,5.66,0.4785,1.98,0.8449
craving_new_15.jpg,1.44,0.7045,1.0,0.0,4.78,1.2337,1.24,0.4764,5.98,0.3188,1.2,0.4041,3.94,1.1502,1.0,0.0,5.3,0.8144,2.44,0.5771,1.32,0.9134,1.04,0.1979,6.06,0.2399,1.0,0.0,2.02,0.5529,5.28,0.8581,5.98,0.3188,1.38,0.6354
craving_new_16.jpg,1.54,0.7616,1.04,0.1979,3.22,1.016,1.22,0.4647,5.96,0.3476,1.26,0.4431,5.24,0.8221,1.0,0.0,4.7,1.1112,2.06,0.5859,1.06,0.2399,1.0,0.0,6.2,0.4041,1.0,0.0,1.08,0.274,5.74,0.6328,5.96,0.3476,1.56,0.7045
craving_new_1_midj_af.jpg,1.66,0.7982,1.0,0.0,4.3,1.1294,1.38,0.6354,5.94,0.3136,1.2,0.4041,4.42,1.0897,1.0,0.0,5.46,0.706,3.14,0.9037,2.56,1.248,1.08,0.274,6.04,0.1979,1.0,0.0,2.16,0.6181,5.1,0.9313,5.96,0.3476,1.54,0.7616
craving_new_1_midj_as.jpg,2.3,0.9742,1.0,0.0,3.52,0.9739,1.58,0.7309,5.66,0.4785,1.2,0.4041,4.02,1.02,1.0,0.0,4.5,1.0546,3.48,0.8628,2.94,1.1502,1.1,0.303,6.04,0.1979,1.0,0.0,3.06,0.8901,4.12,0.9613,5.82,0.3881,1.54,0.7616
craving_new_1_midj_euna.jpg,1.54,0.7616,1.04,0.1979,3.44,1.0529,1.08,0.274,5.96,0.3476,1.22,0.4185,4.8,1.069,1.0,0.0,4.76,1.0984,2.36,0.598,1.04,0.1979,1.04,0.1979,6.06,0.2399,1.0,0.0,1.06,0.2399,5.52,0.7068,5.96,0.3476,1.72,0.7296
craving_new_1_midj_sa.jpg,2.3,0.8631,1.0,0.0,4.12,1.2061,1.5,0.6776,5.96,0.3476,1.34,0.5573,5.22,0.8401,1.0,0.0,5.5,0.7071,2.82,0.7743,1.5918,0.7337,1.04,0.1979,6.14,0.3505,1.0,0.0,1.96,0.6047,5.16,0.8889,5.96,0.3476,1.44,0.6749
craving_new_2.jpg,1.88,0.8722,1.0,0.0,5.02,1.1516,1.82,0.7197,5.98,0.3188,1.04,0.1979,4.3,1.1294,1.0,0.0,5.74,0.5997,2.48,0.5799,1.62,0.753,1.06,0.2399,6.14,0.3505,1.0,0.0,2.12,0.4798,4.36,1.0451,5.98,0.3188,1.38,0.6354
craving_new_2_midj_af.jpg,1.08,0.274,1.0,0.0,5.14,0.9691,1.38,0.6354,5.94,0.3136,1.22,0.4185,2.82,0.7743,1.0,0.0,4.24,1.0797,3.36,0.802,3.24,1.2048,1.24,0.4314,6.04,0.1979,1.0,0.0,2.48,0.5436,3.42,0.8352,5.9,0.4165,1.64,0.7762
craving_new_2_midj_as.jpg,1.38,0.6354,1.0,0.0,3.68,1.2526,1.24,0.4764,5.98,0.3188,1.2,0.4041,4.16,1.0947,1.0,0.0,4.78,1.1119,2.38,0.6354,1.4,0.9689,1.0,0.0,6.26,0.4431,1.0,0.0,1.84,0.5841,4.92,1.122,5.98,0.3774,1.22,0.4647
craving_new_2_midj_euna.jpg,1.54,0.7616,1.0,0.0,4.24,1.0797,1.46,0.6455,5.96,0.3476,1.08,0.274,3.36,0.802,1.0,0.0,5.18,0.8734,3.16,0.6503,2.18,0.8965,1.1,0.303,6.06,0.2399,1.0,0.0,2.48,0.5436,3.94,0.9127,5.94,0.3731,1.28,0.536
craving_new_2_midj_sa.jpg,1.38,0.6667,1.0,0.0,4.56,1.2643,1.4,0.6389,5.96,0.3476,1.2,0.4041,4.3,1.1294,1.0,0.0,5.36,0.7494,2.76,0.6869,2.44,1.1095,1.06,0.2399,6.06,0.2399,1.0,0.0,2.48,0.5436,4.8,1.069,5.96,0.3476,1.4,0.6389
craving_new_3.jpg,2.54,0.9082,1.0,0.0,3.92,1.1578,2.32,0.6833,5.94,0.3731,1.22,0.4185,5.42,0.6728,1.0,0.0,5.8,0.4518,2.52,0.5436,1.84,0.7918,1.04,0.1979,6.3,0.4629,1.0,0.0,2.48,0.5436,5.2,0.7559,5.96,0.3476,1.38,0.6354
craving_new_3_midj_af.jpg,1.66,0.7982,1.0,0.0,4.54,1.0539,1.56,0.7045,5.86,0.3505,1.36,0.5628,3.8,0.9035,1.0,0.0,5.2,0.7559,3.5,0.8631,2.82,1.1899,1.1,0.303,6.04,0.1979,1.0,0.0,3.06,0.8901,3.9,0.8631,5.96,0.3476,1.66,0.7982
craving_new_3_midj_as.jpg,1.66,0.7982,1.0,0.0,3.42,1.0319,1.12,0.3283,5.96,0.3476,1.08,0.274,4.5,1.0546,1.0,0.0,4.92,1.1036,3.1,0.7626,1.46,0.9941,1.04,0.1979,6.06,0.2399,1.0,0.0,2.28,0.4965,4.8,1.069,5.96,0.3476,1.6,0.7559
craving_new_3_midj_euna.jpg,1.42,0.7025,1.04,0.1979,5.0,0.8806,1.4,0.6389,5.66,0.4785,1.92,0.6337,3.16,0.8418,1.0,0.0,4.1,0.9742,3.38,0.7796,3.68,1.2526,1.42,0.5746,5.96,0.1979,1.08,0.274,2.66,0.5194,3.94,0.8668,5.66,0.4785,1.98,0.8449
craving_new_3_midj_sa.jpg,1.52,0.7624,1.0,0.0,4.62,1.1586,1.24,0.4764,5.88,0.3854,1.42,0.5746,3.26,0.9216,1.0,0.0,4.42,1.0897,3.38,0.8053,3.04,1.4841,1.2,0.4041,6.04,0.1979,1.0,0.0,2.74,0.6642,4.06,0.9775,5.9,0.4165,1.64,0.7762
craving_new_4.jpg,2.02,0.8687,1.04,0.1979,5.46,0.6764,2.32,0.6833,5.86,0.3505,1.2,0.4041,4.44,1.0134,1.0,0.0,5.9,0.303,3.38,0.7796,2.72,1.1436,1.2,0.4041,6.04,0.1979,1.0,0.0,3.48,0.8628,4.9,0.8144,5.94,0.3136,1.58,0.7309
craving_new_4_midj_af.jpg,2.54,0.9082,1.0,0.0,4.6,1.0302,1.56,0.7045,5.66,0.4785,1.24,0.4764,2.9,0.7626,1.0,0.0,4.76,0.8704,3.4,0.7825,3.1,1.1473,1.1,0.303,6.02,0.1414,1.04,0.1979,3.46,0.8621,3.54,0.8381,5.72,0.4536,1.78,0.8154
craving_new_4_midj_as.jpg,3.04,1.0872,1.0,0.0,5.64,0.7762,3.72,1.2623,5.98,0.3774,1.1,0.303,5.12,1.1891,1.0,0.0,5.98,0.3188,3.26,0.8526,4.04,1.5903,1.0,0.0,6.44,0.5014,1.0,0.0,4.4,1.1952,4.24,1.0797,6.0,0.3499,1.36,0.6312
craving_new_4_midj_euna.jpg,2.1,0.9949,1.0,0.0,4.46,1.3433,1.5,0.6776,5.98,0.3188,1.0,0.0,3.46,0.9941,1.0,0.0,5.98,0.3188,2.28,0.6713,2.44,1.1808,1.0,0.0,6.5,0.5051,1.0,0.0,2.3,0.4629,4.82,1.0631,6.02,0.3188,1.08,0.274
craving_new_4_midj_sa.jpg,1.66,0.7982,1.0,0.0,4.94,1.2022,1.78,0.7365,5.96,0.3476,1.0,0.0,3.52,0.9739,1.0,0.0,5.96,0.3476,2.86,0.7001,2.74,1.1747,1.04,0.1979,6.44,0.5014,1.0,0.0,3.94,1.1502,3.74,0.9435,5.96,0.3476,1.22,0.4647
craving_new_5.jpg,2.12,1.0029,1.0,0.0,4.92,1.2262,1.72,0.7296,5.96,0.3476,1.08,0.274,3.76,1.2216,1.0,0.0,5.96,0.3476,2.64,0.7494,2.52,1.2329,1.08,0.274,6.3,0.4629,1.0,0.0,2.76,0.6565,4.3,1.1294,5.96,0.3476,1.38,0.6354
craving_new_6.jpg,1.04,0.1979,1.0,0.0,2.86,0.8332,1.52,0.6773,5.96,0.3476,1.1,0.303,3.84,0.9553,1.0,0.0,2.7,0.5803,2.78,0.6788,1.1,0.303,1.06,0.2399,6.04,0.1979,1.0,0.0,2.08,0.5284,4.64,0.9638,5.88,0.4352,1.38,0.6354
craving_new_7.jpg,1.88,0.8722,1.0,0.0,4.38,1.1761,1.94,0.8184,5.94,0.3731,1.04,0.1979,4.38,1.1761,1.0,0.0,6.02,0.3188,2.7,0.5803,2.64,1.0254,1.04,0.1979,6.76,0.4314,1.0,0.0,2.84,0.7656,4.54,1.1104,5.98,0.3774,1.38,0.6354
craving_new_8.jpg,1.54,0.7616,1.0,0.0,4.24,1.0797,1.44,0.644,5.94,0.3731,1.06,0.2399,3.36,0.802,1.0,0.0,5.16,0.8657,3.12,0.7183,2.14,0.9037,1.1,0.303,6.06,0.2399,1.0,0.0,2.48,0.5436,3.96,0.9026,5.94,0.3731,1.22,0.4647
craving_new_9.jpg,1.38,0.6354,1.0,0.0,3.68,1.2526,1.24,0.4764,5.98,0.3188,1.2,0.4041,4.16,1.0947,1.0,0.0,4.78,1.1119,2.44,0.5771,1.36,0.9424,1.0,0.0,6.3,0.4629,1.0,0.0,1.68,0.6207,4.92,1.122,6.0,0.3499,1.24,0.4764
1119_bodyproducts_midj.jpg,1.2,0.4041,2.14,0.9037,1.0,0.0,1.0,0.0,1.0,0.0,6.44,0.5014,1.0,0.0,3.38,0.9452,1.0,0.0,1.78,0.7365,1.0,0.0,3.78,0.9538,1.0,0.0,6.42,0.4986,1.0,0.0,2.08,0.8769,1.08,0.274,5.76,0.6565
1120_bodyproducts_midj.jpg,1.78,0.7365,3.46,0.9082,1.6,0.7559,1.0,0.0,1.78,0.8154,5.98,0.3774,1.0,0.0,1.66,0.6884,1.0,0.0,2.28,0.6713,1.0,0.0,2.52,0.5436,1.0,0.0,5.96,0.3476,1.04,0.1979,3.14,0.8574,1.7,0.7071,5.36,0.7217
1139_bodyproducts_midj.jpg,1.08,0.274,2.08,0.8769,1.0,0.0,1.0,0.0,1.0,0.0,6.42,0.4986,1.0,0.0,2.94,0.8184,1.0,0.0,1.98,0.8449,1.0,0.0,3.38,0.8545,1.0,0.0,6.26,0.4431,1.0,0.0,1.92,0.8041,1.04,0.1979,5.86,0.4953
1209_death_midj_af.jpg,1.0,0.0,1.3,0.5803,1.0,0.0,1.08,0.274,1.04,0.1979,5.98,0.3774,1.0,0.0,2.64,0.9638,1.0,0.0,2.18,0.8254,1.0,0.0,5.56,0.6749,1.0,0.0,6.02,0.3188,1.04,0.1979,2.18,0.8003,1.06,0.2399,5.54,0.7343
1209_death_midj_as.jpg,1.06,0.2399,1.38,0.6354,1.22,0.4647,3.06,0.8901,1.14,0.4046,5.46,0.6764,1.1,0.303,3.5,0.8864,1.0,0.0,2.78,0.7083,1.0,0.0,5.32,0.6833,1.08,0.274,5.82,0.3881,2.02,0.5529,2.4,0.6701,1.38,0.6354,4.7,0.789
1209_death_midj_euna.jpg,1.04,0.1979,2.24,1.0606,1.22,0.4647,1.64,0.7762,1.64,0.8271,5.88,0.4352,1.46,0.6455,3.04,1.0683,1.0,0.0,2.16,0.7918,1.0,0.0,4.96,0.8797,1.04,0.1979,5.88,0.4352,1.08,0.274,3.2,1.0498,1.36,0.6312,4.78,0.8154
1209_death_midj_sa.jpg,1.0,0.0,1.1,0.303,1.08,0.274,1.94,0.8184,1.12,0.3854,5.68,0.6528,1.0,0.0,2.32,0.6833,1.0,0.0,2.32,0.6833,1.0,0.0,5.64,0.6312,1.0,0.0,5.84,0.4219,1.28,0.4536,2.0,0.6999,1.22,0.4647,4.54,0.9733
1271_hygiene_midj.jpg,1.08,0.274,2.48,0.8628,1.04,0.1979,1.0,0.0,1.06,0.2399,6.12,0.4798,1.0,0.0,3.46,0.8855,1.0,0.0,2.2,0.6701,1.0,0.0,5.42,0.6728,1.0,0.0,6.42,0.4986,1.0,0.0,2.58,0.7309,1.1,0.303,5.68,0.6528
a100_midj.jpg,1.0,0.0,2.02,0.8687,1.04,0.1979,1.0,0.0,1.52,0.7624,5.88,0.4352,1.08,0.274,2.18,0.8003,1.0,0.0,1.94,0.8184,1.0,0.0,2.8,0.7559,1.0,0.0,5.8,0.4518,1.0,0.0,4.5,0.9313,1.4,0.6701,4.78,0.79
animal_carcass_5_midj_af.jpg,1.0,0.0,1.08,0.274,1.0,0.0,1.1,0.303,1.0,0.0,5.68,0.6528,1.0,0.0,2.08,0.7239,1.0,0.0,2.36,0.6928,1.0,0.0,5.5,0.7071,1.0,0.0,5.96,0.3476,1.26,0.4431,2.04,0.6987,1.08,0.274,4.96,0.9026
animal_carcass_5_midj_as.jpg,1.0,0.0,2.24,1.0606,1.36,0.6312,2.76,0.9381,2.02,0.8919,5.36,0.6627,1.6,0.6999,3.46,0.9733,1.0,0.0,3.12,0.9179,1.0,0.0,4.48,0.9528,1.6,0.6999,5.62,0.4903,2.36,0.6928,2.84,0.8418,1.86,0.8084,4.74,0.7775
animal_carcass_5_midj_euna.jpg,1.0,0.0,1.66,0.7982,1.0,0.0,1.06,0.2399,1.04,0.1979,5.98,0.3774,1.0,0.0,3.94,1.0768,1.0,0.0,1.68,0.7677,1.0,0.0,5.78,0.6158,1.0,0.0,6.02,0.3188,1.04,0.1979,2.6,0.9897,1.08,0.274,5.72,0.6713
animal_carcass_5_midj_sa.jpg,1.38,0.6354,1.04,0.1979,3.42,0.9495,3.9,0.953,2.38,0.9452,2.28,0.6713,1.28,0.4536,1.22,0.4185,1.52,0.5436,3.78,0.79,2.68,1.0583,3.4,0.8571,3.56,0.8122,2.84,0.7656,5.7,0.5051,2.16,0.5841,2.56,0.8122,2.46,0.8855
animalcarcass5_midj.jpg,1.0,0.0,1.66,0.7982,1.0,0.0,1.06,0.2399,1.04,0.1979,5.98,0.3774,1.0,0.0,3.94,1.0768,1.0,0.0,1.68,0.7677,1.0,0.0,5.78,0.6158,1.0,0.0,6.02,0.3188,1.04,0.1979,2.6,0.9897,1.08,0.274,5.72,0.6713
cockroach1_midj.jpg,1.86,0.7827,1.34,0.6263,1.06,0.2399,1.08,0.274,1.0,0.0,4.92,1.1036,1.56,0.7045,3.26,0.9216,1.0,0.0,2.92,0.8999,1.0,0.0,1.4,0.6389,1.0,0.0,5.0,0.8806,1.34,0.5928,2.84,0.7384,1.6,0.7559,5.14,0.9691
deadbodies3_midj.jpg,1.0,0.0,1.4,0.6701,1.0,0.0,1.04,0.1979,1.0,0.0,6.3,0.5803,1.0,0.0,3.34,1.6734,1.0,0.0,1.44,0.7045,1.0,0.0,6.44,0.5014,1.0,0.0,6.92,0.274,1.0,0.0,5.1,1.233,1.0,0.0,6.6,0.4949
dr08.alunmcdonald_oxfam-ccbyncnd2.0_midj.jpg,1.0,0.0,1.68,0.7677,1.04,0.1979,1.4,0.6701,1.06,0.2399,5.8,0.4949,1.0,0.0,2.52,0.8389,1.0,0.0,2.82,0.7743,1.0,0.0,5.7,0.5051,1.0,0.0,5.96,0.3476,1.58,0.6091,2.36,0.6928,1.34,0.6263,4.96,0.9026
dr32.padre_djacy_brasileiro-ccbyncnd2.0_midj.jpg,1.0,0.0,1.0,0.0,1.0,0.0,1.06,0.2399,1.0,0.0,6.04,0.4499,1.0,0.0,1.18,0.3881,1.0,0.0,1.92,0.8533,1.0,0.0,6.42,0.4986,1.0,0.0,6.44,0.5014,1.1,0.303,1.58,0.7309,1.04,0.1979,5.5,0.9742
dr32_padre_djacy_brasileiro-ccbyncnd2_0_midj_af.jpg,1.0,0.0,1.04,0.1979,1.0,0.0,1.04,0.1979,1.0,0.0,6.02,0.4734,1.0,0.0,1.36,0.6312,1.0,0.0,1.92,0.8533,1.0,0.0,6.36,0.4849,1.0,0.0,6.44,0.5014,1.08,0.274,1.8,0.7825,1.06,0.2399,5.64,0.802
dr32_padre_djacy_brasileiro-ccbyncnd2_0_midj_as.jpg,1.0,0.0,1.04,0.1979,1.18,0.3881,2.34,1.0224,1.12,0.3854,5.8,0.6389,1.0,0.0,1.74,0.8992,1.0,0.0,2.46,0.8621,1.04,0.1979,6.26,0.487,1.0,0.0,6.2,0.4041,1.44,0.5771,1.58,0.7309,1.14,0.4046,5.5,0.8631
dr32_padre_djacy_brasileiro-ccbyncnd2_0_midj_euna.jpg,1.0,0.0,1.64,0.7217,1.1,0.303,2.4,0.6701,1.1,0.3642,5.26,0.6943,1.08,0.274,4.52,0.7351,1.0,0.0,2.82,0.7743,1.0,0.0,5.72,0.4536,1.04,0.1979,5.86,0.3505,2.0,0.5345,2.84,0.7384,1.44,0.6749,4.7,0.7354
dr32_padre_djacy_brasileiro-ccbyncnd2_0_midj_sa.jpg,1.0,0.0,1.04,0.1979,1.0,0.0,1.68,0.7677,1.0,0.0,5.56,0.7329,1.0,0.0,2.32,0.6833,1.0,0.0,2.76,0.8466,1.0,0.0,5.88,0.4352,1.0,0.0,5.96,0.3476,1.62,0.6354,2.32,0.6833,1.1,0.303,4.42,0.9495
dr42.oxfam_international-ccbyncnd2.0_midj.jpg,1.0,0.0,1.26,0.487,1.06,0.2399,1.22,0.4647,1.04,0.1979,5.7,0.5051,1.0,0.0,1.78,0.7365,1.0,0.0,2.32,0.7407,1.0,0.0,6.04,0.2828,1.0,0.0,6.04,0.1979,1.22,0.4185,2.52,0.8389,1.14,0.4046,5.46,0.706
h022_midj.jpg,1.0,0.0,1.0,0.0,1.0,0.0,1.66,0.7982,1.04,0.1979,6.12,0.5206,1.0,0.0,3.56,1.1095,1.0,0.0,2.04,0.9026,1.0,0.0,6.3,0.4629,1.0,0.0,6.36,0.4849,1.04,0.1979,2.3,0.9742,1.1,0.303,5.84,0.6809
maps325_midj.jpg,1.0,0.0,1.66,1.1178,1.0,0.0,1.0,0.0,1.0,0.0,6.92,0.274,1.04,0.1979,6.42,0.4986,1.0,0.0,1.08,0.274,1.0,0.0,3.8,1.3997,1.0,0.0,6.94,0.2399,1.0,0.0,5.08,1.5497,1.04,0.1979,6.7,0.4629
maps325_midj_af.jpg,1.0,0.0,1.14,0.4046,1.0,0.0,1.0,0.0,1.0,0.0,6.86,0.3505,1.0,0.0,6.3,0.5803,1.0,0.0,1.1,0.303,1.0,0.0,6.24,0.5555,1.0,0.0,6.94,0.2399,1.0,0.0,2.2,1.069,1.04,0.1979,6.58,0.4986
maps325_midj_as.jpg,1.0,0.0,1.96,1.1773,1.0,0.0,1.0,0.0,1.0,0.0,6.5,0.5051,1.04,0.1979,5.92,0.6652,1.0,0.0,1.1,0.303,1.0,0.0,4.3,1.2657,1.0,0.0,6.92,0.274,1.0,0.0,5.3,1.233,1.08,0.274,6.32,0.5869
maps325_midj_euna.jpg,1.0,0.0,1.66,1.1178,1.0,0.0,1.0,0.0,1.0,0.0,6.92,0.274,1.04,0.1979,6.42,0.4986,1.0,0.0,1.08,0.274,1.0,0.0,3.8,1.3997,1.0,0.0,6.92,0.274,1.0,0.0,5.08,1.5497,1.04,0.1979,6.7,0.4629
maps325_midj_sa.jpg,1.0,0.0,1.46,1.0144,1.0,0.0,1.0,0.0,1.0,0.0,6.7,0.4629,1.0,0.0,5.76,0.8935,1.0,0.0,1.08,0.274,1.0,0.0,5.5,0.9949,1.0,0.0,6.86,0.3505,1.0,0.0,3.24,1.6233,1.04,0.1979,6.32,0.5869
maps349_midj.jpg,1.0,0.0,1.14,0.4046,1.0,0.0,1.0,0.0,1.0,0.0,6.8,0.4041,1.0,0.0,5.9,0.9742,1.0,0.0,1.1,0.303,1.0,0.0,3.16,1.4758,1.0,0.0,6.94,0.2399,1.0,0.0,4.3,1.7871,1.0,0.0,6.92,0.274
neghighnonsoc_7_midj.jpg,1.0,0.0,2.24,1.0606,1.0,0.0,1.1,0.303,1.52,0.7624,6.7,0.4629,1.1,0.303,4.88,1.0999,1.0,0.0,1.36,0.6312,1.0,0.0,2.72,1.0309,1.0,0.0,6.42,0.4986,1.0,0.0,4.18,1.3045,1.04,0.1979,6.06,0.5859
neghighnonsoc_7_midj_af.jpg,1.0,0.0,2.24,1.0606,1.0,0.0,1.1,0.303,1.52,0.7624,6.7,0.4629,1.1,0.303,4.88,1.0999,1.0,0.0,1.36,0.6312,1.0,0.0,2.72,1.0309,1.0,0.0,6.42,0.4986,1.0,0.0,4.18,1.3045,1.04,0.1979,6.06,0.5859
neghighnonsoc_7_midj_as.jpg,1.06,0.2399,2.1,0.9742,1.22,0.4647,1.78,0.8154,2.16,0.9971,6.04,0.4499,1.14,0.4046,2.3,0.9742,1.0,0.0,2.4,0.9897,1.0,0.0,3.82,1.1551,1.0,0.0,5.96,0.3476,1.2,0.4041,3.16,1.1493,1.34,0.6263,4.92,1.1036
neghighnonsoc_7_midj_euna.jpg,1.08,0.274,1.72,0.9267,1.26,0.5272,1.3,0.5803,2.04,0.9681,6.18,0.5226,1.0,0.0,2.32,1.1856,1.0,0.0,2.02,0.8687,1.08,0.274,4.92,1.122,1.0,0.0,5.98,0.3774,1.1,0.303,2.28,1.0698,1.14,0.4046,4.94,1.0577
neghighnonsoc_7_midj_sa.jpg,1.56,0.7045,2.28,0.757,1.4,0.6389,2.18,0.7743,2.24,0.7709,5.8,0.4949,1.22,0.4185,2.48,0.8628,1.0,0.0,2.7,0.8631,1.08,0.274,4.0,1.0302,1.06,0.2399,5.88,0.4352,1.26,0.4431,2.96,0.9249,1.58,0.7309,4.22,1.016
neghighnonsoc_8_midj.jpg,1.0,0.0,2.12,1.0029,1.0,0.0,1.22,0.4647,1.52,0.7624,6.04,0.4499,1.06,0.2399,3.0,1.0302,1.0,0.0,2.16,0.7918,1.0,0.0,4.52,1.0349,1.0,0.0,5.96,0.3476,1.04,0.1979,3.18,1.1008,1.34,0.6263,5.2,0.7559
people_198_h_midj.jpg,1.0,0.0,1.04,0.1979,1.0,0.0,1.0,0.0,1.0,0.0,6.6,0.4949,1.0,0.0,4.42,1.6174,1.0,0.0,1.22,0.4647,1.0,0.0,4.12,1.6492,1.0,0.0,6.92,0.274,1.0,0.0,1.64,0.8271,1.0,0.0,6.8,0.4041
people_218_v_mid.jpg,1.0,0.0,1.34,0.9817,1.0,0.0,1.0,0.0,1.0,0.0,6.92,0.274,1.0,0.0,6.1,0.9742,1.0,0.0,1.08,0.274,1.0,0.0,5.82,1.1726,1.0,0.0,6.96,0.1979,1.0,0.0,2.28,1.2943,1.0,0.0,6.86,0.3505
people_364_v_mid.jpg,1.0,0.0,1.06,0.2399,1.0,0.0,1.04,0.1979,1.0,0.0,6.94,0.2399,1.0,0.0,6.3,0.5803,1.0,0.0,1.34,0.6263,1.0,0.0,5.32,1.2526,1.0,0.0,6.96,0.1979,1.0,0.0,1.8,1.0302,1.0,0.0,6.7,0.4629
test_a.jpg,1.0,0.0,4.98,1.9948,1.0,0.0,1.0,0.0,1.12,0.8485,6.98,0.1414,1.04,0.1979,6.7,0.4629,1.0,0.0,1.0,0.0,1.0,0.0,1.64,0.7762,1.0,0.0,7.0,0.0,1.0,0.0,6.14,1.2938,1.0,0.0,6.92,0.274
8465_midj.jpg,1.54,0.7616,1.08,0.274,2.32,0.6833,3.42,0.9495,2.8,0.9035,1.0,0.0,5.62,0.4903,1.18,0.3881,3.44,0.8843,3.38,0.7796,1.04,0.1979,1.28,0.4536,5.96,0.3476,1.26,0.4431,2.3,0.6468,5.94,0.3731,5.5,0.7071,1.88,0.8722
8540_midj.jpg,3.48,1.0925,1.0,0.0,5.9,0.4165,2.24,0.6869,1.98,0.8449,1.0,0.0,5.96,0.3476,1.0,0.0,6.3,0.4629,2.28,0.6713,3.48,1.5285,1.0,0.0,6.76,0.4314,1.0,0.0,2.9,0.8631,5.78,0.6158,5.96,0.3476,1.08,0.274
8540_midj_af.jpg,3.26,0.8526,1.0,0.0,5.82,0.5956,2.06,0.6824,2.02,0.8449,1.0,0.0,5.92,0.3405,1.0,0.0,6.36,0.4849,2.04,0.57,2.94,1.0956,1.0,0.0,6.92,0.274,1.0,0.0,2.36,0.6627,5.64,0.6312,5.96,0.3476,1.1,0.303
8540_midj_as.jpg,3.78,1.1301,1.0,0.0,5.94,0.3731,2.9,0.8631,2.18,0.7743,1.0,0.0,6.04,0.1979,1.0,0.0,6.2,0.4041,2.16,0.6181,3.48,1.5285,1.0,0.0,6.8,0.4041,1.0,0.0,2.36,0.6627,5.96,0.3476,5.98,0.3188,1.1,0.303
8540_midj_euna.jpg,3.48,1.0925,1.0,0.0,5.9,0.4165,2.24,0.6869,1.98,0.8449,1.0,0.0,5.96,0.3476,1.0,0.0,6.3,0.4629,2.28,0.6713,3.48,1.5285,1.0,0.0,6.76,0.4314,1.0,0.0,2.9,0.8631,5.78,0.6158,5.96,0.3476,1.08,0.274
8540_midj_sa.jpg,2.36,0.6928,1.0,0.0,5.32,0.9134,2.28,0.6713,2.36,0.6928,1.0,0.0,5.42,0.6728,1.0,0.0,5.96,0.3476,2.74,0.6328,2.68,1.0583,1.08,0.274,6.44,0.5014,1.0,0.0,3.64,0.8514,4.58,0.8593,5.6,0.6701,1.64,0.7762
excitement_new_10.jpg,5.08,1.1925,1.2,0.4041,2.4,0.8081,5.92,0.3405,4.56,1.3874,1.0,0.0,6.14,0.3505,3.12,0.9179,5.96,0.3476,2.72,0.834,1.0,0.0,1.06,0.2399,6.14,0.3505,1.2,0.4041,1.1,0.303,6.06,0.2399,5.96,0.3476,1.94,0.8184
excitement_new_11.jpg,2.66,0.9817,2.24,1.0797,1.94,0.8184,1.7,0.7071,1.38,0.6354,1.0,0.0,6.7,0.4629,1.0,0.0,6.7,0.4629,1.2,0.4041,1.0,0.0,1.0,0.0,6.94,0.2399,1.0,0.0,1.0,0.0,6.92,0.274,6.42,0.4986,1.22,0.4647
excitement_new_12.jpg,4.38,1.4126,1.2,0.4041,1.22,0.4647,5.9,0.4165,1.66,0.7982,1.0,0.0,6.14,0.3505,4.82,1.0631,4.04,1.1945,2.32,0.6833,1.0,0.0,1.0,0.0,5.82,0.5956,1.96,0.6047,1.1,0.303,6.3,0.4629,4.34,1.3032,2.52,0.9739
excitement_new_13_midj_af.jpg,2.08,0.8769,1.92,0.6337,1.72,0.701,5.1,0.8391,2.16,0.7918,1.04,0.1979,5.82,0.3881,3.26,0.7775,1.36,0.4849,3.32,0.7939,1.0,0.0,1.58,0.5379,4.4,0.9689,2.48,0.5436,2.02,0.5529,5.46,0.6455,4.54,1.0343,2.32,0.9781
excitement_new_13_midj_as.jpg,2.08,0.8769,1.42,0.5746,2.04,0.7548,5.52,0.6465,2.44,0.9293,1.0,0.0,5.92,0.274,3.56,0.8369,2.2,0.6061,2.96,0.8562,1.0,0.0,1.46,0.5425,5.78,0.4185,2.1,0.544,1.78,0.5455,5.9,0.303,5.72,0.4536,2.28,0.9697
excitement_new_13_midj_euna.jpg,1.22,0.4647,1.96,0.6047,1.56,0.7045,4.42,0.9495,2.06,0.8668,1.0,0.0,5.9,0.303,3.9,0.8631,1.22,0.4185,2.92,0.8041,1.0,0.0,1.46,0.5425,3.72,0.8581,3.02,0.8919,1.28,0.4536,5.9,0.4165,5.32,0.6833,2.6,0.9897
excitement_new_13_midj_sa.jpg,1.44,0.7045,1.64,0.6312,2.02,0.6224,5.18,0.7475,2.58,0.9708,1.0,0.0,5.9,0.303,2.94,0.7117,2.02,0.5147,3.32,0.7939,1.0,0.0,1.78,0.4647,5.6,0.6061,2.22,0.4647,2.12,0.4798,5.62,0.4903,5.5,0.6468,2.2,0.8571
excitement_new_14.jpg,4.14,1.3403,1.08,0.274,5.12,1.3192,3.44,1.0529,2.4,0.9689,1.0,0.0,6.5,0.5051,1.0,0.0,6.58,0.4986,1.6,0.6999,1.1,0.303,1.0,0.0,6.96,0.1979,1.0,0.0,1.0,0.0,6.44,0.5014,6.08,0.4882,1.04,0.1979
excitement_new_15.jpg,3.46,0.9941,1.2,0.4041,2.9,1.0738,2.34,0.7174,1.66,0.7982,1.0,0.0,6.44,0.5014,1.0,0.0,6.7,0.4629,1.38,0.6024,1.0,0.0,1.0,0.0,6.86,0.3505,1.0,0.0,1.0,0.0,6.76,0.4314,5.48,1.015,1.14,0.4046
excitement_new_16.jpg,3.86,1.2124,1.52,0.6773,3.02,0.8919,5.94,0.3136,2.86,0.8332,1.0,0.0,6.04,0.1979,2.88,0.8241,5.02,1.1516,2.84,0.7656,1.04,0.1979,1.12,0.3283,6.06,0.2399,1.46,0.5425,1.58,0.5379,6.0,0.2857,5.78,0.6158,2.12,0.773
excitement_new_17.jpg,2.84,0.9337,1.24,0.4314,5.16,1.2182,2.98,0.8919,1.68,0.7677,1.0,0.0,6.3,0.4629,1.0,0.0,6.42,0.4986,2.02,0.5529,1.88,0.773,1.0,0.0,6.86,0.3505,1.04,0.1979,1.0,0.0,6.44,0.5014,5.8,0.6389,1.4,0.6389
excitement_new_17_midj_af.jpg,3.18,1.5996,1.08,0.274,4.54,1.3734,2.94,1.1502,2.06,1.1502,1.0,0.0,6.44,0.5014,1.0,0.0,6.58,0.4986,1.52,0.6141,1.34,0.9172,1.0,0.0,6.92,0.274,1.0,0.0,1.0,0.0,6.6,0.4949,6.18,0.5226,1.2,0.4041
excitement_new_17_midj_as.jpg,3.18,0.9409,1.04,0.1979,3.28,1.0506,3.18,0.9409,1.36,0.6312,1.0,0.0,6.14,0.3505,1.0,0.0,6.42,0.4986,1.8,0.6999,1.04,0.1979,1.0,0.0,6.8,0.4041,1.0,0.0,1.08,0.274,6.36,0.4849,6.0,0.3499,1.08,0.274
excitement_new_17_midj_euna.jpg,2.84,0.9337,1.24,0.4314,5.16,1.2182,3.0,0.9035,1.68,0.7677,1.0,0.0,6.3,0.4629,1.0,0.0,6.42,0.4986,2.02,0.5529,1.88,0.773,1.0,0.0,6.86,0.3505,1.04,0.1979,1.0,0.0,6.44,0.5014,5.8,0.6389,1.4,0.6389
excitement_new_17_midj_sa.jpg,4.28,1.1613,1.0,0.0,5.54,0.7343,3.1,0.9091,1.98,0.8449,1.0,0.0,6.04,0.1979,1.0,0.0,6.14,0.3505,2.26,0.6642,2.1,0.8391,1.0,0.0,6.44,0.5014,1.0,0.0,1.28,0.4536,5.98,0.3188,5.96,0.3476,1.38,0.6354
excitement_new_19.jpg,2.54,0.9082,2.74,0.9858,1.36,0.5628,5.44,0.7045,2.38,0.9666,1.08,0.274,6.14,0.3505,5.56,0.6115,1.44,0.5771,1.78,0.7365,1.0,0.0,1.08,0.274,2.88,0.8241,4.88,1.0622,1.0,0.0,6.3,0.4629,5.76,0.6565,2.78,1.0934
excitement_new_2.jpg,5.94,0.3731,1.42,0.5746,2.88,0.8241,4.0,1.1249,3.48,1.1993,1.0,0.0,6.14,0.3505,2.2,0.6061,5.82,0.5956,2.62,0.6354,1.0,0.0,1.1,0.303,6.04,0.1979,1.26,0.4431,1.06,0.2399,6.06,0.2399,5.9,0.4165,1.68,0.7677
excitement_new_20.jpg,4.3,1.2657,1.5,0.6776,2.32,0.6833,5.92,0.3405,4.16,1.2993,1.0,0.0,6.36,0.4849,3.44,0.8843,5.94,0.3731,2.28,0.6713,1.0,0.0,1.06,0.2399,6.26,0.4431,1.26,0.4431,1.04,0.1979,6.26,0.4431,5.98,0.3774,2.16,0.7918
excitement_new_21.jpg,5.56,0.9071,2.24,0.6869,1.4,0.6389,4.82,1.0821,2.94,1.0956,1.0,0.0,6.3,0.4629,2.58,0.6417,3.72,1.2623,2.56,0.7045,1.0,0.0,1.04,0.1979,5.96,0.3476,1.44,0.5771,1.0,0.0,6.42,0.4986,5.54,0.7616,1.92,0.8291
excitement_new_22.jpg,3.48,1.015,3.4,1.1066,1.98,0.8449,1.94,0.8184,1.66,0.7982,1.58,0.6728,6.3,0.4629,1.22,0.4185,5.56,0.9071,1.34,0.5573,1.0,0.0,1.0,0.0,6.04,0.2828,2.02,0.5529,1.0,0.0,6.5,0.5051,6.08,0.4882,1.92,0.8291
excitement_new_22_midj_af.jpg,4.96,1.1421,1.06,0.2399,5.54,0.7616,2.14,0.7827,1.94,0.8901,1.1,0.303,6.06,0.2399,1.0,0.0,6.22,0.4185,1.6,0.6999,1.94,1.1502,1.0,0.0,6.44,0.5014,1.0,0.0,1.04,0.1979,6.06,0.2399,5.98,0.3188,1.2,0.4041
excitement_new_22_midj_as.jpg,4.06,1.0768,1.32,0.5869,3.72,1.011,2.12,0.773,1.86,0.8084,1.0,0.0,5.92,0.274,1.04,0.1979,5.96,0.3476,2.32,0.6833,1.14,0.4046,1.06,0.2399,6.06,0.2399,1.2,0.4041,1.42,0.5746,5.96,0.3476,5.94,0.3731,1.88,0.8722
excitement_new_22_midj_euna.jpg,3.48,1.015,3.4,1.1066,1.98,0.8449,1.94,0.8184,1.66,0.7982,1.6,0.6999,6.3,0.4629,1.22,0.4185,5.56,0.9071,1.34,0.5573,1.0,0.0,1.0,0.0,6.06,0.2399,2.02,0.5529,1.0,0.0,6.5,0.5051,6.08,0.4882,1.92,0.8291
excitement_new_22_midj_sa.jpg,4.56,1.2643,1.04,0.1979,5.26,1.0654,2.16,0.7384,1.84,0.8657,1.0,0.0,6.06,0.2399,1.0,0.0,6.26,0.4431,1.72,0.701,1.12,0.3283,1.0,0.0,6.44,0.5014,1.0,0.0,1.06,0.2399,6.06,0.2399,6.0,0.3499,1.1,0.303
excitement_new_4.jpg,4.9,1.165,1.52,0.6141,2.7,0.953,5.7,0.6145,3.72,1.2623,1.04,0.1979,6.06,0.2399,2.98,0.8687,5.96,0.3476,2.2,0.6389,1.0,0.0,1.04,0.1979,6.06,0.2399,1.54,0.5789,1.1,0.303,6.06,0.2399,5.96,0.3476,2.28,0.9697
excitement_new_5.jpg,5.54,0.9304,1.08,0.274,2.4,0.9476,5.96,0.3476,2.4,0.9476,1.0,0.0,6.06,0.2399,3.04,0.9026,6.04,0.1979,1.98,0.6224,1.0,0.0,1.0,0.0,6.14,0.3505,1.22,0.4185,1.1,0.303,6.06,0.2399,5.98,0.3188,1.98,0.8449
excitement_new_5_midj_af.jpg,5.66,0.8947,1.04,0.1979,1.6,0.7559,5.52,0.9089,1.66,0.7982,1.0,0.0,6.44,0.5014,2.84,0.8172,6.42,0.4986,1.38,0.6024,1.0,0.0,1.0,0.0,6.42,0.4986,1.04,0.1979,1.0,0.0,6.5,0.5051,6.04,0.4499,1.68,0.7677
excitement_new_5_midj_as.jpg,5.78,0.6158,1.04,0.1979,3.68,1.2526,5.6,0.6701,2.02,0.8687,1.0,0.0,6.04,0.1979,2.2,0.6061,6.06,0.2399,1.84,0.7103,1.06,0.2399,1.0,0.0,6.06,0.2399,1.2,0.4041,1.04,0.1979,5.98,0.3188,5.96,0.3476,2.12,0.773
excitement_new_5_midj_euna.jpg,4.56,1.2643,1.04,0.1979,2.76,0.9381,5.96,0.3476,2.4,0.9476,1.0,0.0,6.06,0.2399,2.66,0.6263,6.06,0.2399,1.94,0.6518,1.04,0.1979,1.0,0.0,6.26,0.4431,1.1,0.303,1.24,0.4314,6.06,0.2399,5.96,0.3476,1.66,0.7453
excitement_new_5_midj_sa.jpg,3.42,1.0319,1.0,0.0,3.98,1.2204,5.22,0.864,2.06,0.8668,1.0,0.0,6.02,0.1414,2.02,0.5147,6.0,0.202,2.82,0.7743,1.08,0.274,1.08,0.274,6.06,0.2399,1.04,0.1979,2.44,0.5771,5.94,0.3136,5.94,0.3136,1.78,0.7365
excitement_new_6.jpg,2.3,0.7354,2.08,0.6652,2.12,0.773,2.36,0.6928,1.98,0.8449,1.04,0.1979,5.94,0.3136,1.72,0.701,2.04,0.57,2.8,0.6999,1.0,0.0,1.22,0.4185,5.0,0.9035,1.98,0.6224,1.1,0.303,5.96,0.3476,5.5,0.7071,1.88,0.8722
excitement_new_7.jpg,2.84,0.7384,3.88,0.9613,1.6,0.6999,2.36,0.6627,1.44,0.7045,1.08,0.274,5.72,0.4536,2.72,0.5729,1.48,0.5799,3.4,0.7825,1.0,0.0,1.52,0.5436,4.32,1.0583,2.58,0.6417,1.98,0.5147,5.62,0.4903,3.62,0.9875,2.64,0.9638
excitement_new_8.jpg,2.16,0.7918,1.04,0.1979,2.8,0.8571,5.16,0.7918,2.36,0.9424,1.0,0.0,5.94,0.3136,1.24,0.4314,2.8,0.7559,3.28,0.8581,1.22,0.4647,1.46,0.5425,5.94,0.3731,1.42,0.5746,2.04,0.533,5.9,0.4165,5.06,0.8901,1.84,0.8657
excitement_new_9.jpg,5.3,1.1473,1.72,0.701,2.06,0.7398,5.64,0.6928,2.98,1.0593,1.0,0.0,6.42,0.4986,3.12,0.9179,4.82,1.2237,2.34,0.7174,1.0,0.0,1.0,0.0,6.2,0.4041,1.54,0.5789,1.06,0.2399,6.44,0.5014,5.98,0.3774,1.98,0.8449
1120_midj.jpg,1.1,0.303,4.58,1.3566,1.0,0.0,1.72,0.7296,1.06,0.2399,4.32,1.2526,3.44,1.0529,5.92,0.4445,1.0,0.0,1.4,0.6389,1.0,0.0,1.08,0.274,1.0,0.0,5.96,0.402,1.0,0.0,6.1,0.6145,1.38,0.6354,6.04,0.4499
1930_midj.jpg,1.06,0.2399,3.62,1.4831,1.0,0.0,1.82,0.7197,1.08,0.274,5.58,0.7848,5.3,0.9949,6.44,0.5014,1.0,0.0,1.22,0.4185,1.0,0.0,1.1,0.303,1.0,0.0,6.36,0.4849,1.0,0.0,6.3,0.5803,1.14,0.4046,6.42,0.4986
2770_midj.jpg,2.4,0.6701,4.14,1.0104,1.24,0.4314,4.06,1.0184,1.38,0.6667,5.26,0.6943,2.48,0.5799,4.98,0.769,1.0,0.0,2.4,0.8081,1.0,0.0,2.48,0.5436,1.44,0.5771,5.56,0.5014,1.1,0.303,4.92,0.8533,2.08,0.6652,4.92,0.8533
2811_midj.jpg,1.08,0.274,3.3,1.0152,1.08,0.274,1.0,0.0,1.38,0.6667,1.66,0.7982,2.56,0.9293,3.2,1.0498,1.0,0.0,1.6,0.7559,1.0,0.0,1.8,0.6999,1.0,0.0,5.8,0.4949,1.0,0.0,4.98,0.9366,1.34,0.6263,4.48,1.0349
6250.1_midj.jpg,1.08,0.274,5.32,0.6833,1.08,0.274,1.08,0.274,1.14,0.4046,1.8,0.6999,4.54,0.9733,4.04,1.0294,1.0,0.0,2.08,0.7239,1.0,0.0,2.0,0.4949,1.04,0.1979,5.96,0.3476,1.0,0.0,5.74,0.5272,1.38,0.6354,4.86,1.1068
6250.1_midj_af.jpg,1.0,0.0,5.4,0.7825,1.0,0.0,1.04,0.1979,1.04,0.1979,1.98,0.8687,1.6,0.6999,4.58,1.3566,1.0,0.0,1.38,0.6354,1.0,0.0,1.98,0.5887,1.0,0.0,6.14,0.3505,1.0,0.0,5.68,0.6528,1.22,0.4647,5.6,0.7559
6250.1_midj_as.jpg,1.0,0.0,4.38,1.1761,1.04,0.1979,1.04,0.1979,1.06,0.2399,1.22,0.4647,3.78,0.9957,4.0,1.1249,1.0,0.0,2.0,0.8806,1.0,0.0,1.48,0.5799,1.0,0.0,5.96,0.3476,1.0,0.0,5.6,0.6999,1.38,0.6354,5.02,1.1516
6250.1_midj_euna.jpg,1.0,0.0,5.12,0.799,1.04,0.1979,1.04,0.1979,1.0,0.0,2.46,0.8855,3.54,0.9521,5.84,0.4677,1.0,0.0,1.72,0.701,1.0,0.0,2.12,0.4798,1.0,0.0,6.06,0.2399,1.0,0.0,5.8,0.4949,1.14,0.4046,5.6,0.6999
6250.1_midj_sa.jpg,1.08,0.274,5.32,0.6833,1.08,0.274,1.08,0.274,1.14,0.4046,1.8,0.6999,4.54,0.9733,4.04,1.0294,1.0,0.0,2.1,0.7354,1.0,0.0,2.0,0.4949,1.04,0.1979,5.96,0.3476,1.0,0.0,5.74,0.5272,1.38,0.6354,4.86,1.1068
6370_midj.jpg,1.0,0.0,3.42,0.9495,1.68,0.7677,3.86,1.2124,1.54,0.7616,2.76,0.9381,1.6,0.6999,5.18,0.8003,1.0,0.0,2.82,0.9833,1.0,0.0,4.4,0.9689,1.1,0.303,5.96,0.3476,1.8,0.6999,3.52,1.0349,1.6,0.7559,5.46,0.706
6370_midj_af.jpg,1.0,0.0,6.0,0.2857,1.1,0.303,1.2,0.4041,1.38,0.6667,3.36,1.0835,1.82,0.7197,3.92,1.1925,1.0,0.0,1.94,0.8184,1.0,0.0,2.02,0.5529,1.0,0.0,6.04,0.1979,1.0,0.0,5.84,0.4677,1.58,0.7309,5.74,0.6328
6370_midj_as.jpg,1.0,0.0,4.74,0.7775,1.38,0.6354,2.1,0.7354,1.44,0.7045,2.86,0.8332,2.48,0.5799,4.5,0.9313,1.0,0.0,2.8,0.8571,1.0,0.0,3.28,0.8091,1.2,0.4041,5.78,0.4185,1.22,0.4185,4.98,0.769,2.24,0.6869,4.9,0.8391
6370_midj_euna.jpg,1.0,0.0,5.62,0.4903,1.24,0.4764,1.38,0.6354,1.38,0.6667,2.72,0.9044,2.0,0.6061,3.6,1.0102,1.0,0.0,2.52,0.9311,1.0,0.0,2.32,0.5869,1.08,0.274,5.86,0.3505,1.08,0.274,5.16,0.7918,2.08,0.7239,5.0,0.8806
6370_midj_sa.jpg,1.0,0.0,5.5,0.6468,1.26,0.487,1.38,0.6354,1.52,0.7624,2.84,0.9337,2.12,0.6273,4.64,1.0053,1.0,0.0,2.4,0.8081,1.0,0.0,2.52,0.5436,1.04,0.1979,5.94,0.3136,1.04,0.1979,5.32,0.6833,2.0,0.6999,5.18,0.8003
a002_midj.jpg,2.7,0.953,2.74,1.0844,1.8,0.7825,1.36,0.6312,2.38,0.9666,5.1,0.9313,2.6,0.9897,1.68,0.7677,1.36,0.6312,2.4,0.9476,1.08,0.274,1.2,0.4041,2.02,0.5529,4.44,1.0134,1.06,0.2399,4.86,1.1068,2.16,0.7918,3.2,1.0498
animals_076_v_midj.jpg,1.06,0.2399,6.7,0.4629,1.0,0.0,1.0,0.0,1.0,0.0,2.56,1.2961,2.06,0.8668,2.36,1.3516,1.0,0.0,1.0,0.0,1.0,0.0,1.0,0.0,1.0,0.0,6.5,0.5051,1.0,0.0,6.6,0.4949,1.08,0.274,6.1,0.544
animals_076_v_midj_af.jpg,1.22,0.4185,6.04,0.4499,1.1,0.303,3.44,1.0529,1.52,0.7624,1.84,0.7918,5.22,0.91,3.88,1.2395,1.0,0.0,1.26,0.4431,1.0,0.0,1.04,0.1979,1.28,0.4536,5.46,0.8381,1.0,0.0,6.08,0.4445,1.94,0.8184,4.92,1.122
animals_076_v_midj_as.jpg,1.08,0.274,6.16,0.5095,1.04,0.1979,2.46,0.8855,1.14,0.4046,2.04,0.7548,5.1,0.9313,5.54,0.7343,1.0,0.0,1.08,0.274,1.0,0.0,1.0,0.0,1.08,0.274,5.78,0.6158,1.0,0.0,6.5,0.5051,1.66,0.7982,5.84,0.6181
animals_076_v_midj_euna.jpg,1.06,0.2399,6.7,0.4629,1.0,0.0,1.0,0.0,1.0,0.0,2.56,1.2961,2.06,0.8668,2.36,1.3516,1.0,0.0,1.0,0.0,1.0,0.0,1.0,0.0,1.0,0.0,6.5,0.5051,1.0,0.0,6.6,0.4949,1.08,0.274,6.1,0.544
animals_076_v_midj_sa.jpg,1.38,0.6354,5.78,0.6158,1.1,0.303,2.8,0.9035,1.22,0.4647,1.94,0.8184,5.34,0.7453,3.88,1.2395,1.0,0.0,1.22,0.4185,1.0,0.0,1.06,0.2399,1.22,0.4185,5.08,1.066,1.0,0.0,5.98,0.3774,2.02,0.8687,4.92,1.122
fear_new_1.jpg,1.0,0.0,1.52,0.6141,1.08,0.274,1.04,0.1979,1.0,0.0,3.94,1.2843,3.68,1.3161,6.44,0.5014,1.0,0.0,1.04,0.1979,1.0,0.0,2.0,0.4949,1.0,0.0,6.44,0.5014,1.0,0.0,5.98,0.3774,1.2,0.4041,6.42,0.4986
fear_new_2.jpg,1.0,0.0,5.74,0.8283,1.0,0.0,1.06,0.2399,1.0,0.0,6.16,0.4219,5.52,0.9089,6.42,0.4986,1.0,0.0,1.0,0.0,1.0,0.0,1.28,0.4536,1.0,0.0,6.44,0.5014,1.0,0.0,6.42,0.4986,1.08,0.274,6.42,0.4986
fear_new_3.jpg,1.04,0.1979,1.08,0.274,1.58,0.7309,2.06,0.6824,1.04,0.1979,2.22,0.6481,2.36,0.6627,5.62,0.4903,1.0,0.0,2.2,0.6701,1.0,0.0,5.5,0.6468,1.08,0.274,5.94,0.3136,1.94,0.55,2.74,0.5646,1.78,0.7365,5.66,0.4785
fear_new_4.jpg,1.0,0.0,1.0,0.0,1.06,0.2399,1.36,0.598,1.0,0.0,2.2,0.6701,2.04,0.7548,6.3,0.4629,1.0,0.0,1.8,0.6999,1.0,0.0,2.82,0.7743,1.0,0.0,6.42,0.4986,1.04,0.1979,3.7,1.0738,1.08,0.274,6.42,0.4986
fear_new_5.jpg,1.0,0.0,2.02,0.5529,1.64,0.7217,1.6,0.6999,1.14,0.4046,2.68,0.8437,1.76,0.6869,5.96,0.3476,1.0,0.0,1.62,0.6354,1.0,0.0,4.08,0.9223,1.04,0.1979,6.04,0.1979,1.0,0.0,5.42,0.6728,1.72,0.7296,5.96,0.3476
fear_new_5_midj_af.jpg,1.22,0.4647,2.86,0.8332,2.16,0.7384,4.58,1.012,2.02,0.8687,3.24,1.0012,2.4,0.6701,5.22,0.6788,1.0,0.0,2.76,0.8704,1.0,0.0,5.18,0.7475,1.28,0.4536,5.86,0.3505,1.84,0.5841,4.44,0.9723,2.32,0.6833,5.2,0.7559
fear_new_5_midj_as.jpg,1.22,0.4647,2.84,0.7656,2.74,0.7775,2.86,0.8332,2.16,0.7918,3.14,0.926,2.74,0.6642,4.74,0.7775,1.0,0.0,2.74,0.7775,1.34,0.5928,4.62,0.753,2.12,0.4798,5.6,0.4949,1.58,0.6091,4.74,0.8283,2.92,0.8533,4.92,0.8533
fear_new_5_midj_euna.jpg,1.04,0.1979,4.64,0.7762,2.28,0.6713,1.82,0.7197,2.02,0.8687,2.28,0.6713,2.98,0.8687,4.42,0.8352,1.0,0.0,2.84,0.7656,1.0,0.0,2.62,0.5303,1.78,0.5455,5.66,0.4785,1.3,0.5051,5.22,0.6788,2.88,0.799,4.74,0.8283
fear_new_5_midj_sa.jpg,1.0,0.0,3.54,0.8134,1.98,0.6224,4.42,0.9495,2.02,0.8687,2.74,0.7775,3.38,0.8545,4.7,0.7354,1.0,0.0,2.86,0.8084,1.04,0.1979,3.9,0.8631,2.02,0.5147,5.32,0.6528,1.96,0.57,4.7,0.7354,2.52,0.5436,4.98,0.769
fear_new_6.jpg,1.0,0.0,1.7,0.7071,1.06,0.2399,1.22,0.4185,1.0,0.0,3.56,1.1095,1.44,0.5771,6.06,0.2399,1.0,0.0,2.1,0.7071,1.0,0.0,5.9,0.4165,1.0,0.0,6.42,0.4986,1.0,0.0,4.42,0.9495,1.2,0.4041,6.04,0.4499
fear_new_7.jpg,1.0,0.0,1.6,0.6999,1.22,0.4185,1.1,0.303,1.04,0.1979,3.36,1.0835,1.8,0.6999,6.32,0.4712,1.0,0.0,1.08,0.274,1.0,0.0,3.84,0.9971,1.0,0.0,6.42,0.4986,1.0,0.0,5.9,0.4165,1.36,0.6312,6.14,0.3505
fear_new_8.jpg,1.0,0.0,5.1,0.9313,1.0,0.0,1.04,0.1979,1.18,0.4819,1.52,0.6773,3.56,0.951,5.96,0.3476,1.0,0.0,1.72,0.7296,1.0,0.0,2.0,0.5345,1.0,0.0,6.2,0.4041,1.0,0.0,5.84,0.4677,1.08,0.274,5.8,0.6389
fear_new_9.jpg,1.0,0.0,5.2,0.7559,1.08,0.274,2.5,0.7354,1.14,0.4046,2.2,0.6701,2.28,0.6713,5.78,0.4185,1.0,0.0,1.82,0.7197,1.0,0.0,1.92,0.5657,1.04,0.1979,5.82,0.3881,1.0,0.0,5.32,0.6528,1.66,0.7453,5.54,0.6131
neghighsoc_24_midj.jpg,1.0,0.0,5.84,0.4677,1.08,0.274,1.1,0.303,1.12,0.3854,5.6,0.6389,1.08,0.274,5.7,0.5051,1.0,0.0,1.4,0.6389,1.0,0.0,5.9,0.4165,1.0,0.0,6.3,0.4629,1.0,0.0,5.54,0.6764,1.26,0.5272,5.7,0.5051
spider_052_midj.jpg,1.92,0.8041,1.38,0.6354,1.38,0.6354,4.28,1.0698,1.08,0.274,4.02,1.1516,3.72,1.011,3.82,1.0039,1.0,0.0,2.7,1.0152,1.0,0.0,1.34,0.5573,1.44,0.6115,4.08,1.085,1.1,0.303,4.86,1.1068,2.06,0.6824,5.02,1.1516
spider_069_midj.jpg,1.1,0.303,1.34,0.6263,1.08,0.274,2.32,0.6833,1.04,0.1979,4.4,1.088,2.32,0.6833,3.82,0.919,1.0,0.0,2.82,0.8003,1.0,0.0,1.46,0.6455,1.06,0.2399,4.76,0.8466,1.24,0.4314,3.76,1.0012,1.58,0.7309,4.96,1.1599
spider_069_midj_af.jpg,1.34,0.6263,1.34,0.6263,1.08,0.274,2.36,0.6928,1.0,0.0,3.46,0.9082,2.32,0.6833,3.78,0.91,1.0,0.0,3.24,0.8935,1.0,0.0,1.46,0.6455,1.04,0.1979,4.58,0.7848,1.5,0.6776,3.4,0.9258,1.6,0.7559,4.66,1.0616
spider_069_midj_as.jpg,2.36,0.6928,1.08,0.274,1.54,0.7616,3.44,0.951,1.1,0.3642,2.8,0.7559,3.28,0.8581,2.74,0.5646,1.04,0.1979,3.16,0.9116,1.0,0.0,1.3,0.5051,2.2,0.6389,3.18,0.8734,2.16,0.7384,3.8,0.9035,2.36,0.6928,3.5,0.8864
spider_069_midj_euna.jpg,2.38,0.8545,1.66,0.7982,1.38,0.6354,3.52,1.0349,1.12,0.3854,3.38,0.9875,3.18,0.9409,3.48,0.9089,1.0,0.0,3.24,0.8935,1.0,0.0,1.5,0.6776,1.38,0.6354,4.06,1.0184,1.5,0.6776,4.0,1.1249,2.16,0.7384,4.86,1.1068
spider_069_midj_sa.jpg,1.14,0.4046,1.34,0.6263,1.08,0.274,2.32,0.6833,1.04,0.1979,4.44,1.0721,2.32,0.6833,3.82,0.919,1.0,0.0,2.82,0.8003,1.0,0.0,1.46,0.6455,1.06,0.2399,4.76,0.8466,1.24,0.4314,3.76,1.0012,1.58,0.7309,4.96,1.1599
2347_midj.jpg,6.44,0.5014,1.0,0.0,6.18,0.5226,2.14,0.7562,1.66,0.7982,1.0,0.0,6.34,0.4785,1.0,0.0,6.92,0.274,1.44,0.5771,4.5,1.5419,1.0,0.0,6.96,0.1979,1.0,0.0,1.08,0.274,6.26,0.4431,6.08,0.4882,1.1,0.303
8461_midj.jpg,5.98,0.3188,1.0,0.0,6.0,0.3499,1.38,0.6354,2.6,0.9897,1.0,0.0,5.8,0.4518,1.0,0.0,6.3,0.4629,2.24,0.6565,4.1,1.3887,1.0,0.0,6.44,0.5014,1.0,0.0,1.68,0.6207,5.88,0.4352,5.96,0.3476,1.1,0.303
amusement_new_1.jpg,6.6,0.4949,1.0,0.0,5.88,0.8722,1.38,0.6354,1.86,0.8084,1.0,0.0,6.6,0.4949,1.0,0.0,6.92,0.274,1.08,0.274,1.08,0.274,1.0,0.0,6.96,0.1979,1.0,0.0,1.0,0.0,6.58,0.4986,6.08,0.4445,1.22,0.4647
amusement_new_2.jpg,6.04,0.1979,1.0,0.0,6.22,0.4185,1.38,0.6354,2.9,0.8631,1.0,0.0,3.88,0.9613,1.0,0.0,6.2,0.4041,2.04,0.57,5.9,0.5803,1.0,0.0,6.44,0.5014,1.0,0.0,2.3,0.5051,5.8,0.4518,5.98,0.3774,1.2,0.4041
amusement_new_2_midj_af.jpg,4.02,1.02,1.0,0.0,6.06,0.2399,2.24,0.6869,4.54,1.0539,1.0,0.0,3.82,0.8003,1.0,0.0,6.04,0.1979,2.44,0.5771,5.96,0.3476,1.0,0.0,6.3,0.4629,1.0,0.0,4.02,1.02,4.64,0.7762,5.9,0.4165,1.36,0.6312
amusement_new_2_midj_as.jpg,4.94,0.8901,1.0,0.0,6.04,0.1979,1.86,0.7827,4.88,1.0812,1.0,0.0,3.58,0.7848,1.0,0.0,6.02,0.1414,2.7,0.5803,5.82,0.5956,1.04,0.1979,6.06,0.2399,1.0,0.0,3.86,0.9037,4.98,0.769,5.94,0.3731,1.38,0.6354
amusement_new_2_midj_euna.jpg,6.04,0.1979,1.0,0.0,6.2,0.4041,1.38,0.6354,2.9,0.8631,1.0,0.0,3.88,0.9613,1.0,0.0,6.2,0.4041,2.04,0.57,5.9,0.5803,1.0,0.0,6.44,0.5014,1.0,0.0,2.28,0.4965,5.8,0.4518,5.98,0.3774,1.22,0.4647
amusement_new_2_midj_sa.jpg,3.6,0.9897,1.0,0.0,6.14,0.3505,2.04,0.7548,4.68,1.2027,1.0,0.0,2.9,0.7626,1.0,0.0,6.04,0.1979,2.72,0.6074,6.02,0.3188,1.04,0.1979,6.42,0.4986,1.0,0.0,4.78,1.0934,4.24,0.9381,5.96,0.3476,1.38,0.6354
amusement_new_5.jpg,6.14,0.3505,1.0,0.0,6.08,0.4445,1.1,0.303,2.18,0.7743,1.0,0.0,5.46,0.6764,1.0,0.0,6.3,0.4629,1.72,0.701,3.14,1.1782,1.0,0.0,6.58,0.4986,1.0,0.0,1.54,0.5789,5.84,0.4677,5.98,0.3774,1.22,0.4647
amusement_new_6.jpg,5.5,0.7071,1.0,0.0,5.96,0.3476,2.36,0.6627,2.8,0.9035,1.0,0.0,4.76,0.8466,1.0,0.0,6.04,0.1979,2.12,0.5584,2.88,1.1183,1.06,0.2399,6.3,0.4629,1.04,0.1979,2.52,0.5436,5.78,0.4185,5.9,0.4165,1.58,0.7309
amusement_new_7.jpg,6.04,0.1979,1.04,0.1979,5.98,0.3774,1.22,0.4185,1.92,0.8533,1.0,0.0,5.48,0.6773,1.0,0.0,6.06,0.2399,1.48,0.5799,2.82,1.3506,1.0,0.0,6.36,0.4849,1.08,0.274,1.2,0.4041,5.88,0.4352,5.08,1.1925,1.24,0.4764
amusement_new_8.jpg,6.04,0.1979,1.04,0.1979,5.44,0.993,1.08,0.274,1.34,0.6263,1.0,0.0,5.94,0.3731,1.0,0.0,6.36,0.4849,1.64,0.6627,1.46,0.9941,1.0,0.0,6.44,0.5014,1.08,0.274,1.1,0.303,5.96,0.3476,5.96,0.3476,1.62,0.7796
joy_new_10.jpg,5.02,1.1692,1.0,0.0,6.14,0.3505,1.94,0.6518,3.2,1.0302,1.0,0.0,5.8,0.4518,1.0,0.0,6.42,0.4986,2.18,0.6606,5.4,1.178,1.0,0.0,6.7,0.4629,1.0,0.0,2.76,0.6869,5.6,0.6701,6.0,0.3499,1.18,0.3881
joy_new_10_midj_af.jpg,3.42,1.0319,1.0,0.0,6.14,0.3505,2.16,0.7384,3.68,1.2526,1.0,0.0,4.14,1.0692,1.0,0.0,6.06,0.2399,2.16,0.6809,5.98,0.3774,1.04,0.1979,6.44,0.5014,1.0,0.0,4.64,1.0451,5.06,0.9348,5.98,0.3188,1.22,0.4647
joy_new_10_midj_as.jpg,4.06,1.0768,1.0,0.0,6.04,0.1979,2.32,0.6833,3.72,1.2129,1.0,0.0,4.36,0.9638,1.0,0.0,6.0,0.0,2.44,0.5771,5.82,0.6289,1.1,0.303,6.04,0.1979,1.0,0.0,5.24,0.8221,5.0,0.9035,5.96,0.2828,1.38,0.6354
joy_new_10_midj_euna.jpg,5.02,1.1692,1.0,0.0,6.14,0.3505,1.94,0.6518,3.2,1.0302,1.0,0.0,5.8,0.4518,1.0,0.0,6.42,0.4986,2.2,0.6701,5.4,1.178,1.0,0.0,6.7,0.4629,1.0,0.0,2.76,0.6869,5.6,0.6701,6.0,0.3499,1.2,0.4041
joy_new_10_midj_sa.jpg,3.54,0.9304,1.0,0.0,6.06,0.2399,1.72,0.701,3.22,1.016,1.0,0.0,3.6,0.7559,1.0,0.0,6.04,0.1979,2.62,0.6354,5.42,1.0515,1.06,0.2399,6.26,0.4431,1.0,0.0,4.44,1.0134,4.18,1.0631,5.96,0.3476,1.38,0.6354
joy_new_11.jpg,6.06,0.2399,1.0,0.0,5.58,0.9278,3.6,1.0102,2.78,0.8873,1.0,0.0,6.26,0.4431,1.32,0.5127,6.58,0.4986,1.8,0.6999,1.38,0.6354,1.0,0.0,6.86,0.3505,1.0,0.0,1.08,0.274,6.26,0.4431,6.02,0.3188,1.38,0.6354
joy_new_11_midj_af.jpg,5.42,0.6728,1.2,0.4041,4.56,1.0134,2.16,0.6809,3.08,0.9223,1.04,0.1979,5.46,0.5425,1.06,0.2399,5.92,0.274,2.52,0.5436,1.36,0.598,1.08,0.274,6.04,0.1979,1.26,0.4431,1.94,0.55,5.32,0.6528,5.32,0.6833,1.58,0.7309
joy_new_11_midj_as.jpg,6.3,0.4629,1.0,0.0,5.98,0.3774,2.24,0.744,2.06,0.8668,1.0,0.0,6.06,0.2399,1.04,0.1979,6.42,0.4986,1.24,0.4314,1.64,0.7762,1.0,0.0,6.7,0.4629,1.0,0.0,1.0,0.0,6.02,0.3188,5.98,0.3774,1.38,0.6354
joy_new_11_midj_euna.jpg,6.06,0.2399,1.0,0.0,5.58,0.9278,3.6,1.0102,2.78,0.8873,1.0,0.0,6.26,0.4431,1.36,0.5628,6.58,0.4986,1.8,0.6999,1.38,0.6354,1.0,0.0,6.86,0.3505,1.0,0.0,1.08,0.274,6.26,0.4431,6.02,0.3188,1.38,0.6354
joy_new_11_midj_sa.jpg,5.94,0.3136,1.0,0.0,5.96,0.3476,2.12,0.7183,2.9,0.8631,1.0,0.0,5.92,0.274,1.0,0.0,6.06,0.2399,2.44,0.5771,3.66,1.239,1.0,0.0,6.42,0.4986,1.0,0.0,1.96,0.6047,5.82,0.3881,5.88,0.4352,1.22,0.4647
joy_new_12.jpg,6.3,0.4629,1.0,0.0,6.18,0.5226,3.2,1.0302,2.36,0.9424,1.0,0.0,6.44,0.5014,1.0,0.0,6.96,0.1979,1.24,0.4314,2.24,1.2707,1.0,0.0,6.96,0.1979,1.0,0.0,1.34,0.4785,6.22,0.4185,6.34,0.4785,1.1,0.303
joy_new_13.jpg,5.78,0.5817,1.04,0.1979,5.9,0.4165,3.92,1.1578,2.52,0.9528,1.2,0.4041,5.84,0.4219,1.04,0.1979,6.02,0.2466,2.28,0.6713,4.3,1.4463,1.04,0.1979,6.3,0.4629,1.04,0.1979,2.08,0.5284,5.84,0.4219,5.96,0.3476,1.4,0.6389
joy_new_14.jpg,5.98,0.3774,1.0,0.0,6.42,0.4986,1.78,0.7365,2.3,0.9949,1.0,0.0,6.0,0.3499,1.0,0.0,6.42,0.4986,1.94,0.6518,5.98,0.6224,1.0,0.0,6.76,0.4314,1.0,0.0,1.98,0.5147,6.0,0.3499,6.08,0.4445,1.08,0.274
joy_new_2_midj_af.jpg,5.84,0.5841,1.0,0.0,6.08,0.4882,1.22,0.4647,3.7,1.1824,1.0,0.0,5.74,0.6328,1.0,0.0,6.7,0.4629,1.96,0.6047,3.76,1.4647,1.0,0.0,6.92,0.274,1.0,0.0,2.04,0.57,5.3,0.7626,6.08,0.4445,1.08,0.274
joy_new_2_midj_as.jpg,5.88,0.5584,1.0,0.0,5.98,0.3774,1.78,0.7365,4.04,1.293,1.0,0.0,5.66,0.7174,1.0,0.0,6.36,0.4849,2.24,0.6565,5.1,1.2817,1.0,0.0,6.5,0.5051,1.0,0.0,3.42,0.9278,5.3,0.7626,6.04,0.2828,1.22,0.4647
joy_new_2_midj_euna.jpg,6.14,0.3505,1.04,0.1979,5.94,0.8901,1.08,0.274,4.96,1.2447,1.26,0.4431,5.98,0.3774,1.0,0.0,6.6,0.4949,1.72,0.701,1.9,0.9091,1.0,0.0,6.8,0.4041,1.04,0.1979,1.0,0.0,5.96,0.3476,6.08,0.4882,1.22,0.4647
joy_new_2_midj_sa.jpg,5.84,0.5841,1.0,0.0,5.98,0.3774,1.4,0.6389,4.8,1.3401,1.0,0.0,5.9,0.4165,1.0,0.0,6.42,0.4986,2.04,0.57,4.26,1.5884,1.0,0.0,6.5,0.5051,1.0,0.0,2.62,0.6354,5.5,0.7354,6.0,0.3499,1.08,0.274
joy_new_4.jpg,4.56,1.2643,1.0,0.0,5.86,0.6064,1.78,0.7365,2.06,0.8668,1.0,0.0,5.1,1.0738,1.0,0.0,6.42,0.4986,2.26,0.6642,3.44,1.514,1.04,0.1979,6.6,0.4949,1.0,0.0,2.4,0.5714,5.82,0.5956,6.0,0.3499,1.38,0.6354
joy_new_5.jpg,5.46,0.706,1.0,0.0,6.0,0.3499,1.36,0.598,3.14,0.926,1.0,0.0,4.12,0.9613,1.0,0.0,6.06,0.2399,2.52,0.5436,4.46,1.328,1.0,0.0,6.44,0.5014,1.0,0.0,3.36,0.802,5.42,0.6728,5.96,0.3476,1.24,0.4764
joy_new_6.jpg,2.8,0.9689,1.0,0.0,5.72,0.7296,5.96,0.3476,2.02,0.8687,1.0,0.0,6.04,0.1979,1.08,0.274,6.14,0.3505,2.7,0.5803,1.72,0.7296,1.0,0.0,6.6,0.4949,1.0,0.0,2.7,0.5803,6.0,0.3499,5.98,0.3774,1.1,0.303
joy_new_7.jpg,4.84,1.2182,1.0,0.0,6.34,0.4785,1.6,0.6999,2.32,0.9781,1.0,0.0,4.64,1.0451,1.0,0.0,6.2,0.4041,2.18,0.6606,6.08,0.4445,1.04,0.1979,6.6,0.4949,1.0,0.0,2.84,0.7656,5.8,0.4518,5.98,0.3774,1.06,0.2399
joy_new_7_midj_af.jpg,2.32,0.6833,1.0,0.0,5.96,0.3476,2.32,0.6833,2.74,0.9216,1.04,0.1979,2.44,0.5771,1.0,0.0,5.46,0.6764,3.28,0.8581,5.9,0.4165,1.88,0.4352,6.04,0.1979,1.06,0.2399,5.92,0.274,3.1,0.6776,5.54,0.7343,1.66,0.7453
joy_new_7_midj_as.jpg,4.28,1.1613,1.0,0.0,6.14,0.3505,1.7,0.7071,2.4,0.8081,1.0,0.0,4.06,1.0768,1.0,0.0,6.06,0.2399,2.44,0.5771,5.98,0.3774,1.08,0.274,6.42,0.4986,1.0,0.0,4.24,1.0797,5.06,0.9348,5.96,0.3476,1.22,0.4647
joy_new_7_midj_euna.jpg,3.96,1.1773,1.0,0.0,6.14,0.3505,1.7,0.7071,2.42,0.9055,1.04,0.1979,4.24,1.0797,1.0,0.0,6.06,0.2399,2.48,0.5436,5.92,0.5657,1.1,0.303,6.42,0.4986,1.0,0.0,4.74,1.1214,5.06,0.9348,5.96,0.3476,1.2,0.4041
joy_new_7_midj_sa.jpg,4.08,1.1036,1.0,0.0,6.06,0.2399,2.32,0.6833,3.24,1.0214,1.0,0.0,5.46,0.6764,1.0,0.0,6.06,0.2399,2.62,0.6354,5.96,0.3476,1.04,0.1979,6.44,0.5014,1.0,0.0,5.06,1.0382,5.44,0.7045,5.96,0.3476,1.38,0.6354
joy_new_8.jpg,2.76,0.9381,1.0,0.0,5.78,0.4185,2.28,0.6713,5.06,0.8901,1.0,0.0,2.9,0.7626,1.0,0.0,5.92,0.274,2.62,0.6354,3.72,1.2623,1.22,0.4185,6.04,0.1979,1.0,0.0,5.66,0.4785,3.58,0.7848,5.82,0.3881,1.8,0.7825
joy_new_9.jpg,5.94,0.3731,1.0,0.0,6.2,0.4041,2.2,0.6701,2.92,1.027,1.0,0.0,5.94,0.3136,1.0,0.0,6.42,0.4986,2.1,0.544,5.44,1.1808,1.0,0.0,6.58,0.4986,1.0,0.0,2.48,0.5436,5.9,0.4165,6.06,0.2399,1.2,0.4041
maps152_midj.jpg,5.54,0.7343,1.04,0.1979,5.96,0.3476,1.38,0.6024,1.98,0.8449,1.0,0.0,5.3,0.7626,1.0,0.0,6.04,0.1979,2.44,0.5771,3.14,1.1068,1.0,0.0,6.24,0.4314,1.04,0.1979,2.4,0.5714,5.92,0.3405,5.96,0.3476,1.24,0.4764
2190_midj.jpg,1.04,0.1979,2.36,0.5253,2.52,0.5436,1.88,0.773,1.66,0.7982,2.0,0.6061,1.54,0.5789,2.02,0.5529,1.0,0.0,3.84,0.7918,1.08,0.274,3.5,0.7071,2.44,0.5014,4.3,0.6776,3.84,0.7918,3.02,0.4734,2.8,0.5345,3.38,0.8545
2190_midj_af.jpg,1.06,0.2399,1.58,0.6728,2.8,0.7559,2.98,0.8687,2.02,0.8687,1.5,0.6776,1.68,0.6207,1.24,0.4314,1.2,0.4041,3.56,0.8122,1.72,0.7296,3.1,0.6776,3.02,0.4734,3.28,0.8091,4.64,0.7762,2.94,0.7117,2.82,0.7475,3.04,0.9026
2190_midj_as.jpg,1.38,0.6354,1.22,0.4185,3.38,0.8545,3.2,0.8806,1.98,0.8449,1.46,0.6455,1.46,0.5425,1.1,0.303,1.42,0.4986,3.82,0.8003,2.74,0.9216,2.66,0.5194,3.78,0.79,2.4,0.5714,5.46,0.6455,2.74,0.5646,2.88,0.799,2.84,0.8172
2190_midj_euna.jpg,1.04,0.1979,2.36,0.5253,2.52,0.5436,1.88,0.773,1.66,0.7982,2.0,0.6061,1.54,0.5789,2.02,0.5529,1.0,0.0,3.84,0.7918,1.08,0.274,3.5,0.7071,2.44,0.5014,4.3,0.6776,3.84,0.7918,3.02,0.4734,2.8,0.5345,3.38,0.8545
2190_midj_sa.jpg,1.04,0.1979,1.98,0.5887,2.52,0.5436,2.24,0.6247,1.78,0.8154,1.72,0.701,1.36,0.4849,1.28,0.4536,1.08,0.274,3.48,0.7068,1.24,0.4314,3.48,0.7068,2.64,0.4849,3.78,0.79,3.4,0.7825,3.14,0.5718,2.78,0.6481,3.12,0.9179
2191_midj.jpg,1.44,0.6749,1.1,0.303,2.84,0.7656,1.98,0.6224,2.5,0.7354,1.72,0.701,2.4,0.4949,1.0,0.0,2.44,0.5014,3.48,0.7068,3.58,1.0897,2.1,0.4165,5.66,0.4785,1.94,0.55,4.58,0.8593,3.48,0.7068,4.52,0.9311,1.98,0.8449
2191_midj_af.jpg,1.22,0.4647,1.1,0.303,2.98,0.8687,2.36,0.6627,2.48,0.8628,1.46,0.6455,2.44,0.5014,1.0,0.0,2.2,0.4518,3.56,0.7866,4.62,1.0079,2.22,0.4185,5.36,0.6627,2.02,0.5529,4.64,0.7762,3.54,0.7343,4.4,0.9689,2.02,0.8687
2191_midj_as.jpg,1.38,0.6354,1.24,0.4314,3.54,0.8134,2.08,0.6652,2.42,0.7848,1.22,0.4185,2.3,0.4629,1.0,0.0,2.52,0.5436,3.48,0.7068,4.42,1.0897,2.18,0.3881,5.78,0.4185,2.02,0.5147,4.98,0.769,3.5,0.7071,4.54,0.8134,1.98,0.8449
2191_midj_euna.jpg,1.44,0.6749,1.1,0.303,2.84,0.7656,1.98,0.6224,2.5,0.7354,1.72,0.701,2.4,0.4949,1.0,0.0,2.44,0.5014,3.48,0.7068,3.58,1.0897,2.1,0.4165,5.66,0.4785,1.94,0.55,4.58,0.8593,3.48,0.7068,4.52,0.9311,1.98,0.8449
2191_midj_sa.jpg,2.24,0.744,1.62,0.6354,3.68,0.8192,2.32,0.6833,3.42,0.9495,1.46,0.6455,2.68,0.5127,1.04,0.1979,2.86,0.4522,3.48,0.7068,3.42,1.0319,2.3,0.4629,5.78,0.4185,2.14,0.4953,3.96,0.8562,3.84,0.7384,4.7,0.789,2.18,0.7743
2377_midj.jpg,1.92,0.8041,1.04,0.1979,3.4,0.7825,2.04,0.57,2.24,0.6869,1.1,0.303,2.22,0.4185,1.0,0.0,2.62,0.5303,3.46,0.706,1.94,0.8184,2.18,0.3881,5.6,0.4949,1.86,0.5349,5.18,0.6289,3.06,0.4243,3.86,0.8809,2.28,0.7296
2384_midj.jpg,1.6,0.7559,1.0,0.0,3.02,0.8919,1.98,0.5887,2.24,0.744,1.06,0.2399,1.98,0.5147,1.0,0.0,2.44,0.5014,3.9,0.8631,1.2,0.4041,2.18,0.3881,5.32,0.6833,1.98,0.5147,5.96,0.3476,2.52,0.5436,2.48,0.5799,2.18,0.8003
2384_midj_af.jpg,1.06,0.2399,1.0,0.0,2.88,0.8241,3.8,0.9035,2.48,0.8628,1.04,0.1979,1.62,0.5303,1.0,0.0,2.52,0.5436,3.82,0.8734,1.6,0.6999,2.4,0.4949,5.82,0.3881,1.88,0.5206,5.98,0.3188,2.66,0.5194,2.4,0.6701,2.18,0.7743
2384_midj_as.jpg,1.86,0.8084,1.0,0.0,4.52,1.0349,5.24,0.744,3.24,1.0012,1.0,0.0,2.04,0.533,1.0,0.0,5.26,0.6943,3.7,0.789,2.38,1.0476,2.14,0.4522,6.0,0.0,1.24,0.4314,6.04,0.1979,2.78,0.6481,4.0,1.0302,2.06,0.8668
2384_midj_euna.jpg,1.44,0.6749,1.0,0.0,3.78,0.9957,2.84,0.7384,2.8,0.9035,1.0,0.0,2.0,0.4949,1.0,0.0,3.58,0.7848,3.9,0.8631,1.7,0.7071,2.18,0.3881,5.92,0.274,1.46,0.5425,5.98,0.3188,2.66,0.5194,2.8,0.7559,2.28,0.9697
2384_midj_sa.jpg,1.08,0.274,1.0,0.0,3.3,1.0152,4.98,0.769,2.78,0.8873,1.04,0.1979,1.98,0.5147,1.0,0.0,2.72,0.5729,3.78,0.79,1.72,0.7296,2.44,0.5014,5.86,0.3505,1.98,0.5147,6.0,0.2857,2.52,0.5436,2.44,0.644,2.48,0.8628
5395_midj.jpg,1.36,0.6312,1.98,0.6224,2.06,0.6824,2.52,0.5436,1.82,0.8254,3.46,0.9082,1.72,0.6402,2.34,0.5194,1.0,0.0,3.38,0.7796,1.0,0.0,3.78,0.79,2.14,0.4522,4.82,0.5956,2.62,0.5303,3.12,0.5938,2.52,0.5436,3.38,0.8545
5471_midj.jpg,2.1,0.7071,1.2,0.4041,2.48,0.5436,3.98,0.9145,1.44,0.7045,1.06,0.2399,2.62,0.5303,1.42,0.5746,2.22,0.4647,3.66,0.7174,1.04,0.1979,2.22,0.4185,4.42,0.7848,2.28,0.4965,5.76,0.4764,3.06,0.55,3.42,0.8104,2.4,0.6701
5875_midj.jpg,1.88,0.773,1.08,0.274,4.18,1.0631,3.4,0.8571,2.44,0.644,1.2,0.4041,2.0,0.4949,1.06,0.2399,2.72,0.536,3.62,0.7253,2.3,0.7071,2.62,0.5303,5.92,0.3405,2.14,0.4953,5.96,0.3476,3.1,0.5051,3.72,0.8581,2.36,0.6928
5875_midj_af.jpg,1.86,0.7827,1.22,0.4185,3.38,0.8545,3.7,0.8864,2.74,0.8283,1.7,0.7071,2.3,0.4629,1.32,0.5127,2.2,0.4518,3.7,0.789,2.16,0.7918,2.8,0.5345,4.16,0.7656,2.62,0.5303,5.26,0.6328,3.06,0.55,3.48,0.8389,2.78,0.8873
5875_midj_as.jpg,1.28,0.536,1.0,0.0,4.28,0.9697,3.84,0.9116,2.74,0.8283,1.0,0.0,1.58,0.5379,1.0,0.0,2.98,0.5887,3.66,0.7722,2.78,1.016,2.44,0.5014,5.94,0.2399,1.52,0.5436,6.02,0.2466,2.8,0.5345,3.5,0.8864,2.24,0.744
5875_midj_euna.jpg,1.88,0.773,1.08,0.274,4.18,1.0631,3.4,0.8571,2.44,0.644,1.2,0.4041,2.0,0.4949,1.06,0.2399,2.72,0.536,3.62,0.7253,2.3,0.7071,2.62,0.5303,5.94,0.3136,2.14,0.4953,5.96,0.3476,3.1,0.5051,3.72,0.8581,2.36,0.6928
5875_midj_sa.jpg,2.4,0.6701,1.04,0.1979,4.94,0.8901,3.78,0.91,3.42,0.9495,1.08,0.274,2.44,0.5014,1.04,0.1979,4.84,0.7384,3.38,0.7796,3.72,1.2623,2.08,0.4445,6.02,0.1414,1.74,0.487,5.56,0.6115,3.48,0.7068,5.14,0.7562,2.24,0.744
7000_midj.jpg,1.62,0.753,1.0,0.0,2.68,0.7126,1.36,0.598,2.82,0.7475,1.0,0.0,1.48,0.5799,1.0,0.0,2.36,0.5253,3.52,0.7624,2.26,0.8992,1.64,0.6312,4.06,0.9775,1.2,0.4041,5.5,0.7071,2.52,0.5436,3.32,0.7677,1.66,0.7982
7001_midj.jpg,3.52,0.9739,1.2,0.4041,3.4,0.9258,2.46,0.6131,2.32,0.6833,1.2,0.4041,4.38,0.901,1.0,0.0,3.54,0.8381,3.4,0.7825,1.84,0.7918,1.26,0.4431,5.8,0.4518,1.1,0.303,2.48,0.5436,3.56,0.8122,5.1,0.8391,1.68,0.7677
7033_midj.jpg,1.86,0.7827,1.22,0.4185,2.22,0.5455,2.9,0.7626,1.98,0.8449,1.0,0.0,3.48,0.7068,1.46,0.5425,2.14,0.4953,3.48,0.7068,1.0,0.0,2.0,0.4949,4.48,0.9528,1.96,0.57,4.56,0.951,3.58,0.7848,3.94,0.8668,2.16,0.6809
7033_midj_af.jpg,2.62,0.5303,2.02,0.5529,2.78,0.6481,2.72,0.5729,2.32,0.6833,1.92,0.6337,2.94,0.5115,2.04,0.533,2.44,0.5014,3.66,0.7174,1.2,0.4041,2.4,0.4949,4.04,0.7814,2.72,0.5729,2.8,0.5345,4.0,0.8081,3.9,0.8631,2.78,0.7365
7033_midj_as.jpg,1.86,0.7827,1.22,0.4185,2.22,0.5455,2.9,0.7626,1.98,0.8449,1.0,0.0,3.48,0.7068,1.46,0.5425,2.14,0.4953,3.48,0.7068,1.0,0.0,2.0,0.4949,4.48,0.9528,1.94,0.55,4.56,0.951,3.58,0.7848,3.94,0.8668,2.16,0.6809
7033_midj_euna.jpg,1.92,0.8041,1.08,0.274,3.82,0.8734,3.58,0.7848,2.6,0.7559,1.08,0.274,2.44,0.5014,1.24,0.4314,2.4,0.4949,3.54,0.7343,2.12,0.7183,2.78,0.5067,5.0,0.6999,2.32,0.4712,5.78,0.4185,3.06,0.55,3.82,0.8734,2.36,0.6627
7033_midj_sa.jpg,2.4,0.6701,1.08,0.274,3.36,0.802,3.22,0.7365,2.14,0.7562,1.04,0.1979,2.94,0.5115,1.34,0.4785,3.38,0.7796,3.5,0.7071,1.98,0.714,2.12,0.4352,5.62,0.4903,2.08,0.5284,5.36,0.6627,3.66,0.7722,3.9,0.8631,2.16,0.6809
7036_midj.jpg,1.88,0.773,1.74,0.6642,1.42,0.5746,3.42,0.8352,1.6,0.7559,1.1,0.303,3.12,0.5938,2.02,0.5529,1.24,0.4314,3.78,0.79,1.0,0.0,2.0,0.4949,3.0,0.4518,2.48,0.5436,2.62,0.5303,4.72,0.834,3.7,0.8864,2.46,0.7616
7041_midj.jpg,1.64,0.7762,1.1,0.303,2.9,0.7626,2.16,0.6181,2.78,0.7365,1.66,0.6884,2.02,0.5529,1.04,0.1979,2.22,0.4647,3.62,0.7253,2.32,0.6833,2.08,0.5284,3.88,0.7461,2.0,0.6061,4.68,0.7126,2.78,0.5067,3.66,0.7722,2.32,0.6833
7080_midj.jpg,1.38,0.6667,1.0,0.0,1.68,0.7677,1.54,0.7616,2.18,0.8003,1.22,0.4647,1.92,0.6337,1.0,0.0,1.36,0.5628,3.42,0.7848,1.04,0.1979,1.66,0.6884,2.7,0.5803,1.38,0.6354,3.7,0.8864,2.5,0.6776,2.84,0.7384,1.66,0.7982
7100_midj.jpg,2.24,0.744,1.24,0.4314,1.7,0.7071,1.1,0.303,1.36,0.6312,1.94,0.6518,1.48,0.5799,1.06,0.2399,1.64,0.6312,3.38,0.7796,1.0,0.0,1.44,0.5771,2.8,0.5345,2.02,0.5529,2.72,0.5729,2.66,0.5194,2.7,0.5803,1.88,0.773
7140_midj.jpg,2.8,0.9035,1.0,0.0,4.4,0.9689,3.6,0.9258,3.08,0.9223,1.0,0.0,3.3,0.7626,1.0,0.0,4.74,0.7775,3.54,0.8134,2.7,1.0152,2.0,0.4949,5.92,0.274,1.22,0.4185,5.78,0.4185,3.26,0.7775,4.8,0.7825,1.98,0.8449
7500_midj.jpg,1.34,0.6263,1.36,0.5628,2.44,0.5771,3.44,0.8122,1.86,0.8084,1.04,0.1979,2.26,0.5272,1.44,0.5771,1.8,0.5714,3.94,0.8668,1.04,0.1979,2.3,0.4629,3.86,0.7562,2.22,0.5455,5.5,0.6145,3.26,0.6943,3.72,0.8581,2.66,0.8234
7560_midj.jpg,2.82,0.7475,1.98,0.6224,1.94,0.6518,4.82,1.0631,1.98,0.8449,1.22,0.4647,4.8,0.8571,2.8,0.7284,1.36,0.5628,3.8,0.9035,1.0,0.0,2.1,0.544,2.8,0.5345,3.06,0.8901,2.02,0.5529,5.6,0.6999,3.48,0.8862,3.0,0.9035
7705_midj.jpg,1.0,0.0,1.0,0.0,1.4,0.6389,1.0,0.0,1.04,0.1979,1.0,0.0,1.0,0.0,1.0,0.0,1.0,0.0,4.12,0.9613,1.0,0.0,1.36,0.5628,2.66,0.5194,1.38,0.6354,4.54,1.1104,2.08,0.7239,2.62,0.5303,1.82,0.8254
n041_midj.jpg,2.36,0.6928,1.22,0.4647,2.2,0.6389,1.38,0.6354,1.26,0.5997,1.38,0.6354,1.42,0.5746,1.2,0.4041,1.08,0.274,3.48,0.7068,1.0,0.0,2.36,0.5253,2.6,0.4949,2.62,0.5303,3.22,0.8154,2.66,0.5194,2.62,0.5303,2.26,0.7508
n070_midj.jpg,1.08,0.274,1.04,0.1979,2.64,0.7494,2.32,0.6833,2.36,0.8271,1.0,0.0,2.7,0.5803,1.0,0.0,1.92,0.6337,3.36,0.802,1.1,0.303,1.22,0.4185,4.5,1.0546,1.06,0.2399,4.5,1.0546,2.78,0.6788,3.5,0.8864,1.68,0.7677
1710_midj.jpg,5.92,0.5657,1.0,0.0,6.58,0.4986,2.54,0.9082,3.44,1.6308,1.0,0.0,4.34,1.4654,1.0,0.0,6.34,0.4785,2.08,0.6337,6.44,0.5014,1.22,0.4185,6.82,0.3881,1.0,0.0,4.12,1.3797,4.06,1.1141,6.36,0.4849,1.22,0.4647
animals_166_v_midj.jpg,2.82,0.9409,1.0,0.0,6.32,0.4712,1.5,0.6776,1.92,0.8533,1.0,0.0,1.04,0.1979,1.0,0.0,5.34,1.0224,3.16,0.9116,5.88,0.8485,1.42,0.4986,6.44,0.5014,1.0,0.0,6.42,0.4986,1.86,0.6064,3.8,1.3997,1.36,0.6312
baby1_midj.jpg,1.04,0.1979,1.0,0.0,6.42,0.4986,3.92,1.3068,2.44,0.9723,1.0,0.0,1.42,0.5746,1.0,0.0,2.9,0.8631,2.86,0.8084,6.44,0.5014,1.94,0.4699,6.42,0.4986,1.04,0.1979,5.86,0.6064,2.36,0.6627,6.08,0.4882,1.54,0.7616
baby5_midj.jpg,3.36,1.0254,1.0,0.0,6.16,0.5095,2.76,0.8466,2.6,0.9897,1.0,0.0,2.72,0.5729,1.0,0.0,5.96,0.3476,2.72,0.6074,6.3,0.5803,1.22,0.4185,6.58,0.4986,1.0,0.0,5.96,0.3476,2.98,0.5887,5.8,0.6389,1.38,0.6354
baby_1_midj_af.jpg,1.0,0.0,1.0,0.0,6.36,0.4849,2.74,0.9858,1.78,0.8154,1.0,0.0,1.2,0.4041,1.06,0.2399,1.94,0.55,2.98,0.8919,6.42,0.4986,2.28,0.4965,6.06,0.2399,1.22,0.4185,5.62,0.753,2.36,0.6928,5.34,1.1713,1.68,0.7677
baby_1_midj_as.jpg,1.34,0.6263,1.0,0.0,5.66,0.7174,3.16,0.9337,2.74,0.9216,1.1,0.303,2.06,0.55,1.0,0.0,3.06,0.8901,3.28,0.8581,5.8,0.6389,2.0,0.4949,5.96,0.3476,1.1,0.303,5.6,0.6701,2.76,0.6565,4.3,1.1294,1.98,0.8449
baby_1_midj_euna.jpg,1.04,0.1979,1.0,0.0,6.42,0.4986,3.92,1.3068,2.4,0.9897,1.0,0.0,1.42,0.5746,1.0,0.0,2.9,0.8631,2.86,0.8084,6.44,0.5014,1.92,0.4445,6.42,0.4986,1.04,0.1979,5.86,0.6064,2.36,0.6627,6.08,0.4882,1.54,0.7616
baby_1_midj_sa.jpg,1.22,0.4647,1.0,0.0,6.36,0.4849,3.28,1.0506,2.72,1.1256,1.04,0.1979,1.64,0.6627,1.0,0.0,3.72,1.2623,3.16,0.9116,6.42,0.4986,2.0,0.4949,6.42,0.4986,1.04,0.1979,5.98,0.3774,2.1,0.7354,5.94,0.6518,1.38,0.6354
baby_5_midj_af.jpg,2.14,0.8084,1.04,0.1979,6.02,0.4734,3.0,0.9035,2.54,0.9082,1.2,0.4041,2.18,0.5956,1.22,0.4185,2.76,0.6869,3.46,0.8134,6.08,0.4882,2.12,0.4798,6.14,0.3505,1.26,0.4431,5.78,0.6158,2.84,0.7656,5.32,1.019,1.92,0.8291
baby_5_midj_as.jpg,3.08,1.085,1.0,0.0,6.44,0.5014,2.74,0.9858,3.06,1.2521,1.04,0.1979,2.36,0.598,1.04,0.1979,5.88,0.5584,2.92,0.8041,6.6,0.4949,1.42,0.4986,6.76,0.4314,1.04,0.1979,5.98,0.3774,2.9,0.6468,6.08,0.4882,1.22,0.4647
baby_5_midj_euna.jpg,3.36,1.0254,1.0,0.0,6.16,0.5095,2.7,0.8631,2.62,0.9875,1.0,0.0,2.74,0.5997,1.0,0.0,5.96,0.3476,2.74,0.5997,6.3,0.5803,1.22,0.4185,6.58,0.4986,1.0,0.0,5.96,0.3476,2.96,0.6047,5.82,0.6289,1.38,0.6354
baby_5_midj_sa.jpg,3.54,1.1466,1.0,0.0,6.42,0.4986,3.24,1.0214,3.42,1.1445,1.0,0.0,2.44,0.5771,1.0,0.0,5.96,0.3476,2.8,0.6999,6.42,0.4986,1.26,0.4431,6.44,0.5014,1.0,0.0,5.98,0.3774,2.78,0.6788,5.98,0.3774,1.4,0.6389
cat5_midj.jpg,2.62,1.028,1.0,0.0,6.6,0.4949,2.12,0.773,2.34,1.2715,1.0,0.0,1.0,0.0,1.0,0.0,5.9,0.5803,2.84,0.9337,6.6,0.4949,1.28,0.4536,6.92,0.274,1.0,0.0,6.76,0.4314,1.26,0.4431,3.88,1.7916,1.38,0.9666
cat_5_midj_af.jpg,3.5,1.359,1.0,0.0,6.44,0.5014,2.52,0.9311,3.0,1.1606,1.04,0.1979,1.2,0.4041,1.0,0.0,5.96,0.3476,2.74,0.8992,6.36,0.4849,1.98,0.5147,6.44,0.5014,1.04,0.1979,6.34,0.4785,1.98,0.5887,3.6,1.6036,1.58,0.7309
cat_5_midj_as.jpg,3.58,1.3716,1.0,0.0,6.42,0.4986,2.26,0.8992,2.1,0.9949,1.0,0.0,1.04,0.1979,1.0,0.0,5.84,0.5841,2.92,0.8999,6.24,0.5555,1.58,0.5379,6.42,0.4986,1.04,0.1979,6.44,0.5014,1.26,0.4431,3.32,1.6468,1.34,0.6263
cat_5_midj_euna.jpg,3.62,1.6646,1.0,0.0,6.8,0.4041,2.7,1.1995,2.72,1.3407,1.04,0.1979,1.04,0.1979,1.0,0.0,6.18,0.5226,2.56,0.9723,6.76,0.4314,1.48,0.5047,6.94,0.2399,1.0,0.0,6.86,0.3505,1.22,0.4185,5.44,1.7043,1.46,0.9941
cat_5_midj_sa.jpg,5.82,0.8003,1.0,0.0,6.42,0.4986,2.5,1.0152,2.46,1.3881,1.0,0.0,1.04,0.1979,1.0,0.0,6.2,0.4041,2.74,1.0461,6.36,0.4849,1.24,0.4314,6.6,0.4949,1.0,0.0,6.5,0.5051,1.46,0.6455,5.46,1.3126,1.34,0.6263
dog12_midj.jpg,5.58,0.7309,1.0,0.0,6.1,0.4165,1.2,0.4041,2.3,0.9949,1.0,0.0,5.34,0.8478,1.0,0.0,6.04,0.1979,2.22,0.6481,5.2,1.2454,1.2,0.4041,6.36,0.4849,1.04,0.1979,2.7,0.5803,5.54,0.7343,6.04,0.2828,1.22,0.4647
dog4_midj.jpg,3.76,1.3786,1.0,0.0,6.5,0.5051,2.78,1.016,2.5,1.0351,1.0,0.0,1.1,0.303,1.0,0.0,6.02,0.3188,2.32,0.6833,6.58,0.4986,1.28,0.4536,6.8,0.4041,1.0,0.0,6.42,0.4986,1.44,0.5771,5.5,1.2657,1.14,0.4046
dog6_midj.jpg,6.08,0.4445,1.0,0.0,6.7,0.4629,1.7,0.7071,2.38,1.0669,1.0,0.0,4.46,1.4028,1.0,0.0,6.42,0.4986,1.6,0.6999,6.44,0.5014,1.1,0.303,6.92,0.274,1.0,0.0,2.04,0.57,4.3,1.1294,6.42,0.4986,1.14,0.4046
dog_6_midj_af.jpg,2.7,1.0152,1.0,0.0,6.36,0.4849,2.66,0.8947,2.74,1.0844,1.04,0.1979,2.24,0.6565,1.34,0.4785,3.42,1.0319,2.38,0.6966,6.3,0.5051,2.32,0.5511,6.44,0.5014,1.2,0.4041,5.54,0.9304,2.84,0.7656,5.96,0.6376,1.68,0.7677
dog_6_midj_as.jpg,5.46,1.1287,1.0,0.0,6.5,0.5051,2.12,0.799,2.66,1.3494,1.0,0.0,4.2,1.3702,1.0,0.0,6.3,0.4629,2.14,0.6704,6.44,0.5014,1.1,0.303,6.76,0.4314,1.0,0.0,3.18,0.9409,4.38,1.1761,6.18,0.5226,1.1,0.303
dog_6_midj_euna.jpg,6.08,0.4445,1.0,0.0,6.7,0.4629,1.68,0.7126,2.38,1.0669,1.0,0.0,4.46,1.4028,1.0,0.0,6.42,0.4986,1.6,0.6999,6.44,0.5014,1.1,0.303,6.92,0.274,1.0,0.0,2.04,0.57,4.3,1.1294,6.42,0.4986,1.14,0.4046
dog_6_midj_sa.jpg,3.02,0.9998,1.0,0.0,6.2,0.4041,2.84,0.9971,2.64,1.0254,1.04,0.1979,2.28,0.6713,1.34,0.4785,3.26,0.8992,2.62,0.6354,5.98,0.3774,2.82,0.7743,6.26,0.4431,1.26,0.4431,5.84,0.5841,2.9,0.7626,5.0,1.2122,1.8,0.7825
h001_midj.jpg,1.06,0.2399,1.0,0.0,6.42,0.4986,2.76,0.8466,2.32,0.9988,1.04,0.1979,1.0,0.0,1.0,0.0,2.02,0.5529,3.26,0.8992,6.5,0.5051,2.0,0.4949,6.42,0.4986,1.28,0.4536,6.42,0.4986,1.44,0.5771,3.82,1.4241,1.66,0.7982
h090_midj.jpg,5.56,0.9071,1.0,0.0,5.98,0.3774,1.4,0.6389,1.54,0.7616,1.0,0.0,5.78,0.6158,1.0,0.0,6.42,0.4986,2.14,0.6064,5.02,1.3013,1.0,0.0,6.44,0.5014,1.0,0.0,3.28,0.8581,5.64,0.6312,6.06,0.2399,1.18,0.3881
maps145_midj.jpg,5.54,0.7343,1.04,0.1979,6.1,0.4165,2.1,0.7354,2.4,0.8081,1.0,0.0,4.8,0.8806,1.0,0.0,6.06,0.2399,2.44,0.5771,6.12,0.4798,1.0,0.0,6.42,0.4986,1.0,0.0,2.9,0.8631,5.34,0.7453,5.84,0.6181,1.22,0.4647
maps160_midj.jpg,3.62,1.0669,1.0,0.0,6.2,0.4041,1.72,0.7296,2.6,0.9897,1.0,0.0,4.36,1.0451,1.0,0.0,6.04,0.1979,2.28,0.6713,6.14,0.3505,1.0,0.0,6.44,0.5014,1.0,0.0,2.8,0.6999,4.96,0.8797,5.96,0.3476,1.22,0.4647
maps252_midj.jpg,4.88,0.9398,1.04,0.1979,5.94,0.3136,1.64,0.7217,2.32,0.6833,1.0,0.0,3.9,0.8631,1.08,0.274,5.92,0.274,2.72,0.5729,5.94,0.3136,1.24,0.4314,6.04,0.1979,1.1,0.303,3.78,0.79,4.48,0.7351,5.94,0.3136,1.38,0.6354
p030_midj.jpg,3.24,0.8935,1.0,0.0,5.98,0.3188,2.02,0.6848,2.38,0.9234,1.0,0.0,2.74,0.5646,1.0,0.0,5.92,0.274,3.16,0.9116,5.96,0.3476,1.24,0.4314,6.06,0.2399,1.04,0.1979,5.88,0.3854,3.54,0.7343,5.74,0.5997,1.38,0.6354
p030_midj_af.jpg,4.08,1.1036,1.04,0.1979,6.02,0.3188,1.94,0.8184,2.32,0.9781,1.04,0.1979,3.46,0.8855,1.0,0.0,6.04,0.1979,2.76,0.6869,5.82,0.5956,1.22,0.4185,6.06,0.2399,1.1,0.303,4.06,1.0768,4.48,0.9528,5.96,0.3476,1.58,0.7309
p030_midj_as.jpg,3.54,0.9304,1.0,0.0,5.98,0.3188,2.34,0.7174,2.6,0.9897,1.04,0.1979,3.34,0.7722,1.0,0.0,5.96,0.2828,3.24,0.744,5.9,0.4165,1.22,0.4185,6.06,0.2399,1.04,0.1979,5.56,0.644,3.48,0.7068,5.8,0.4518,1.64,0.7762
p030_midj_euna.jpg,4.88,1.1891,1.0,0.0,6.14,0.3505,1.46,0.6455,2.16,0.7918,1.0,0.0,3.54,0.8381,1.0,0.0,6.06,0.2399,2.7,0.5803,6.14,0.3505,1.0,0.0,6.58,0.4986,1.0,0.0,5.4,0.8081,4.6,0.9258,5.96,0.3476,1.24,0.4764
p030_midj_sa.jpg,3.48,0.8628,1.0,0.0,5.98,0.3774,2.32,0.6833,2.12,0.773,1.0,0.0,3.52,0.7624,1.0,0.0,6.04,0.1979,2.72,0.6074,5.84,0.6181,1.1,0.303,6.26,0.4431,1.04,0.1979,4.32,1.019,3.8,0.7825,5.88,0.4352,1.56,0.7045
p035_midj.jpg,5.54,0.7343,1.04,0.1979,5.96,0.3476,2.86,0.926,2.76,0.9381,1.04,0.1979,5.46,0.6764,1.0,0.0,5.98,0.3188,3.2,0.6999,6.04,0.4499,1.08,0.274,6.44,0.5014,1.04,0.1979,3.78,0.79,4.7,0.8864,5.96,0.3476,1.22,0.4647
penguins2_midj.jpg,2.36,0.6928,1.0,0.0,6.12,0.3854,4.96,1.1058,2.08,0.8999,1.08,0.274,2.28,0.6713,1.1,0.303,4.24,1.0797,2.84,0.7656,6.2,0.4041,2.0,0.4949,6.02,0.2466,1.2,0.4041,5.78,0.6158,3.0,0.7284,5.08,1.1925,1.8,0.7825
posmidsoc_18_midj.jpg,4.94,1.1678,1.0,0.0,6.3,0.4629,2.0,0.6999,2.76,0.9381,1.12,0.3283,3.74,0.9435,1.0,0.0,6.04,0.1979,2.72,0.6074,6.04,0.4499,1.2,0.4041,6.42,0.4986,1.0,0.0,4.62,1.0859,3.78,0.79,5.98,0.3774,1.22,0.4647
posmidsoc_23_midj.jpg,4.92,1.1036,1.0,0.0,6.26,0.4431,1.66,0.6884,2.06,0.8668,1.0,0.0,4.54,0.9941,1.0,0.0,6.06,0.2399,2.24,0.6565,6.36,0.4849,1.04,0.1979,6.7,0.4629,1.0,0.0,2.86,0.8084,5.48,0.6773,5.98,0.3774,1.1,0.303
posmidsoc_25_midj.jpg,2.04,0.7273,1.0,0.0,6.36,0.4849,2.32,0.6833,2.64,0.8751,1.0,0.0,2.9,0.7626,1.0,0.0,6.0,0.2857,2.72,0.5729,6.36,0.4849,1.24,0.4314,6.6,0.4949,1.0,0.0,4.92,0.8999,3.5,0.7626,5.8,0.6389,1.24,0.4764
posmidsoc_2_midj.jpg,4.06,1.2843,1.0,0.0,6.5,0.5051,1.72,0.7296,2.4,0.9897,1.0,0.0,5.5,0.7354,1.0,0.0,6.26,0.4431,1.92,0.6337,6.44,0.5014,1.0,0.0,6.82,0.3881,1.0,0.0,2.16,0.5841,5.84,0.4677,5.84,0.6181,1.06,0.2399
2455_midj.jpg,1.0,0.0,1.08,0.274,5.98,0.3774,2.32,0.6833,2.18,0.7743,1.08,0.274,1.44,0.5771,1.86,0.5718,1.2,0.4041,2.9,0.8631,5.78,0.6158,5.72,0.4536,3.4,0.8571,4.76,0.6565,3.1,0.9091,2.78,0.6788,2.36,0.6928,2.98,1.0398
2480_midj.jpg,1.0,0.0,1.04,0.1979,3.5,0.8864,2.74,0.6642,1.78,0.8154,1.08,0.274,1.1,0.303,1.1,0.303,1.28,0.4536,3.46,0.7343,2.12,0.773,5.06,0.55,3.1,0.5051,4.44,0.6115,5.66,0.4785,2.66,0.5194,2.36,0.6627,2.86,0.8084
2480_midj_af.jpg,1.22,0.4647,1.04,0.1979,3.48,0.8862,4.56,0.7045,2.42,0.7848,1.22,0.4185,1.98,0.5147,1.22,0.4185,2.12,0.4798,3.9,0.8631,2.76,0.9381,3.38,0.7253,4.62,0.6667,2.52,0.5436,5.66,0.4785,2.8,0.5345,2.98,0.8687,2.74,0.8762
2480_midj_as.jpg,1.0,0.0,1.0,0.0,3.38,0.8545,3.54,0.8381,2.3,0.7354,1.04,0.1979,1.2,0.4041,1.04,0.1979,1.8,0.4518,3.46,0.7343,2.24,0.744,4.74,0.5646,3.32,0.5869,3.74,0.7775,5.62,0.4903,2.62,0.5303,2.48,0.5799,2.98,0.8687
2480_midj_euna.jpg,1.0,0.0,1.04,0.1979,3.5,0.8864,2.74,0.6642,1.78,0.8154,1.08,0.274,1.1,0.303,1.1,0.303,1.28,0.4536,3.46,0.7343,2.12,0.773,5.06,0.55,3.1,0.5051,4.44,0.6115,5.66,0.4785,2.66,0.5194,2.36,0.6627,2.86,0.8084
2480_midj_sa.jpg,1.0,0.0,1.04,0.1979,2.96,0.8562,2.62,0.5303,2.02,0.8449,1.2,0.4041,1.04,0.1979,1.28,0.4536,1.1,0.303,3.46,0.7343,2.1,0.7354,5.18,0.5956,2.66,0.5194,4.54,0.6455,5.42,0.6728,2.48,0.5047,2.28,0.6402,3.14,0.8574
9470_midj.jpg,1.0,0.0,2.48,0.9528,1.0,0.0,1.38,0.6354,1.0,0.0,3.9,1.3286,1.0,0.0,5.9,0.4629,1.0,0.0,1.92,0.8533,1.0,0.0,5.88,0.4352,1.0,0.0,6.7,0.4629,1.0,0.0,4.96,1.1421,1.08,0.274,5.92,0.6652
9530_midj.jpg,1.0,0.0,2.62,0.5303,1.72,0.701,1.42,0.5746,1.52,0.7624,4.34,0.9172,1.04,0.1979,3.94,0.8668,1.0,0.0,2.46,0.6131,1.0,0.0,5.92,0.3405,1.1,0.303,6.04,0.1979,1.36,0.4849,3.54,0.8134,1.78,0.7365,5.02,0.6543
9530_midj_af.jpg,1.0,0.0,2.06,0.6518,1.5,0.6468,1.72,0.701,1.44,0.7045,3.62,1.0079,1.08,0.274,3.98,0.9998,1.0,0.0,2.28,0.6713,1.1,0.303,5.88,0.3854,1.18,0.3881,6.04,0.1979,1.24,0.4314,3.84,0.9116,1.58,0.7309,5.5,0.7071
9530_midj_as.jpg,1.04,0.1979,2.36,0.6928,1.58,0.7309,1.5,0.6776,1.38,0.6667,4.34,0.9172,1.0,0.0,3.48,0.8628,1.0,0.0,2.32,0.6833,1.1,0.303,5.76,0.4764,1.04,0.1979,5.98,0.3188,1.44,0.5771,3.42,0.8352,1.64,0.7762,5.1,0.7071
9530_midj_euna.jpg,1.0,0.0,2.62,0.5303,1.72,0.701,1.42,0.5746,1.52,0.7624,4.34,0.9172,1.04,0.1979,3.94,0.8668,1.0,0.0,2.46,0.6131,1.0,0.0,5.92,0.3405,1.1,0.303,6.04,0.1979,1.34,0.4785,3.54,0.8134,1.78,0.7365,5.0,0.6389
9530_midj_sa.jpg,1.0,0.0,2.52,0.5436,2.28,0.6402,1.6,0.6999,1.66,0.7982,3.48,0.8628,1.1,0.303,3.24,0.716,1.0,0.0,2.76,0.6869,1.38,0.6354,4.82,0.5956,1.26,0.4431,5.72,0.4536,1.98,0.5887,3.36,0.7494,2.2,0.6999,4.6,0.6999
9561_midj.jpg,2.1,0.7354,1.38,0.6354,5.0,1.2936,1.8,0.7825,2.14,0.9899,3.86,0.9037,1.92,0.6337,3.82,1.0039,1.0,0.0,2.28,0.6713,4.88,1.4518,5.42,0.6728,2.12,0.4798,4.8,0.6999,1.2,0.4041,4.1,0.9742,2.34,1.0022,4.44,1.0721
9941_midj.jpg,1.0,0.0,2.12,0.7183,1.22,0.4647,3.4,1.1066,1.14,0.4046,2.16,0.7384,1.66,0.6884,5.42,0.6728,1.0,0.0,2.1,0.7354,1.0,0.0,3.84,0.9116,1.04,0.1979,5.96,0.3476,1.04,0.1979,5.64,0.6627,1.64,0.7217,5.84,0.4677
a039_midj.jpg,1.0,0.0,3.78,0.9538,1.4,0.6389,1.56,0.7045,2.04,0.8797,3.16,0.9337,1.1,0.303,3.64,0.9848,1.0,0.0,2.36,0.6627,1.0,0.0,5.6,0.4949,1.04,0.1979,5.94,0.3136,1.48,0.5799,3.04,0.7814,1.54,0.7616,5.1,0.6145
a059_midj.jpg,2.18,0.7743,1.22,0.4647,2.16,0.7384,2.98,0.7951,1.52,0.7624,2.44,0.5771,1.2,0.4041,1.52,0.6773,1.1,0.303,3.46,0.7616,2.06,0.8668,2.74,0.5997,2.44,0.5014,2.8,0.6701,4.62,1.1229,2.32,0.6207,2.4,0.6701,2.36,0.6928
animals_077_h_midj.jpg,1.0,0.0,4.92,1.122,1.1,0.303,1.08,0.274,1.52,0.7624,5.8,0.4949,1.24,0.4314,4.24,1.0412,1.0,0.0,1.62,0.753,1.0,0.0,5.18,0.8003,1.0,0.0,6.06,0.2399,1.0,0.0,4.82,0.8254,1.44,0.7045,5.54,0.7343
deadbodies2_midj.jpg,1.0,0.0,1.08,0.274,1.0,0.0,1.0,0.0,1.0,0.0,6.6,0.4949,1.0,0.0,1.7,1.1473,1.0,0.0,1.34,0.6263,1.0,0.0,6.44,0.5014,1.0,0.0,6.96,0.1979,1.0,0.0,2.8,1.4846,1.0,0.0,6.68,0.5127
dog24_midj.jpg,2.28,0.6713,1.1,0.303,2.52,0.5436,1.62,0.753,3.64,0.9205,2.36,0.598,1.86,0.5718,2.04,0.57,1.42,0.5379,3.18,0.6908,2.14,0.7562,3.96,0.8562,2.66,0.5194,3.66,0.7722,2.62,0.5303,2.88,0.4798,3.84,0.9116,2.36,0.6928
dog26_midj.jpg,1.0,0.0,1.08,0.274,1.06,0.2399,1.0,0.0,1.12,0.3854,5.74,0.6328,1.0,0.0,1.88,0.8722,1.0,0.0,1.58,0.7309,1.0,0.0,5.98,0.3774,1.0,0.0,6.06,0.2399,1.2,0.4041,1.72,0.7296,1.06,0.2399,5.52,0.7624
dog31_midj.jpg,1.1,0.303,1.8,0.6999,2.28,0.6713,1.22,0.4647,1.96,0.832,2.76,0.6869,1.06,0.2399,4.46,0.7343,1.0,0.0,2.52,0.5436,1.36,0.6312,5.92,0.3405,1.44,0.5771,5.86,0.3505,1.98,0.5147,2.8,0.5345,2.0,0.6999,3.98,0.8687
dr11.eu_civil_protection_and_humanitarian_aid_operations-ccbyncnd2.0_midj.jpg,1.0,0.0,1.0,0.0,1.04,0.1979,1.58,0.7309,1.04,0.1979,5.76,0.6565,1.0,0.0,1.38,0.6354,1.0,0.0,2.46,0.8855,1.0,0.0,5.88,0.4352,1.0,0.0,6.0,0.3499,1.42,0.5746,1.38,0.6354,1.08,0.274,4.96,1.1599
dr20.luca_de_vito-ccbyncnd2.0_midj.jpg,1.1,0.303,1.1,0.303,2.62,0.5303,2.52,0.5436,3.12,0.9179,2.16,0.6181,1.68,0.6207,1.72,0.6402,1.36,0.4849,3.3,0.7354,2.08,0.7783,3.54,0.7343,2.78,0.5067,3.54,0.8134,4.36,0.8514,2.92,0.4882,2.88,0.799,2.64,0.8751
dr25.padre_djacy_brasileiro-ccbyncnd2.0_midj.jpg,1.0,0.0,1.12,0.3283,1.0,0.0,1.04,0.1979,1.0,0.0,5.84,0.4677,1.0,0.0,2.12,0.773,1.0,0.0,2.04,0.7548,1.0,0.0,6.26,0.4431,1.0,0.0,6.44,0.5014,1.04,0.1979,2.84,0.8418,1.04,0.1979,5.9,0.7626
faces_172_midj.jpg,1.1,0.303,1.18,0.3881,3.18,0.9409,2.32,0.6833,1.66,0.7982,2.0,0.6061,1.06,0.2399,1.22,0.4185,1.1,0.303,3.36,0.802,1.92,0.8533,4.96,0.7548,2.62,0.5303,5.0,0.6999,4.1,0.9742,2.62,0.5303,2.66,0.6263,3.38,0.9875
faces_172_midj_af.jpg,1.44,0.6749,1.24,0.4314,3.4,0.9258,2.16,0.7384,1.86,0.8084,1.82,0.7197,1.08,0.274,1.24,0.4314,1.26,0.4431,3.2,0.8081,1.98,0.8449,4.58,0.7309,2.52,0.5436,4.48,0.7624,3.5,0.8631,2.66,0.5194,2.52,0.5436,3.18,0.9409
faces_172_midj_as.jpg,1.5,0.6776,1.42,0.5746,3.26,0.9216,2.4,0.6701,1.78,0.8154,2.0,0.6061,1.08,0.274,1.7,0.6776,1.2,0.4041,3.64,0.802,2.18,0.7743,4.42,0.8352,2.52,0.5436,3.94,0.8668,5.18,0.8003,2.52,0.5436,2.48,0.5799,3.12,0.9179
faces_172_midj_euna.jpg,1.08,0.274,1.2,0.4041,2.24,0.6869,1.68,0.7677,1.26,0.5997,3.18,0.9409,1.0,0.0,2.28,0.6713,1.0,0.0,3.06,0.8901,1.38,0.6354,5.5,0.7071,1.44,0.5771,5.66,0.4785,2.36,0.598,2.24,0.6247,1.92,0.8041,3.74,0.9435
faces_172_midj_sa.jpg,1.22,0.4647,1.22,0.4185,2.36,0.6627,2.32,0.6833,1.66,0.7982,2.28,0.6713,1.04,0.1979,1.58,0.6728,1.0,0.0,3.36,0.802,1.58,0.7309,4.72,0.757,2.12,0.4798,5.14,0.7562,3.28,0.8816,2.44,0.5771,2.32,0.6833,3.4,0.9476
faces_363_v_midj.jpg,1.2,0.4041,1.5,0.6776,3.6,0.9897,1.1,0.303,1.66,0.7982,4.06,1.0184,1.0,0.0,3.46,0.9082,1.0,0.0,2.2,0.6701,3.16,0.9116,5.56,0.6749,1.96,0.4932,5.96,0.3476,1.78,0.5455,2.8,0.6701,1.78,0.7365,4.06,1.0184
maps330_midj.jpg,1.0,0.0,1.04,0.1979,1.0,0.0,1.0,0.0,1.0,0.0,6.94,0.2399,1.0,0.0,6.8,0.4041,1.0,0.0,1.0,0.0,1.0,0.0,7.0,0.0,1.0,0.0,7.0,0.0,1.0,0.0,3.92,2.0288,1.0,0.0,6.96,0.1979
maps330_midj_af.jpg,1.0,0.0,1.04,0.1979,1.0,0.0,1.0,0.0,1.0,0.0,6.6,0.4949,1.0,0.0,6.06,1.1678,1.0,0.0,1.1,0.303,1.0,0.0,6.92,0.274,1.0,0.0,6.96,0.1979,1.0,0.0,2.2,1.4708,1.0,0.0,6.8,0.4041
maps330_midj_as.jpg,1.0,0.0,1.24,0.9161,1.0,0.0,1.0,0.0,1.0,0.0,6.76,0.4314,1.0,0.0,6.58,0.4986,1.0,0.0,1.06,0.2399,1.0,0.0,6.92,0.274,1.0,0.0,6.96,0.1979,1.0,0.0,2.84,1.6208,1.0,0.0,6.76,0.4314
maps330_midj_euna.jpg,1.0,0.0,1.08,0.274,1.04,0.1979,1.0,0.0,1.0,0.0,6.5,0.5051,1.0,0.0,6.28,0.536,1.0,0.0,1.14,0.4046,1.0,0.0,6.6,0.4949,1.0,0.0,6.92,0.274,1.0,0.0,2.32,1.1856,1.0,0.0,6.42,0.4986
maps330_midj_sa.jpg,1.0,0.0,1.04,0.1979,1.0,0.0,1.0,0.0,1.0,0.0,6.94,0.2399,1.0,0.0,6.8,0.4041,1.0,0.0,1.0,0.0,1.0,0.0,7.0,0.0,1.0,0.0,7.0,0.0,1.0,0.0,3.92,2.0288,1.0,0.0,6.96,0.1979
miserable_pose_3_midj_af.jpg,1.0,0.0,1.0,0.0,1.04,0.1979,1.38,0.6667,1.18,0.4819,6.0,0.6999,1.0,0.0,3.66,1.0616,1.0,0.0,2.26,0.8992,1.0,0.0,6.5,0.5051,1.0,0.0,6.5,0.5051,1.36,0.5628,1.38,0.6354,1.08,0.274,5.66,0.8234
miserable_pose_3_midj_as.jpg,1.04,0.1979,1.1,0.303,3.4,0.9258,1.88,0.773,2.08,0.8769,1.78,0.7365,1.08,0.274,1.46,0.6455,1.08,0.274,3.7,0.789,2.0,0.8806,4.18,0.8254,2.48,0.5436,4.42,0.7025,5.32,0.6833,2.62,0.753,2.76,0.6565,3.4,0.9476
miserable_pose_3_midj_euna.jpg,1.0,0.0,1.1,0.303,1.04,0.1979,1.38,0.6667,1.22,0.5455,5.52,0.9311,1.0,0.0,4.98,1.1156,1.0,0.0,2.0,0.8806,1.0,0.0,5.84,0.6181,1.0,0.0,6.44,0.5014,1.0,0.0,4.86,1.1068,1.22,0.4647,5.68,0.7126
miserable_pose_3_midj_sa.jpg,1.04,0.1979,1.22,0.4185,2.9,0.7626,2.0,0.6999,1.78,0.8154,1.94,0.6518,1.2,0.4041,2.2,0.6061,1.08,0.274,3.38,0.7796,2.12,0.773,5.22,0.6788,2.3,0.4629,4.8,0.6061,3.64,0.8514,2.62,0.5303,2.48,0.5799,3.48,0.8862
miserablepose3_midj.jpg,1.0,0.0,1.1,0.303,1.04,0.1979,1.38,0.6667,1.26,0.5997,5.52,0.9311,1.0,0.0,4.98,1.1156,1.0,0.0,2.0,0.8806,1.0,0.0,5.84,0.6181,1.0,0.0,6.44,0.5014,1.0,0.0,4.86,1.1068,1.22,0.4647,5.68,0.7126
