image,amusement_Mean,awe_Mean,anger_Mean,attachment love_Mean,craving_Mean,disgust_Mean,excitement_Mean,fear_Mean,joy_Mean,neutral_Mean,nurturant love_Mean,sadness_Mean,positive_Mean,negative_Mean,aroused_Mean,calm_Mean,motivated to approach_Mean,motivated to avoid_Mean,target_emo_ind_score_Mean,amusement_Std,awe_Std,anger_Std,attachment love_Std,craving_Std,disgust_Std,excitement_Std,fear_Std,joy_Std,neutral_Std,nurturant love_Std,sadness_Std,positive_Std,negative_Std,aroused_Std,calm_Std,motivated to approach_Std,motivated to avoid_Std,target_emo_ind_score_Std,n,target_emotion,is_positive valence,is_arousing,is_motivated to approach,target_val,target_aro,target_mot,is_efficient,is_max,is_ai
amusement_new_10.jpg,5.214285714,3.657142857,1.217391304,4.142857143,2.428571429,1.2,3.871428571,1.285714286,5.042253521,2.971428571,4.171428571,1.142857143,5.85915493,1.314285714,2.714285714,4.2,5.214285714,1.514285714,5.214285714,1.776602009,2.166180866,0.638692719,2.094061405,2.06117617,0.67243878,1.962853798,0.853685228,1.710777766,1.970591235,2.035706113,0.490066966,1.245515093,0.808341604,1.866119411,1.938174847,1.824891159,1.138812719,1.776602009,71,Amusement,1,1,1,5.85915493,2.714285714,5.214285714,0,1,True
amusement_new_11.jpg,4.314285714,3.157142857,1.128571429,3.114285714,1.9,1.114285714,3.371428571,1.257142857,4.285714286,2.685714286,2.957142857,1.285714286,5.371428571,1.342857143,2.3,3.457142857,4.485714286,1.485714286,4.314285714,2.046862974,2.230459199,0.447907488,2.242816921,1.77053173,0.525932082,2.015673574,0.715981424,1.927248223,1.892340451,2.129405675,1.023532631,1.803148845,0.976324285,1.788449251,1.968488821,2.237641468,1.2937179,2.046862974,70,Amusement,1,1,1,5.371428571,2.3,4.485714286,0,1,True
amusement_new_12.jpg,4.733333333,2.432432432,1.310810811,1.648648649,1.216216216,1.216216216,2.878378378,1.342465753,3.783783784,2.918918919,1.594594595,1.175675676,4.702702703,1.5,1.918918919,2.013513514,3.773333333,1.97260274,4.733333333,1.975069847,2.081102718,1.005814271,1.379223848,0.745218002,0.781117399,1.774651829,1.07003606,1.939285776,2.039048642,1.384047261,0.782656315,1.72594806,0.954441671,1.382441326,1.583244832,2.239530195,1.683024747,1.975069847,75,Amusement,1,1,1,4.702702703,1.918918919,3.773333333,1,1,True
amusement_new_13.jpg,5.042857143,3.385714286,1.128571429,2.785714286,1.814285714,1.285714286,3.657142857,1.828571429,4.235294118,2.542857143,3.185714286,1.442857143,5.3,1.671428571,2.642857143,2.828571429,3.857142857,1.942857143,5.042857143,2.003154862,2.373115467,0.414289284,2.070446687,1.705004205,0.965234178,2.199378794,1.614889313,2.066922487,1.870330625,2.148763427,1.150119266,1.898512003,1.224406731,2.036163729,1.948402754,2.311193395,1.69300106,2.003154862,70,Amusement,1,1,1,5.3,2.642857143,3.857142857,0,1,True
amusement_new_14.jpg,5.4,3.643835616,1.175675676,3.608108108,1.756756757,1.162162162,3.826666667,1.108108108,5.0,2.438356164,3.918918919,1.189189189,5.581081081,1.310810811,2.121621622,3.986486486,4.716216216,1.527027027,5.4,1.986440522,2.311624387,0.728257596,2.328016191,1.73450724,0.776839876,2.226215631,0.609683672,1.979057015,1.723903044,2.30399746,0.870768448,1.82829179,1.058891585,1.679470748,2.223740174,2.180362357,1.473259112,1.986440522,75,Amusement,1,1,1,5.581081081,2.121621622,4.716216216,0,1,True
amusement_new_15.jpg,5.373333333,3.52,1.2,3.773333333,1.64,1.22972973,3.613333333,1.386666667,5.081081081,1.986666667,4.297297297,1.310810811,6.013333333,1.432432432,1.945945946,4.135135135,5.453333333,1.581081081,5.373333333,1.851028446,2.114045692,0.771099601,2.209153766,1.476299245,0.972882982,1.937491645,1.218032678,1.878185927,1.484089796,1.977474034,0.992101349,1.493167623,1.250545975,1.506987305,2.049552737,1.803100433,1.344769235,1.851028446,75,Amusement,1,1,1,6.013333333,1.945945946,5.453333333,0,1,True
amusement_new_15_midj_af.jpg,4.12,3.533333333,1.356164384,4.16,2.506849315,1.22972973,3.84,1.310810811,4.438356164,3.256756757,4.2,1.246575342,5.337837838,1.383561644,2.452054795,4.25,4.555555556,1.794520548,4.12,2.211517762,2.297668227,0.962777565,2.156323197,1.90848462,0.820078468,2.060175799,0.87469252,1.936393421,2.0410903,2.223948279,0.682740025,1.874683732,0.876072945,1.691819335,2.03317555,2.294444539,1.563106808,2.211517762,75,Amusement,1,1,1,5.337837838,2.452054795,4.555555556,0,0,True
amusement_new_15_midj_as.jpg,4.5,3.018867925,1.245283019,3.444444444,2.185185185,1.296296296,3.326923077,1.388888889,4.185185185,3.169811321,3.87037037,1.320754717,5.074074074,1.592592593,1.886792453,3.796296296,4.490566038,1.716981132,4.5,1.890891773,2.107592192,0.64764842,2.368557133,1.853849377,0.717165006,2.045762276,0.979346464,1.770556613,1.783857629,1.990982466,0.700922055,1.757483749,1.019036143,1.552422144,1.946255521,2.258510754,1.133024518,1.890891773,54,Amusement,1,1,1,5.074074074,1.886792453,4.490566038,0,1,True
amusement_new_15_midj_euna.jpg,4.774647887,3.225352113,1.314285714,3.957746479,1.704225352,1.314285714,3.478873239,1.442857143,4.478873239,3.126760563,4.126760563,1.450704225,5.352112676,1.585714286,2.2,3.571428571,4.285714286,1.695652174,4.774647887,1.829888233,1.994257349,0.956182887,2.052431448,1.258052534,0.893500803,2.055370352,1.058241833,2.069224526,1.827797875,2.124211299,1.105683142,1.732863786,1.160869953,1.602534225,1.982323542,2.201072579,1.309516613,1.829888233,72,Amusement,1,1,1,5.352112676,2.2,4.285714286,0,1,True
amusement_new_15_midj_sa.jpg,4.613333333,3.479452055,1.208333333,3.513888889,2.361111111,1.232876712,3.589041096,1.287671233,4.68,2.986111111,3.863013699,1.246575342,5.426666667,1.356164384,2.486111111,3.849315068,4.602739726,1.561643836,4.613333333,1.930504299,2.180147734,0.579885856,2.096227702,1.697600258,0.717258437,2.005794498,0.754237143,1.831850342,1.917253431,2.022890317,0.662084711,1.620588259,0.918480977,1.799789155,1.941299914,1.948929379,1.247066573,1.930504299,75,Amusement,1,1,1,5.426666667,2.486111111,4.602739726,0,0,True
amusement_new_16.jpg,4.569620253,2.949367089,1.17721519,3.430379747,2.594936709,1.205128205,3.278481013,1.126582278,4.55,2.734177215,3.658227848,1.189873418,5.45,1.397435897,1.974358974,3.772151899,4.696202532,1.481012658,4.569620253,1.91942529,2.087193762,0.549113357,1.978626462,1.984032331,0.610704817,2.056488848,0.404052821,1.908674402,1.823696308,2.02475751,0.680797974,1.720317898,1.010846933,1.503021709,1.95428108,2.19763527,1.107790125,1.91942529,80,Amusement,1,1,1,5.45,1.974358974,4.696202532,0,1,True
amusement_new_16_midj_af.jpg,5.475409836,3.672131148,1.459016393,3.704918033,3.983606557,1.4,4.06557377,1.37704918,4.833333333,2.533333333,3.633333333,1.163934426,5.783333333,1.6,2.5,3.933333333,4.949152542,1.683333333,5.475409836,1.756953399,2.406389491,1.104140246,2.290154742,2.254564284,0.924249581,2.227620947,1.05141071,1.932475945,1.751190072,2.262192327,0.489228231,1.563261114,1.22405273,1.854906458,1.973267673,1.906646531,1.295254267,1.756953399,61,Amusement,1,1,1,5.783333333,2.5,4.949152542,0,1,True
amusement_new_16_midj_as.jpg,4.339285714,2.589285714,1.357142857,2.892857143,2.928571429,1.375,3.232142857,1.345454545,4.357142857,2.596491228,3.107142857,1.285714286,5.070175439,1.696428571,1.964285714,3.607142857,4.381818182,1.732142857,4.339285714,2.16817297,1.885608517,0.961600398,1.932295587,1.943353642,0.90578946,1.963216947,0.775031226,2.02195739,1.709841775,2.112117175,0.652666857,1.971761804,1.536461612,1.572077788,1.997075784,2.23184784,1.554946026,2.16817297,57,Amusement,1,1,1,5.070175439,1.964285714,4.381818182,0,0,True
amusement_new_16_midj_euna.jpg,4.594202899,2.971014493,1.275362319,3.753623188,2.652173913,1.347826087,3.308823529,1.264705882,4.695652174,2.463768116,3.971014493,1.347826087,5.507246377,1.362318841,2.028985507,3.826086957,4.637681159,1.391304348,4.594202899,2.045934567,2.043432914,0.889217402,2.089228658,1.923737836,1.05476631,2.009361322,0.784507585,1.865352418,1.595763787,2.036223541,0.997439176,1.70313887,0.923086486,1.608534357,1.893926219,2.036223541,1.032093693,2.045934567,69,Amusement,1,1,1,5.507246377,2.028985507,4.637681159,0,0,True
amusement_new_16_midj_sa.jpg,5.154929577,3.157142857,1.285714286,3.657142857,3.342857143,1.385714286,3.642857143,1.228571429,4.971428571,2.371428571,3.942857143,1.188405797,5.718309859,1.405797101,2.4,3.885714286,4.985714286,1.5,5.154929577,1.954101089,2.210880304,1.037595564,2.339860731,2.264314941,1.207378969,2.200366994,0.935165312,1.985245785,1.778873024,2.314952745,0.712810558,1.741781507,1.179716324,1.914097207,2.01834239,2.196788546,1.326977605,1.954101089,71,Amusement,1,1,1,5.718309859,2.4,4.985714286,0,1,True
amusement_new_17.jpg,4.8375,3.025316456,1.194805195,3.848101266,1.987341772,1.17721519,3.371794872,1.139240506,4.858974359,2.551282051,3.846153846,1.265822785,5.6625,1.329113924,2.113924051,3.961538462,4.455696203,1.569620253,4.8375,1.905646174,2.195418794,0.669622066,2.082211642,1.652454824,0.593976035,2.227974296,0.593429347,1.877580365,1.632840215,1.980928046,0.85797706,1.574670952,0.779900043,1.617114729,1.98332207,2.170888205,1.162265077,1.905646174,80,Amusement,1,1,1,5.6625,2.113924051,4.455696203,0,0,True
amusement_new_19.jpg,5.310810811,3.194444444,1.175675676,3.445945946,2.121621622,1.189189189,3.364864865,1.175675676,4.702702703,2.506849315,3.864864865,1.243243243,5.917808219,1.472222222,1.875,4.055555556,4.333333333,1.527777778,5.310810811,1.703547271,2.032405699,0.709198044,1.931298746,1.82037707,0.770619315,1.962486013,0.709198044,1.818698388,1.692493949,2.015857167,0.976586322,1.488412882,1.363221353,1.652462951,1.912809959,2.188317252,1.288871351,1.703547271,75,Amusement,1,1,1,5.917808219,1.875,4.333333333,0,1,True
amusement_new_21.jpg,4.6875,2.82278481,1.126582278,3.46835443,2.075949367,1.151898734,3.102564103,1.139240506,4.455696203,2.620253165,3.632911392,1.215189873,5.2375,1.367088608,2.128205128,3.670886076,4.316455696,1.582278481,4.6875,1.740025826,2.05538376,0.563120623,1.89354804,1.802933165,0.579314529,2.104970886,0.548521958,1.810209425,1.619621652,1.942620588,0.59206042,1.544641616,0.701229967,1.622559901,2.004619786,2.035230119,1.183298247,1.740025826,80,Amusement,1,1,1,5.2375,2.128205128,4.316455696,0,1,True
amusement_new_22.jpg,4.2625,2.987179487,1.265822785,3.924050633,2.443037975,1.430379747,3.126582278,1.329113924,4.240506329,3.050632911,4.102564103,1.417721519,5.025316456,1.727272727,2.102564103,3.846153846,4.102564103,1.831168831,4.2625,1.887626264,2.028969348,0.795965158,2.182518845,1.959505664,0.98297748,2.071584855,0.872977795,2.051985842,1.708941299,2.061330699,0.942005429,1.894490552,1.165697935,1.592105064,2.039078752,2.207365143,1.34166626,1.887626264,80,Amusement,1,1,1,5.025316456,2.102564103,4.102564103,0,1,True
amusement_new_24.jpg,5.114285714,2.898550725,1.285714286,2.542857143,1.869565217,1.246376812,3.1,1.157142857,3.942857143,3.043478261,2.710144928,1.214285714,5.1,1.314285714,2.228571429,3.242857143,4.071428571,1.542857143,5.114285714,2.039770214,2.177052294,0.95010079,2.012178244,1.696995992,0.774706721,2.036977016,0.555231099,1.969960746,2.082382562,2.022676221,0.849430451,1.919767498,1.000620925,1.81116848,1.84497527,2.182416083,0.988128289,2.039770214,70,Amusement,1,1,1,5.1,2.228571429,4.071428571,1,1,True
amusement_new_25.jpg,5.1,3.771428571,1.3,3.557142857,2.014285714,1.816901408,3.571428571,1.571428571,4.414285714,3.057142857,3.536231884,1.3,5.114285714,1.785714286,2.414285714,3.571428571,4.314285714,2.328571429,5.1,1.834847859,2.227440388,0.78666421,2.096482315,1.781489827,1.597407356,1.996891995,1.149308911,1.813738689,1.894964451,1.996907242,0.840117314,1.724023413,1.382005025,1.853260794,2.032856408,2.05393124,1.878338987,1.834847859,71,Amusement,1,1,1,5.114285714,2.414285714,4.314285714,0,1,True
amusement_new_26.jpg,5.242857143,4.128571429,1.228571429,4.246376812,2.342857143,1.371428571,3.768115942,1.271428571,5.028571429,2.914285714,4.328571429,1.246376812,6.0,1.428571429,2.8,4.785714286,4.957142857,1.728571429,5.242857143,1.789143705,2.091538707,0.725746564,2.00298158,1.848506756,0.995226703,2.136138128,0.700340053,1.578583373,1.791629953,1.946542297,0.650922357,1.276154939,1.043564524,1.923161648,1.864176837,1.891519704,1.350484922,1.789143705,71,Amusement,1,1,1,6.0,2.8,4.957142857,0,1,True
amusement_new_27.jpg,4.875,3.405063291,1.189873418,4.215189873,2.518987342,1.215189873,3.582278481,1.240506329,5.063291139,2.936708861,4.202531646,1.278481013,5.8625,1.367088608,2.316455696,4.139240506,4.658227848,1.53164557,4.875,1.731137038,2.261829231,0.785704801,2.098050903,2.080808272,0.886810564,2.175667271,0.850568285,1.806979149,1.842112584,2.084003462,0.986273859,1.515688004,1.002269414,1.721242126,1.97895451,2.147664659,1.309094843,1.731137038,80,Amusement,1,1,1,5.8625,2.316455696,4.658227848,0,0,True
amusement_new_30.jpg,4.4375,2.708860759,1.303797468,2.746835443,1.784810127,1.379746835,2.924050633,1.278481013,4.192307692,2.835443038,3.038461538,1.278481013,4.925,1.53164557,1.835443038,3.392405063,3.924050633,1.717948718,4.4375,1.941184227,1.854667699,0.978675588,1.814954647,1.533145636,0.924090648,1.933325499,0.890645241,1.823780093,1.828761524,1.805060043,0.749986476,1.667067462,1.010654054,1.381474312,1.877107168,2.128994899,1.298324954,1.941184227,80,Amusement,1,1,1,4.925,1.835443038,3.924050633,0,1,True
amusement_new_31.jpg,4.693333333,3.716216216,1.148648649,3.973333333,1.8,1.026666667,4.013333333,1.133333333,5.175675676,2.626666667,4.386666667,1.146666667,6.24,1.093333333,2.106666667,4.733333333,5.053333333,1.4,4.693333333,1.823075315,2.205350097,0.752756258,2.271880596,1.716375817,0.162192189,2.102079622,0.622404521,1.690895103,1.761244441,1.999279149,0.455991149,1.282312101,0.335846383,1.607191047,1.862382471,2.02613554,1.115008181,1.823075315,75,Amusement,1,1,1,6.24,2.106666667,5.053333333,0,0,True
amusement_new_31_midj_af.jpg,3.966666667,3.4,1.433333333,4.383333333,2.066666667,1.266666667,3.966101695,1.508474576,4.783333333,2.6,4.45,1.416666667,5.627118644,1.338983051,2.593220339,4.35,4.5,1.711864407,3.966666667,2.154747747,2.076502927,1.169769884,2.322269979,1.964659514,0.9363953,2.333903802,1.343860642,1.949286412,1.842989465,2.235499413,1.062323432,1.72104925,1.027386532,1.975004531,2.073439785,2.296068341,1.50917707,2.154747747,61,Amusement,1,1,1,5.627118644,2.593220339,4.5,0,0,True
amusement_new_31_midj_as.jpg,4.285714286,3.031746032,1.333333333,3.564516129,1.920634921,1.126984127,3.53968254,1.571428571,4.714285714,2.859375,3.825396825,1.238095238,5.4375,1.53968254,2.349206349,3.639344262,4.063492063,1.952380952,4.285714286,2.051188259,2.117273459,1.0,2.236954661,1.80770383,0.420907755,2.1984261,1.214353481,1.962787447,1.859059222,2.203660317,0.734282307,1.698505412,1.104614906,1.742807618,1.983538815,2.17665781,1.660048303,2.051188259,64,Amusement,1,1,1,5.4375,2.349206349,4.063492063,0,0,True
amusement_new_31_midj_euna.jpg,4.233333333,2.95,1.2,3.5,1.6,1.15,3.4,1.3,4.583333333,2.661016949,3.883333333,1.183333333,5.644067797,1.237288136,2.152542373,3.915254237,4.288135593,1.576271186,4.233333333,2.150022993,1.986607704,0.708304253,2.166775312,1.264911064,0.515028385,2.263939869,0.869443617,2.052626814,1.834630184,2.116053784,0.676272602,1.689345026,0.625299461,1.808157371,1.941277002,2.267087205,1.1919759,2.150022993,60,Amusement,1,1,1,5.644067797,2.152542373,4.288135593,0,0,True
amusement_new_31_midj_sa.jpg,4.657534247,3.095890411,1.164383562,3.287671233,1.726027397,1.082191781,3.465753425,1.273972603,4.753424658,2.397260274,3.630136986,1.128571429,5.602739726,1.287671233,2.02739726,3.821917808,4.383561644,1.328767123,4.657534247,2.161655603,2.102672794,0.500380373,2.201511173,1.511624163,0.3633725,2.23035991,0.854079654,2.005415044,1.622238902,2.058227725,0.447907488,1.753882408,0.754237143,1.462233857,2.043570308,2.221299276,1.054814288,2.161655603,73,Amusement,1,1,1,5.602739726,2.02739726,4.383561644,0,0,True
animals_173_h_midj.jpg,4.791666667,3.971830986,1.225352113,3.388888889,1.85915493,1.25,3.542857143,1.394366197,4.652777778,2.915492958,3.513888889,1.305555556,5.625,1.458333333,2.305555556,4.027777778,4.194444444,1.694444444,4.791666667,1.830396709,1.912155336,0.759646217,2.052518587,1.533397485,0.745880706,1.85476835,0.992527412,1.721117572,1.696605678,2.034858583,0.866251255,1.486441066,1.174104393,1.649915823,1.711372254,1.925652543,1.217696843,1.830396709,72,Amusement,1,1,1,5.625,2.305555556,4.194444444,0,1,True
poshighnonsoc_11_midj.jpg,5.181818182,4.149253731,1.075757576,4.318181818,2.393939394,1.181818182,4.666666667,1.242424242,5.507462687,2.515151515,4.363636364,1.136363636,6.0,1.303030303,2.615384615,4.343283582,5.484848485,1.560606061,5.181818182,1.991590713,2.330650393,0.505678708,2.177924848,2.183002786,0.742326714,2.040613281,0.765819944,1.521294647,1.816526053,2.042896613,0.653661019,1.435481125,0.960283563,2.013177741,1.93494373,1.756240953,1.290542973,1.991590713,67,Amusement,1,1,1,6.0,2.615384615,5.484848485,0,0,True
poshighnonsoc_11_midj_af.jpg,3.978494624,3.32967033,1.516129032,3.720430108,2.258064516,1.387096774,3.77173913,2.097826087,4.172043011,3.141304348,4.054347826,1.591397849,4.989247312,1.817204301,2.344086022,3.720430108,4.462365591,2.258064516,3.978494624,2.090238673,2.060501261,1.147898867,2.183762168,1.933139066,0.897245278,2.107564924,1.822085405,2.180066094,2.030436113,2.175609706,1.244435957,2.082508018,1.481378886,1.690733206,2.018208371,2.204536527,1.793122282,2.090238673,93,Amusement,1,1,1,4.989247312,2.344086022,4.462365591,0,0,True
poshighnonsoc_11_midj_as.jpg,4.537313433,3.865671642,1.179104478,4.75,2.955223881,1.28358209,4.343283582,1.343283582,5.298507463,3.149253731,4.76119403,1.134328358,6.088235294,1.223880597,2.940298507,4.417910448,5.313432836,1.447761194,4.537313433,1.917450629,2.1665188,0.458104564,2.153615495,2.29249656,0.884307127,2.121693426,0.946320447,1.714597977,1.9714149,2.008237221,0.385161217,1.368464595,0.813166194,2.058836072,1.91603484,1.768486386,1.158415612,1.917450629,68,Amusement,1,1,1,6.088235294,2.940298507,5.313432836,0,0,True
poshighnonsoc_11_midj_euna.jpg,5.208955224,3.764705882,1.212121212,4.671641791,2.701492537,1.23880597,4.656716418,1.313432836,5.417910448,2.776119403,4.611940299,1.194029851,6.147058824,1.253731343,2.791044776,4.686567164,5.507462687,1.462686567,5.208955224,1.846678537,2.08847332,0.690933627,1.886057775,2.05245548,0.760572995,1.846800992,0.820364945,1.661956256,1.73048334,1.976798942,0.656870588,1.295972013,0.765610938,1.903245342,1.810817288,1.869800948,1.172001115,1.846678537,68,Amusement,1,1,1,6.147058824,2.791044776,5.507462687,0,0,True
poshighnonsoc_11_midj_sa.jpg,4.456790123,3.037037037,1.37037037,3.419753086,1.839506173,1.419753086,3.592592593,1.407407407,4.543209877,2.691358025,3.728395062,1.375,5.271604938,1.716049383,2.197530864,3.530864198,4.728395062,1.975308642,4.456790123,1.88447196,1.971322173,0.967528352,2.042450719,1.728126081,1.105262384,2.120010482,0.958876658,2.133362268,1.861732898,2.168019521,1.047903271,1.993817605,1.334490239,1.607947085,2.115930172,2.14483301,1.68058999,1.88447196,81,Amusement,1,1,1,5.271604938,2.197530864,4.728395062,0,0,True
poshighnonsoc_19_midj.jpg,5.306451613,3.903225806,1.233333333,4.393442623,2.370967742,1.193548387,4.274193548,1.338709677,5.306451613,2.833333333,4.274193548,1.225806452,6.161290323,1.322580645,2.887096774,4.557377049,5.451612903,1.387096774,5.306451613,1.704273411,2.344926001,0.721736763,2.139148495,1.738982847,0.623020397,1.960004641,1.00724504,1.73289022,1.69911908,2.159002159,0.733716228,1.357354568,0.76338748,1.984405091,1.945289954,1.780379582,0.911759939,1.704273411,62,Amusement,1,1,1,6.161290323,2.887096774,5.451612903,0,1,True
poshighnonsoc_19_midj_af.jpg,4.140350877,3.035087719,1.275862069,4.155172414,2.456140351,1.49122807,3.74137931,1.379310345,4.5,3.810344828,4.01754386,1.350877193,5.344827586,1.465517241,2.344827586,4.403508772,4.396551724,2.103448276,4.140350877,2.166618469,2.195489795,0.790138861,2.300280106,2.08797728,1.255314517,2.252175127,1.02302589,2.062616291,2.15583172,2.215942464,1.077219106,1.951623024,1.029657024,1.821429207,2.186481593,2.25512792,1.832356887,2.166618469,58,Amusement,1,1,1,5.344827586,2.344827586,4.396551724,0,0,True
poshighnonsoc_19_midj_as.jpg,4.53030303,3.234375,1.257575758,3.121212121,1.815384615,1.323076923,3.212121212,1.333333333,4.102941176,2.984615385,3.015151515,1.430769231,5.058823529,1.5,2.061538462,3.454545455,3.924242424,1.96969697,4.53030303,1.899147152,2.121261885,0.686364022,2.041983587,1.4778818,0.812167092,1.973011377,0.847318546,1.837744447,1.815663685,1.941390653,0.918035109,1.899586388,1.026570092,1.628620228,1.824464669,2.20705586,1.588126104,1.899147152,69,Amusement,1,1,1,5.058823529,2.061538462,3.924242424,0,1,True
poshighnonsoc_19_midj_euna.jpg,4.321428571,2.975903614,1.43373494,3.428571429,2.13253012,1.542168675,3.369047619,1.385542169,4.023529412,3.555555556,3.259259259,1.524390244,4.882352941,1.86746988,2.301204819,3.321428571,4.060240964,1.87804878,4.321428571,2.083559942,2.169499794,1.095364636,2.196852701,1.702015193,1.140188312,2.052208695,0.960580684,2.064302434,2.079663434,2.054128634,1.188687519,1.879790798,1.504230492,1.737217707,2.018950666,2.221565025,1.434928001,2.083559942,85,Amusement,1,1,1,4.882352941,2.301204819,4.060240964,0,1,True
poshighnonsoc_19_midj_sa.jpg,4.15625,2.523809524,1.387096774,2.714285714,1.761904762,1.333333333,3.015873016,1.306451613,3.682539683,3.234375,3.0,1.360655738,4.84375,1.492063492,2.158730159,2.951612903,3.666666667,1.698412698,4.15625,2.017532282,1.821530222,1.135923668,1.781885296,1.410951243,0.87988269,1.773388078,0.801406748,2.014667161,1.788341322,1.909230549,0.817165566,1.862058513,1.029766899,1.705837692,1.867999889,2.221594894,1.226520395,2.017532282,64,Amusement,1,1,1,4.84375,2.158730159,3.666666667,1,1,True
9340_midj.jpg,1.544303797,1.708860759,4.620253165,1.417721519,1.405063291,4.658227848,1.423076923,2.512820513,1.346153846,2.329113924,1.569620253,4.358974359,1.265822785,5.392405063,1.772151899,1.367088608,2.358974359,4.113924051,4.620253165,1.206791342,1.23154998,1.876328913,1.045228412,1.092151339,1.947293164,1.087344326,1.898349179,1.017086788,1.66965004,1.205580446,2.044786586,0.654547422,1.727735449,1.395499792,0.976351334,1.872385512,2.154228649,1.876328913,79,Anger,0,1,0,5.392405063,1.772151899,4.113924051,0,0,True
anger_new_1.jpg,1.582278481,1.857142857,4.91025641,1.246753247,1.518987342,4.797468354,1.525641026,1.987341772,1.455696203,2.0125,1.329113924,4.113924051,1.544303797,5.544303797,2.189873418,1.46835443,2.670886076,3.9625,4.91025641,1.116399833,1.519299403,1.968491396,0.710000818,1.141981628,2.002432795,1.245504738,1.589175491,1.107057411,1.400666659,0.872977795,2.130290348,1.174488087,1.752635147,1.633589326,1.130412258,2.036346143,2.302688302,1.968491396,80,Anger,0,1,0,5.544303797,2.189873418,3.9625,0,1,True
anger_new_10.jpg,1.851351351,1.72972973,4.164383562,1.397260274,1.540540541,3.554054054,1.767123288,3.653333333,1.554054054,2.108108108,1.581081081,3.493333333,1.756756757,5.253333333,2.067567568,1.675675676,1.891891892,5.0,4.164383562,1.644271354,1.555346918,2.279215866,1.221789739,1.386719685,2.335795848,1.585704785,2.121277874,1.366345911,1.708701081,1.374989482,2.120513281,1.653645295,2.156657407,1.792916665,1.571214591,1.763927495,2.346667704,2.279215866,75,Anger,0,1,0,5.253333333,2.067567568,5.0,1,1,True
anger_new_11.jpg,1.848101266,2.341772152,4.012658228,2.430379747,1.607594937,4.316455696,1.797468354,2.506329114,1.717948718,2.285714286,2.430379747,4.6375,2.075949367,5.0375,2.126582278,1.759493671,3.025316456,3.46835443,4.012658228,1.502891295,1.789471172,2.047472932,1.885732832,1.372044343,2.09115539,1.470912388,1.551454386,1.413271381,1.467697291,1.959091524,2.051512255,1.81709935,2.009116879,1.659217367,1.379475838,2.037939404,2.206258249,2.047472932,80,Anger,0,1,0,5.0375,2.126582278,3.46835443,0,0,True
anger_new_11_midj_af.jpg,2.626666667,2.527027027,3.378378378,2.621621622,1.824324324,3.702702703,2.5,2.586666667,2.506666667,2.64,3.066666667,3.716216216,2.946666667,4.013333333,2.133333333,2.575342466,3.786666667,2.8,3.378378378,2.045253789,1.866965694,2.156244215,2.02520219,1.348343561,2.261831781,1.799923895,1.763697999,1.869913521,1.835387874,2.126622327,2.090554559,2.211110357,2.19639344,1.436336682,1.914257966,2.100793501,2.072992353,2.156244215,75,Anger,0,1,0,4.013333333,2.133333333,2.8,0,0,True
anger_new_11_midj_as.jpg,1.490566038,1.846153846,4.830188679,1.754716981,1.377358491,4.888888889,1.396226415,3.018518519,1.346153846,2.056603774,2.396226415,5.094339623,1.528301887,5.648148148,1.557692308,1.716981132,2.867924528,4.0,4.830188679,1.17051339,1.419536176,1.82647042,1.238883809,1.147345014,1.700906159,0.967542936,1.817013315,0.967807617,1.336112247,1.993640106,1.789543893,1.048878038,1.290859117,0.978463412,1.198995709,2.019498565,2.320477404,1.82647042,54,Anger,0,1,0,5.648148148,1.557692308,4.0,0,0,True
anger_new_11_midj_euna.jpg,1.816901408,2.154929577,4.661971831,2.323943662,1.450704225,4.916666667,1.7,3.597222222,1.535211268,1.985714286,2.647887324,4.986111111,1.845070423,5.402777778,2.225352113,1.591549296,3.328571429,3.888888889,4.661971831,1.533528696,1.644452904,2.035005525,1.730191136,1.131228566,2.11467042,1.516575089,2.133962275,1.392130802,1.356603358,2.084628035,2.15258152,1.635742621,1.911121802,1.717117045,1.271416137,2.295057251,2.298533247,2.035005525,72,Anger,0,1,0,5.402777778,2.225352113,3.888888889,0,0,True
anger_new_11_midj_sa.jpg,1.810810811,2.444444444,4.44,2.283783784,1.736111111,4.864864865,1.95890411,3.346666667,1.876712329,2.162162162,2.716216216,4.810810811,1.972972973,5.44,2.121621622,1.932432432,3.189189189,3.391891892,4.44,1.549862351,1.942039649,2.19483423,1.891004446,1.472690893,2.16018977,1.67031564,1.982990734,1.739613666,1.613530351,2.037459271,2.13050689,1.828038645,2.041726879,1.64652147,1.641341592,2.156072505,2.29840664,2.19483423,75,Anger,0,1,0,5.44,2.121621622,3.391891892,0,0,True
anger_new_13.jpg,3.0,2.867647059,4.442857143,3.157142857,1.914285714,4.14084507,2.7,3.128571429,2.528571429,2.304347826,3.414285714,4.029411765,2.768115942,4.782608696,2.676470588,2.463768116,4.217391304,3.246376812,4.442857143,2.346752304,2.058142996,2.459148635,2.184502161,1.734081699,2.451214129,2.024129801,1.925582378,2.144905853,1.656576447,2.203375915,2.44320922,2.333546452,2.350654259,2.047504316,2.033395524,2.513899977,2.391195843,2.459148635,71,Anger,0,1,0,4.782608696,2.676470588,3.246376812,0,1,True
anger_new_14.jpg,1.956521739,2.217391304,5.253521127,2.528571429,1.376811594,4.68115942,1.771428571,4.142857143,1.4,1.842857143,2.811594203,4.220588235,1.642857143,5.85915493,2.428571429,1.542857143,3.2,4.3,5.253521127,1.710132284,1.696619175,1.895244499,1.831459611,1.016068682,2.186137836,1.253070762,2.037942372,0.938700922,1.450993805,2.038420397,2.191200776,1.263027353,1.561096452,1.724263578,1.247440444,2.319420217,2.451559693,1.895244499,71,Anger,0,1,0,5.85915493,2.428571429,4.3,0,1,True
anger_new_14_midj_af.jpg,2.026666667,2.2,4.306666667,1.821917808,1.373333333,3.905405405,1.835616438,4.28,1.5,2.178082192,2.16,3.797297297,1.76,5.364864865,2.2,1.4,2.52,4.293333333,4.306666667,1.755095542,1.755300852,2.174628476,1.437034618,0.996932231,2.133675964,1.424134227,2.083136928,1.252394966,1.644371425,1.801200801,2.195760109,1.523154621,1.869541914,1.668467496,0.944400282,2.062273739,2.398047254,2.174628476,75,Anger,0,1,0,5.364864865,2.2,4.293333333,0,1,True
anger_new_14_midj_as.jpg,1.425925926,1.833333333,4.685185185,1.62962963,1.296296296,4.018867925,1.574074074,3.981481481,1.240740741,1.851851852,2.58490566,4.055555556,1.537037037,5.358490566,2.518518519,1.277777778,2.592592593,4.259259259,4.685185185,0.982907736,1.397437007,2.081582073,1.217735236,0.743008409,2.291208667,1.35426443,2.069461153,0.725159324,1.294508101,2.170022707,2.175477971,1.058888042,1.733097933,1.829947321,0.684509649,2.123707318,2.388535394,2.081582073,54,Anger,0,1,0,5.358490566,2.518518519,4.259259259,0,1,True
anger_new_14_midj_euna.jpg,1.676056338,1.929577465,5.027777778,2.211267606,1.442857143,4.388888889,1.657142857,4.208333333,1.450704225,1.85915493,2.753623188,4.478873239,1.563380282,5.611111111,2.708333333,1.253521127,3.154929577,3.958333333,5.027777778,1.471390478,1.552177674,2.109483765,1.804086575,0.987394673,2.347042223,1.339324016,2.089123409,1.204618877,1.376286667,2.225558734,2.329065753,1.306384262,1.796362173,2.003078616,0.711503636,2.246571275,2.423113467,2.109483765,72,Anger,0,1,0,5.611111111,2.708333333,3.958333333,0,1,True
anger_new_14_midj_sa.jpg,2.148648649,2.055555556,4.216216216,1.95890411,1.575342466,3.986486486,1.805555556,3.356164384,1.438356164,2.277777778,2.361111111,4.171428571,1.716216216,5.068493151,2.205479452,1.534246575,2.547945205,4.0,4.216216216,1.749226306,1.634908697,2.203796663,1.398792695,1.117012486,2.090377453,1.359773064,1.902993716,1.092732322,1.654887956,1.754716426,2.091885139,1.349990059,1.902693757,1.55419597,1.143607739,1.893270949,2.311377458,2.203796663,75,Anger,0,1,0,5.068493151,2.205479452,4.0,0,1,True
anger_new_15.jpg,3.392405063,2.597402597,1.987179487,3.179487179,1.974683544,1.734177215,3.189873418,2.341772152,3.632911392,2.641025641,3.269230769,1.948051948,4.215189873,2.551282051,2.038961039,2.784810127,3.569620253,2.9125,1.987179487,1.950790251,1.886654936,1.6395564,1.998334305,1.663905535,1.41157178,2.025959408,1.767847278,2.095032067,1.643360186,1.958485215,1.546610078,2.054830994,1.820856341,1.418315888,1.823429328,2.146455303,2.106011588,1.6395564,80,Anger,0,1,0,2.551282051,2.038961039,2.9125,0,0,True
anger_new_2.jpg,1.513513514,1.581081081,4.191780822,1.324324324,1.054794521,3.712328767,1.22972973,3.02739726,1.081081081,2.346666667,1.324324324,2.621621622,1.256756757,5.28,2.097222222,1.108108108,1.824324324,5.027027027,4.191780822,1.263212292,1.461906775,2.208930952,1.035111113,0.468164589,1.961288211,0.803200743,1.855716414,0.430251814,1.885172107,0.99461713,1.899550796,0.620667136,1.751910154,1.801092956,0.484487233,1.6078413,2.251166961,2.208930952,75,Anger,0,1,0,5.28,2.097222222,5.027027027,1,1,True
anger_new_3.jpg,1.453333333,2.026666667,4.148648649,1.613333333,1.0,3.16,1.324324324,4.373333333,1.04,1.837837838,2.08,4.866666667,1.2,5.546666667,1.773333333,1.146666667,2.133333333,4.88,4.148648649,1.255187434,1.71616585,2.071875812,1.403598978,0.0,1.845666949,0.877544958,2.045253789,0.197278785,1.414475333,1.761142136,1.961338025,0.545249757,1.587904733,1.351409008,0.585715855,1.788350692,2.336317268,2.071875812,75,Anger,0,1,0,5.546666667,1.773333333,4.88,0,0,True
anger_new_3_midj_af.jpg,1.55,2.2,3.525423729,1.666666667,1.203389831,2.933333333,1.55,4.327868852,1.35,2.5,2.016666667,3.949152542,1.7,4.766666667,2.466666667,1.316666667,1.7,4.950819672,3.525423729,1.345740298,1.875804912,2.254160385,1.257744371,0.713893188,2.098156307,1.015556957,2.087433124,0.819776737,1.935397301,1.780227244,2.247018936,1.183215957,2.061484299,1.961205671,0.999858747,1.183215957,1.909853655,2.254160385,61,Anger,0,1,0,4.766666667,2.466666667,4.950819672,0,0,True
anger_new_3_midj_as.jpg,1.650793651,2.079365079,2.746031746,1.841269841,1.349206349,2.285714286,1.698412698,4.0625,1.26984127,2.564516129,2.031746032,3.483870968,2.0,4.428571429,2.238095238,1.467741935,1.746031746,4.78125,2.746031746,1.357877021,1.771654842,1.874861319,1.567886899,0.845457123,1.736037121,1.116372591,1.950783318,0.766356045,1.930097829,1.616130923,2.086191412,1.646109784,1.889822365,1.701178773,1.197233723,1.402397187,1.931105038,1.874861319,64,Anger,0,1,0,4.428571429,2.238095238,4.78125,0,0,True
anger_new_3_midj_euna.jpg,1.283333333,1.766666667,3.9,1.457627119,1.216666667,3.033333333,1.316666667,4.183333333,1.152542373,2.166666667,1.733333333,4.25,1.266666667,5.3,2.118644068,1.483333333,2.0,4.633333333,3.9,0.993054979,1.730745569,2.17614182,1.277417031,0.666172133,1.868260014,0.724666298,1.935324321,0.519069437,1.627795292,1.482858745,1.945224487,0.733384693,1.543713331,1.672132087,1.268813227,1.650496268,2.058192943,2.17614182,60,Anger,0,1,0,5.3,2.118644068,4.633333333,0,0,True
anger_new_3_midj_sa.jpg,1.328767123,1.808219178,3.616438356,1.602739726,1.301369863,3.260273973,1.328767123,4.191780822,1.154929577,2.01369863,1.657534247,3.847222222,1.342465753,4.808219178,2.277777778,1.424657534,1.506849315,4.97260274,3.616438356,0.913704221,1.459238141,2.170702248,1.30957718,0.860957663,2.014029938,0.782708874,1.969613148,0.467451673,1.522909776,1.42613676,2.17967385,1.003039521,1.860835641,1.777973385,1.07906606,1.144106732,2.088145128,2.170702248,73,Anger,0,1,0,4.808219178,2.277777778,4.97260274,0,0,True
anger_new_4.jpg,3.457142857,3.214285714,3.275362319,2.652173913,2.171428571,2.842857143,3.295774648,2.043478261,2.884057971,2.47826087,2.492753623,2.942857143,3.405797101,3.571428571,2.788732394,2.724637681,3.471428571,3.3,3.275362319,2.301138435,2.192826626,2.248424664,2.099202138,1.83343685,2.089557989,2.009935082,1.38728239,2.131943548,1.703013727,1.859974608,1.984619953,2.439375767,2.29410984,1.788179385,2.161726284,2.301363355,2.27366779,2.248424664,71,Anger,0,1,0,3.571428571,2.788732394,3.3,0,0,True
anger_new_5.jpg,1.5,1.869565217,5.142857143,1.352941176,1.342857143,5.794117647,1.5,2.9,1.285714286,2.014285714,1.628571429,4.710144928,1.371428571,6.028571429,2.042857143,1.432835821,2.757142857,4.314285714,5.142857143,1.126106541,1.533096093,1.787928234,0.893838041,1.061660093,1.511733447,0.896854406,1.98654897,0.782838706,1.555661536,1.275992692,1.978572341,0.950536516,1.474138693,1.68914449,0.941048426,2.05317509,2.28760274,1.787928234,70,Anger,0,1,0,6.028571429,2.042857143,4.314285714,0,0,True
anger_new_5_midj_af.jpg,1.783333333,2.316666667,3.65,1.75,1.406779661,3.75,2.0,2.833333333,1.883333333,2.7,2.0,4.15,2.15,4.557377049,2.383333333,1.933333333,2.65,3.916666667,3.65,1.563261114,1.882044207,2.184886453,1.579798314,1.219364505,2.221810225,1.687441148,1.842682888,1.552381076,1.806766941,1.677366782,2.283507561,1.754654826,2.117581877,1.896398609,1.735635151,2.057025992,2.33827161,2.184886453,61,Anger,0,1,0,4.557377049,2.383333333,3.916666667,0,0,True
anger_new_5_midj_as.jpg,2.111111111,2.698412698,4.444444444,1.725806452,1.571428571,4.515625,1.693548387,2.571428571,1.650793651,2.112903226,1.888888889,4.698412698,2.158730159,5.265625,2.396825397,2.177419355,3.015873016,4.047619048,4.444444444,1.951931311,2.10709187,2.100520502,1.505937482,1.47794851,2.189384109,1.421021448,1.997694524,1.427367644,1.709230857,1.685910409,2.02113766,1.815758521,1.862258294,1.836368107,1.929275695,2.143949201,2.231942387,2.100520502,64,Anger,0,1,0,5.265625,2.396825397,4.047619048,0,0,True
anger_new_5_midj_euna.jpg,1.433333333,1.716666667,4.898305085,1.433333333,1.322033898,4.86440678,1.322033898,2.583333333,1.333333333,1.883333333,1.406779661,4.627118644,1.4,5.576271186,1.966666667,1.633333333,2.416666667,3.633333333,4.898305085,1.155189715,1.530388969,1.807025707,1.125462868,1.04123067,1.861197493,0.972743684,1.898185277,1.036072549,1.427237069,1.019104476,1.88367126,1.12295011,1.588790364,1.449332595,1.365018987,1.924786289,2.328647434,1.807025707,60,Anger,0,1,0,5.576271186,1.966666667,3.633333333,0,1,True
anger_new_5_midj_sa.jpg,1.547945205,2.109589041,3.944444444,1.520547945,1.328767123,4.178082192,1.791666667,2.794520548,1.575342466,2.150684932,1.616438356,3.944444444,1.904109589,4.876712329,2.109589041,1.917808219,2.424657534,3.835616438,3.944444444,1.312769506,1.704256467,2.148624774,1.225987006,0.943615896,2.262879592,1.443172366,1.936196903,1.311464493,1.792509359,1.370625739,2.047938771,1.676341781,1.978672433,1.814766926,1.738081834,1.840273291,2.403780001,2.148624774,73,Anger,0,1,0,4.876712329,2.109589041,3.835616438,0,0,True
anger_new_6.jpg,1.53164557,1.886075949,4.487179487,1.376623377,1.253164557,3.975,1.632911392,2.569620253,1.278481013,2.189873418,1.41025641,3.58974359,1.430379747,5.240506329,2.316455696,1.253164557,2.303797468,4.341772152,4.487179487,1.217768483,1.617114729,1.898349179,1.013578354,0.688147913,1.987142214,1.18945382,1.707326177,0.861375002,1.725197494,1.12163954,2.116330428,0.995934612,1.67343643,1.829560013,0.808105642,2.021388393,2.099365447,1.898349179,80,Anger,0,1,0,5.240506329,2.316455696,4.341772152,1,1,True
anger_new_8.jpg,1.957142857,2.102941176,4.366197183,1.6,1.371428571,4.126760563,2.057142857,3.057142857,1.652173913,2.542857143,1.742857143,3.785714286,2.114285714,4.695652174,2.4,1.857142857,2.285714286,4.385714286,4.366197183,1.536377391,1.702848412,2.166230674,1.244116589,0.870971947,2.292407203,1.577796246,2.056349053,1.258221048,1.791167656,1.421223338,2.264360659,1.806131723,2.211629342,1.747876559,1.59060388,1.964488038,2.433419835,2.166230674,71,Anger,0,1,0,4.695652174,2.4,4.385714286,0,1,True
garbagedump2_midj.jpg,1.357142857,1.657142857,5.47826087,1.371428571,1.285714286,5.676056338,1.257142857,3.457142857,1.1,1.855072464,1.565217391,5.285714286,1.231884058,6.126760563,2.214285714,1.357142857,2.714285714,4.304347826,5.47826087,1.216263157,1.512131755,1.75405996,0.919537196,0.903180486,1.730191136,0.845888852,2.224277862,0.386361699,1.396164518,1.254149124,1.866119411,0.909830746,1.423572744,1.760211262,1.063705777,2.227254482,2.39671557,1.75405996,71,Anger,0,1,0,6.126760563,2.214285714,4.304347826,0,0,True
garbagedump4_midj.jpg,1.53164557,1.936708861,4.53164557,1.341772152,1.303797468,5.329113924,1.367088608,2.987341772,1.205128205,2.265822785,1.46835443,4.518987342,1.341772152,5.772151899,1.860759494,1.594936709,2.379746835,4.303797468,4.53164557,1.357178852,1.627817259,2.037063265,0.860621063,1.004533702,1.788291829,0.754086562,1.8844415,0.58905547,1.499648341,1.072206484,1.920608607,0.76604338,1.518681674,1.533674799,1.286208773,1.883149282,2.180063692,2.037063265,79,Anger,0,1,0,5.772151899,1.860759494,4.303797468,0,0,True
h038_midj.jpg,1.75,2.056338028,4.183098592,2.402777778,1.416666667,3.972222222,1.444444444,3.194444444,1.246376812,2.14084507,2.847222222,5.013888889,1.555555556,5.347222222,2.042253521,1.388888889,3.138888889,3.416666667,4.183098592,1.508193584,1.620293835,2.173278361,1.741455779,0.98938023,2.096087719,1.019374137,1.843442041,0.829702234,1.514650121,1.933104649,1.811489587,1.197284355,1.61122578,1.659919273,0.972227811,2.111708177,2.324093038,2.173278361,72,Anger,0,1,0,5.347222222,2.042253521,3.416666667,0,0,True
landscapes_026_h_midj.jpg,1.454545455,1.636363636,5.029850746,1.369230769,1.393939394,5.257575758,1.348484848,2.212121212,1.303030303,2.136363636,1.538461538,4.692307692,1.424242424,5.492537313,1.803030303,1.424242424,3.181818182,3.985074627,5.029850746,1.254920386,1.44260836,1.76643923,1.054295244,1.238842982,1.850659808,0.968621927,1.741044351,1.06655011,1.567814389,1.335535041,1.819366965,1.067860637,1.627166475,1.361217746,1.110240529,2.252582046,2.191530096,1.76643923,67,Anger,0,1,0,5.492537313,1.803030303,3.985074627,0,0,True
landscapes_139_h_midj.jpg,1.387096774,1.532258065,4.870967742,1.180327869,1.129032258,5.403225806,1.306451613,2.516129032,1.193548387,1.580645161,1.306451613,4.387096774,1.316666667,5.75,1.762711864,1.440677966,2.05,4.8,4.870967742,0.981047261,1.433987241,1.859700936,0.82680503,0.495351207,1.841771042,1.080205045,1.826417576,0.902432227,1.167151318,1.033674167,1.936320989,1.033205751,1.632560638,1.418340252,1.11836066,1.741078956,2.24590022,1.859700936,62,Anger,0,1,0,5.75,1.762711864,4.8,0,0,True
landscapes_139_h_midj_af.jpg,1.494623656,1.935483871,5.247311828,1.215053763,1.22826087,5.75,1.195652174,2.505376344,1.204301075,1.860215054,1.462365591,5.032258065,1.304347826,5.978021978,1.880434783,1.293478261,2.72826087,4.217391304,5.247311828,1.194404126,1.666853659,1.920461414,0.640133518,0.757428572,1.614664936,0.518644269,1.80953787,0.52251773,1.395578405,1.166182361,1.896516331,0.910731266,1.390267936,1.373552315,0.858545198,2.138620593,2.475489016,1.920461414,93,Anger,0,1,0,5.978021978,1.880434783,4.217391304,0,0,True
landscapes_139_h_midj_as.jpg,1.701492537,2.029850746,4.850746269,1.417910448,1.417910448,5.352941176,1.432835821,2.045454545,1.212121212,2.0,1.791044776,4.611940299,1.507462687,5.794117647,2.029850746,1.537313433,2.492537313,4.194029851,4.850746269,1.425045724,1.614049577,1.892999314,1.075192072,1.207918994,1.89866179,1.183521717,1.722536753,0.541085846,1.435481125,1.502899354,2.066729402,1.223174389,1.644155851,1.466496022,1.13255354,2.106074435,2.230904192,1.892999314,68,Anger,0,1,0,5.794117647,2.029850746,4.194029851,0,0,True
landscapes_139_h_midj_euna.jpg,1.313432836,1.865671642,5.014925373,1.313432836,1.268656716,5.5,1.552238806,2.208955224,1.28358209,1.820895522,1.462686567,4.705882353,1.318181818,5.833333333,2.030769231,1.439393939,2.850746269,3.909090909,5.014925373,0.874018154,1.603930044,1.701091782,0.90802742,0.863082733,1.720912102,1.145261411,1.710372221,0.754902565,1.166779732,0.958666343,1.962779202,0.994741418,1.431334325,1.489224114,0.946715584,2.001921284,2.264965768,1.701091782,68,Anger,0,1,0,5.833333333,2.030769231,3.909090909,0,0,True
landscapes_139_h_midj_sa.jpg,1.086419753,1.4125,5.675,1.098765432,1.074074074,5.962962963,1.175,2.50617284,1.024691358,1.617283951,1.444444444,5.012345679,1.2375,6.2125,1.675,1.175,2.45,4.3875,5.675,0.574402534,1.176712326,1.548989054,0.374330678,0.380058475,1.495363204,0.611596789,1.962928022,0.156149659,1.240643998,1.21449578,1.939676694,0.95789524,1.22932265,1.230158989,0.631954974,2.01198938,2.341122472,1.548989054,81,Anger,0,1,0,6.2125,1.675,4.3875,0,0,True
people_127_h_midj.jpg,1.409638554,1.654320988,5.036144578,1.481927711,1.277108434,4.329268293,1.578313253,4.108433735,1.168674699,1.578313253,1.674698795,4.225,1.337349398,5.590361446,2.240963855,1.240963855,2.792682927,3.890243902,5.036144578,1.071084982,1.370770712,1.790529171,1.108299574,0.84555153,2.102643122,1.2984088,1.987841385,0.536912517,1.01357231,1.380247713,1.942039904,0.887269151,1.530472146,1.743212352,0.725668093,2.077140751,2.372715783,1.790529171,83,Anger,0,1,0,5.590361446,2.240963855,3.890243902,0,1,True
picture3_midj.jpg,1.628571429,1.785714286,4.614285714,1.742857143,1.385714286,4.0,1.414285714,4.057142857,1.371428571,2.028571429,2.098591549,4.285714286,1.214285714,5.471428571,2.2,1.357142857,2.732394366,4.057142857,4.614285714,1.40569678,1.512200212,2.023720617,1.259004832,0.982349404,1.955384722,1.109809451,2.063384825,1.065553249,1.307408418,1.62265153,2.029798713,0.634579791,1.630518976,1.885105617,0.948465034,2.170962568,2.139251625,2.023720617,71,Anger,0,1,0,5.471428571,2.2,4.057142857,0,1,True
2340_midj.jpg,4.540983607,3.677419355,1.180327869,5.177419355,2.919354839,1.209677419,4.161290323,1.14516129,5.68852459,3.177419355,4.806451613,1.258064516,6.096774194,1.177419355,2.483870968,4.629032258,5.193548387,1.403225806,5.177419355,2.013072035,2.393804802,0.619359796,1.842345205,2.144748731,0.656296034,2.105368224,0.437832747,1.63850525,1.912205778,1.931946353,0.598782477,1.210739882,0.496683874,1.964787858,1.883786481,1.931946353,0.98279757,1.842345205,62,Attachment love,1,1,1,6.096774194,2.483870968,5.193548387,0,0,True
2340_midj_af.jpg,4.683333333,3.68852459,1.229508197,5.590163934,2.409836066,1.15,4.295081967,1.180327869,5.68852459,2.62295082,5.344262295,1.333333333,6.383333333,1.25,2.482758621,5.083333333,5.627118644,1.35,5.590163934,2.127237938,2.077987677,0.863972272,1.616344117,1.986429369,0.444362045,2.347653171,0.562974147,1.565683915,1.959285026,1.740548246,0.914416859,0.922260794,0.727778137,1.847154087,1.889235041,1.865275288,0.798833896,1.616344117,61,Attachment love,1,1,1,6.383333333,2.482758621,5.627118644,0,0,True
2340_midj_as.jpg,3.803571429,2.982142857,1.196428571,4.267857143,1.839285714,1.25,3.410714286,1.339285714,4.964285714,2.767857143,4.714285714,1.545454545,5.596491228,1.375,1.964285714,3.964285714,4.428571429,1.589285714,4.267857143,2.048677115,2.119099907,0.748808577,2.153146293,1.604275942,0.667423812,2.238317434,1.031799588,1.778296281,1.80897833,1.951356505,1.199045636,1.635102106,1.05421233,1.662028177,2.148693351,2.303018911,1.398398899,2.153146293,57,Attachment love,1,1,1,5.596491228,1.964285714,4.428571429,0,0,True
2340_midj_euna.jpg,3.391304348,2.695652174,1.217391304,3.898550725,1.927536232,1.231884058,3.217391304,1.217391304,4.632352941,2.850746269,4.130434783,1.507246377,5.376811594,1.376811594,1.826086957,3.927536232,4.101449275,1.52173913,3.898550725,2.059535865,1.942590355,0.704388872,2.008400941,1.620809897,0.6674122,2.188671133,0.724965825,1.991807188,1.742983608,1.924402455,1.065821809,1.749802084,0.925162136,1.371522573,1.965278311,2.122324804,1.158202152,2.008400941,69,Attachment love,1,1,1,5.376811594,1.826086957,4.101449275,0,0,True
2340_midj_sa.jpg,4.0,3.15942029,1.242857143,4.242857143,2.014492754,1.128571429,3.428571429,1.242857143,5.2,2.585714286,4.565217391,1.471428571,5.842857143,1.260869565,2.536231884,4.072463768,4.579710145,1.405797101,4.242857143,2.063284483,2.159950901,0.875358548,2.136200842,1.818958603,0.562639447,2.14389209,0.907867613,1.707612962,1.805730469,2.003513538,1.017547899,1.699409226,1.024008472,2.018879349,2.130443482,2.366467938,1.07537737,2.136200842,71,Attachment love,1,1,1,5.842857143,2.536231884,4.579710145,0,0,True
2398_midj.jpg,3.575757576,2.833333333,1.106060606,2.803030303,2.333333333,1.090909091,3.784615385,1.318181818,3.909090909,3.835820896,2.651515152,1.257575758,5.090909091,1.363636364,2.590909091,3.492537313,4.439393939,1.833333333,2.803030303,2.212277671,2.050015635,0.310274711,2.00936038,1.98713813,0.518200221,2.027100051,0.930824133,2.066042465,2.093257682,1.941390653,0.933325008,1.845804163,0.757249347,2.022772452,2.025392849,1.946427006,1.319479307,2.00936038,67,Attachment love,1,1,1,5.090909091,2.590909091,4.439393939,0,0,True
2560_midj.jpg,3.585714286,3.304347826,1.185714286,3.943661972,3.542857143,1.185714286,3.6,1.246376812,4.542857143,3.457142857,4.0,1.471428571,5.521126761,1.485714286,2.314285714,4.382352941,4.985714286,1.614285714,3.943661972,2.274578204,2.137235349,0.620725549,2.335363685,2.137896259,0.518997281,2.367656458,0.715496477,2.061979591,2.110606165,2.219805449,1.017547899,1.755474335,1.099971767,2.067995299,1.985239651,2.1023993,1.572341162,2.335363685,71,Attachment love,1,1,1,5.521126761,2.314285714,4.985714286,0,0,True
2580_midj.jpg,3.35443038,3.298701299,1.243589744,3.243589744,2.12987013,1.179487179,3.115384615,1.307692308,4.164556962,3.487179487,2.835443038,1.481012658,5.115384615,1.376623377,1.961038961,4.675324675,4.376623377,1.766233766,3.243589744,2.050878328,1.980596236,0.870675174,1.988185216,1.808973607,0.785313069,2.082585613,1.072776375,2.047076588,2.04332038,1.9244072,1.228515463,1.765328189,1.026477895,1.601328054,1.969781971,2.121561993,1.286530462,1.988185216,79,Attachment love,1,1,1,5.115384615,1.961038961,4.376623377,0,0,True
attachment_love_new_2_midj_af.jpg,4.231884058,4.115942029,1.231884058,5.142857143,2.838235294,1.298507463,4.579710145,1.342857143,5.557142857,3.188405797,5.15942029,1.292307692,6.3,1.202898551,2.794117647,5.441176471,5.507246377,1.544117647,5.142857143,2.250130242,2.193145953,0.807044855,2.023669463,2.106211809,1.015261205,2.144800807,0.946170225,1.430878055,1.972422833,1.952548775,0.744208408,1.040484837,0.654839678,2.077303243,1.52963124,1.70313887,1.151686933,2.023669463,71,Attachment love,1,1,1,6.3,2.794117647,5.507246377,0,0,True
attachment_love_new_2_midj_as.jpg,3.28,3.310810811,1.337837838,4.413333333,2.22972973,1.283783784,3.067567568,1.337837838,4.64,3.310810811,4.347222222,1.383561644,5.666666667,1.432432432,2.243243243,4.6,4.555555556,1.662162162,4.413333333,2.221273071,2.106257316,1.076231719,2.060525604,1.839798212,0.929284159,2.172878156,0.954829498,1.813165069,1.950944104,2.083873169,0.952046582,1.750160868,1.086417779,1.72659147,1.917205173,2.269757627,1.407193136,2.060525604,75,Attachment love,1,1,1,5.666666667,2.243243243,4.555555556,0,0,True
attachment_love_new_2_midj_euna.jpg,3.313432836,2.970149254,1.149253731,4.194029851,2.149253731,1.134328358,3.149253731,1.208955224,4.71641791,3.424242424,4.227272727,1.46969697,5.626865672,1.313432836,1.865671642,4.746268657,4.701492537,1.671641791,4.194029851,1.971070738,1.961524988,0.583971028,2.168918219,1.607310301,0.6718478,1.671995101,0.826407219,1.905382886,1.814985536,1.787094372,0.88090333,1.525895871,0.90802742,1.423775629,1.761054123,2.089040126,1.531369556,2.168918219,67,Attachment love,1,1,1,5.626865672,1.865671642,4.701492537,0,0,True
attachment_love_new_2_midj_sa.jpg,3.278688525,3.245901639,1.081967213,4.672131148,1.85,1.049180328,3.213114754,1.081967213,4.580645161,3.262295082,4.548387097,1.278688525,5.85483871,1.114754098,2.081967213,4.704918033,4.524590164,1.278688525,4.672131148,2.153533124,2.110732398,0.420122282,2.079433508,1.538489244,0.284384101,1.984227424,0.331415246,1.851436191,2.104769499,2.0137024,0.686322265,1.365221104,0.412244291,1.666284109,1.960818386,2.157209288,0.878087838,2.079433508,63,Attachment love,1,1,1,5.85483871,2.081967213,4.524590164,0,0,True
attachment_love_new_3_midj_af.jpg,3.615384615,4.09375,1.21875,4.815384615,2.890625,1.14516129,3.921875,1.21875,5.234375,3.0,4.904761905,1.28125,5.830769231,1.3125,2.109375,4.793650794,5.078125,1.734375,4.815384615,2.349815868,2.060349408,0.744690199,2.022469929,2.27559298,0.538570488,2.338800992,0.806102715,1.941544039,1.902379462,1.898337861,0.863156812,1.816325538,0.990029661,1.513087745,1.824198721,2.140350717,1.461051888,2.022469929,66,Attachment love,1,1,1,5.830769231,2.109375,5.078125,0,0,True
attachment_love_new_3_midj_as.jpg,3.294871795,2.909090909,1.197368421,3.961538462,2.076923077,1.12987013,2.948717949,1.12987013,4.571428571,3.272727273,4.12987013,1.210526316,5.506493506,1.328947368,1.868421053,4.5,4.434210526,1.565789474,3.961538462,2.032904482,2.0467035,0.848838215,2.176869596,1.71902442,0.614531258,2.14958429,0.546535725,2.022430608,1.83271702,2.098562474,0.753937035,1.766824215,0.92934612,1.417435292,1.921804707,2.143738332,1.170020243,2.176869596,78,Attachment love,1,1,1,5.506493506,1.868421053,4.434210526,0,0,True
attachment_love_new_3_midj_euna.jpg,3.693333333,3.12,1.202702703,4.36,2.133333333,1.173333333,3.306666667,1.146666667,4.631578947,3.226666667,4.573333333,1.293333333,6.013157895,1.346666667,1.972972973,4.554054054,4.613333333,1.6,4.36,2.033325949,2.013199685,0.661665183,2.134909328,1.742422462,0.760037932,2.168405401,0.630172292,1.985561921,1.969863031,1.967117066,0.749293962,1.380757483,0.951433248,1.354575938,1.672844284,2.167906783,1.208080899,2.134909328,76,Attachment love,1,1,1,6.013157895,1.972972973,4.613333333,0,0,True
attachment_love_new_3_midj_sa.jpg,2.985074627,3.058823529,1.235294118,3.720588235,1.823529412,1.161764706,2.731343284,1.25,4.373134328,3.52238806,4.705882353,1.424242424,5.132352941,1.426470588,1.970588235,3.96969697,4.164179104,1.705882353,3.720588235,1.988547036,2.05071777,0.714824831,2.218279475,1.62940495,0.58870701,1.996831502,0.655060667,1.881616173,1.949034018,1.985460761,0.765819944,1.761142877,0.935473006,1.611253227,1.771307183,2.093257682,1.246593251,2.218279475,68,Attachment love,1,1,1,5.132352941,1.970588235,4.164179104,0,0,True
attachment_love_new_8_midj_af.jpg,3.307692308,3.46875,1.28125,4.507692308,2.215384615,1.169230769,3.676923077,1.184615385,4.984615385,2.676923077,4.938461538,1.230769231,5.876923077,1.215384615,2.353846154,4.892307692,5.0,1.4,4.507692308,2.351349858,2.260557243,0.967220695,2.201725722,1.988186263,0.601280684,2.312383053,0.527147622,1.824249055,1.977274737,2.199978147,0.52348683,1.605728926,0.599278412,1.979826138,2.165951559,2.236067977,1.02774024,2.201725722,65,Attachment love,1,1,1,5.876923077,2.353846154,5.0,0,0,True
attachment_love_new_8_midj_as.jpg,3.047619048,3.079365079,1.380952381,4.587301587,2.047619048,1.142857143,3.370967742,1.161290323,4.73015873,2.857142857,4.73015873,1.222222222,5.580645161,1.290322581,1.838709677,4.532258065,4.774193548,1.274193548,4.587301587,2.051188259,1.920194776,1.223803846,2.114732658,1.887382309,0.534522484,2.299207782,0.578113052,1.936128072,1.767604018,2.149316089,0.682605172,1.741945277,0.662511287,1.517045753,2.046330117,2.228131282,0.994564817,2.114732658,64,Attachment love,1,1,1,5.580645161,1.838709677,4.774193548,0,0,True
attachment_love_new_8_midj_euna.jpg,3.476190476,3.587301587,1.19047619,4.698412698,1.967741935,1.142857143,3.0,1.158730159,4.873015873,2.483870968,5.031746032,1.349206349,6.0,1.301587302,2.253968254,4.78125,5.158730159,1.317460317,4.698412698,2.313056509,1.997053641,0.758970926,1.906143892,1.810422847,0.644008186,2.109884571,0.652695384,1.835949816,1.896864846,1.874861319,0.935995764,1.379574502,0.926925557,1.857576065,1.812380264,1.993589316,0.912730692,1.906143892,64,Attachment love,1,1,1,6.0,2.253968254,5.158730159,0,0,True
attachment_love_new_8_midj_sa.jpg,3.476923077,3.261538462,1.046153846,4.276923077,1.523076923,1.015384615,3.2,1.030769231,5.076923077,2.2,4.625,1.138461538,6.215384615,1.061538462,1.676923077,4.828125,4.769230769,1.369230769,4.276923077,2.292022117,2.258850116,0.275611209,2.225615732,1.469562991,0.124034735,2.223454519,0.174035805,1.865037636,1.592953232,2.207490855,0.634353093,1.268516699,0.299839701,1.448142046,1.931811285,2.383335575,1.166849802,2.225615732,65,Attachment love,1,1,1,6.215384615,1.676923077,4.769230769,0,0,True
attachmentlove_new_1.jpg,4.623188406,3.885714286,1.185714286,4.985714286,3.985714286,1.3,4.072463768,1.289855072,5.436619718,3.405797101,4.8,1.271428571,5.943661972,1.314285714,3.2,5.0,5.628571429,1.342857143,4.985714286,2.352104497,2.312805293,0.665786168,2.22953077,2.362097184,0.922347352,2.359703624,0.859231005,2.005224564,2.184967631,2.217192375,0.991579454,1.646531627,0.877130651,2.325660262,2.028778457,1.842898069,1.033997649,2.22953077,71,Attachment love,1,1,1,5.943661972,3.2,5.628571429,0,0,True
attachmentlove_new_10.jpg,3.528571429,4.376811594,1.028571429,5.114285714,2.785714286,1.014492754,4.171428571,1.128571429,4.724637681,2.742857143,3.771428571,1.434782609,5.785714286,1.242857143,3.028571429,5.028571429,5.414285714,1.357142857,5.114285714,2.217985955,2.307924005,0.167801519,2.170573004,2.454766774,0.120385853,2.226138716,0.377690486,2.106600677,1.946276373,2.605297994,0.977365319,1.760211262,0.788241747,2.315489297,1.825515044,2.060623637,1.036097951,2.170573004,70,Attachment love,1,1,1,5.785714286,3.028571429,5.414285714,0,0,True
attachmentlove_new_12.jpg,3.385714286,3.214285714,1.085714286,4.914285714,2.442857143,1.173913043,3.485714286,1.342857143,4.246376812,2.614285714,3.614285714,1.628571429,5.414285714,1.528571429,2.957142857,4.471428571,4.842857143,1.4,4.914285714,2.298662857,2.238612777,0.442091772,2.171907978,2.164507604,0.663247841,2.117852735,1.005574524,2.172053766,2.094110839,2.463018398,1.309623561,1.876574563,1.176107909,2.248579031,2.211442107,2.300823509,0.938700922,2.171907978,70,Attachment love,1,1,1,5.414285714,2.957142857,4.842857143,0,0,True
attachmentlove_new_2.jpg,3.786666667,3.2,1.027027027,4.864864865,2.4,1.013333333,3.36,1.067567568,5.333333333,2.813333333,4.96,1.527027027,5.986666667,1.173333333,1.786666667,5.356164384,5.306666667,1.386666667,4.864864865,2.094351047,2.098905764,0.163269084,1.974663657,2.137186835,0.115470054,2.122212003,0.302096831,1.621921894,1.85044431,1.863156287,0.968305581,1.418919777,0.475716624,1.473122565,1.758865346,1.931064217,1.089176894,1.974663657,75,Attachment love,1,1,1,5.986666667,1.786666667,5.306666667,0,0,True
attachmentlove_new_3.jpg,3.783783784,3.391891892,1.054054054,4.432432432,1.824324324,1.040540541,3.297297297,1.01369863,5.283783784,2.824324324,4.946666667,1.164383562,6.054054054,1.148648649,1.905405405,4.933333333,4.972972973,1.513513514,4.432432432,2.330678485,2.310295999,0.326538168,2.347140966,1.582075177,0.258509383,2.243588916,0.117041147,1.898234726,2.043084615,2.019454926,0.687461082,1.497869646,0.734332843,1.648319351,1.912500368,2.106564905,1.426205265,2.347140966,75,Attachment love,1,1,1,6.054054054,1.905405405,4.972972973,0,0,True
attachmentlove_new_5.jpg,2.378378378,3.310810811,1.148648649,4.702702703,2.0,1.0,2.835616438,1.273972603,4.432432432,2.445945946,4.716216216,2.095890411,5.459459459,1.621621622,1.864864865,4.243243243,5.013333333,1.567567568,4.702702703,2.045393774,2.287103065,0.655481261,2.11148023,1.850583025,0.0,2.041334658,0.961195349,2.020993117,1.966443782,2.129507437,1.819374004,1.689526068,1.224215742,1.519952454,2.150570557,1.962440106,1.355668779,2.11148023,75,Attachment love,1,1,1,5.459459459,1.864864865,5.013333333,0,0,True
attachmentlove_new_7.jpg,3.481012658,3.139240506,1.139240506,4.341772152,2.833333333,1.126582278,3.53164557,1.075949367,4.962025316,2.7375,4.708860759,1.253164557,5.730769231,1.17721519,2.379746835,4.538461538,5.037974684,1.291139241,4.341772152,2.206405358,2.234543361,0.674331145,2.129680823,2.047593879,0.667315491,2.229380982,0.311001356,1.786294244,1.819331843,2.088748237,0.741937077,1.57639303,0.52524704,1.982641319,2.004490463,2.139033079,0.849613769,2.129680823,80,Attachment love,1,1,1,5.730769231,2.379746835,5.037974684,0,0,True
attachmentlove_new_8.jpg,3.5,3.714285714,1.042857143,4.571428571,2.228571429,1.086956522,3.695652174,1.333333333,4.623188406,2.628571429,4.942857143,1.342857143,5.771428571,1.101449275,2.3,5.043478261,4.7,1.4,4.571428571,2.375905624,2.390457219,0.203997321,2.441022764,2.113938755,0.53520558,2.270684969,0.834313149,2.156395749,2.008470675,2.321204799,0.899044812,1.889493672,0.51862169,1.928805292,1.995839663,2.317857581,1.267200498,2.441022764,70,Attachment love,1,1,1,5.771428571,2.3,4.7,0,0,True
attachmentlove_new_9.jpg,3.253164557,3.607594937,1.151898734,4.128205128,2.683544304,1.227848101,3.202531646,1.256410256,4.7125,2.632911392,4.392405063,1.430379747,5.582278481,1.405063291,2.088607595,5.0125,5.025316456,1.417721519,4.128205128,2.127164686,2.192163909,0.579314529,2.258369567,2.233453712,0.946645455,2.065465409,0.590748973,1.897324899,1.718505725,2.209639265,0.956536813,1.5409587,0.707450956,1.718600156,1.782430072,2.018978439,0.968842753,2.258369567,80,Attachment love,1,1,1,5.582278481,2.088607595,5.025316456,0,0,True
maps134_midj.jpg,2.694444444,2.611111111,1.361111111,3.027777778,1.763888889,1.25,3.014084507,1.464788732,3.75,3.521126761,2.704225352,1.507042254,4.486111111,1.861111111,2.0,2.901408451,3.555555556,2.0,3.027777778,2.160065785,2.073002555,1.011282209,2.28881064,1.614136978,0.834974909,2.107760882,1.169016509,2.107999519,2.096658259,1.944915468,1.106774457,1.920923014,1.513372836,1.530639456,1.972343998,2.263543831,1.681835732,2.28881064,72,Attachment love,1,1,1,4.486111111,2.0,3.555555556,0,0,True
maps138_midj.jpg,3.0,3.379746835,1.683544304,3.493670886,1.871794872,1.512820513,3.278481013,1.797468354,4.050632911,3.341772152,3.202531646,1.962025316,5.063291139,1.911392405,2.037974684,3.430379747,3.974683544,2.405063291,3.493670886,1.98713813,1.950041403,1.373226631,2.153550543,1.51493838,1.148048482,1.993172377,1.324132487,1.934164725,1.920777593,2.065465409,1.547893838,1.930469401,1.520710642,1.514401278,1.892519311,1.954447155,1.822361017,2.153550543,79,Attachment love,1,1,1,5.063291139,2.037974684,3.974683544,0,0,True
maps158_midj.jpg,4.306451613,3.758064516,1.161290323,5.383333333,3.112903226,1.064516129,4.338709677,1.216666667,5.403225806,3.161290323,4.209677419,1.37704918,6.080645161,1.241935484,3.258064516,4.14516129,5.048387097,1.387096774,5.383333333,2.17729498,2.29529443,0.578113052,1.737830975,2.150904032,0.399629654,1.991321732,0.738566331,1.519918866,1.681076435,2.166337824,1.002728518,1.013003764,0.53363842,1.983005534,2.00692877,1.721869165,0.83675483,1.737830975,62,Attachment love,1,1,1,6.080645161,3.258064516,5.048387097,0,0,True
maps158_midj_af.jpg,3.638888889,3.442857143,1.388888889,4.383561644,2.652777778,1.361111111,4.055555556,1.555555556,4.833333333,3.366197183,3.611111111,1.788732394,5.301369863,1.788732394,2.563380282,3.722222222,4.166666667,2.014084507,4.383561644,2.259911226,2.004601332,0.896873373,2.183461427,2.208560313,1.03876356,2.174687213,1.086263643,1.898850653,1.987384761,2.198306362,1.308384969,1.890656349,1.372333705,1.902872974,2.221674424,2.2580061,1.83997638,2.183461427,73,Attachment love,1,1,1,5.301369863,2.563380282,4.166666667,0,0,True
maps158_midj_as.jpg,2.819444444,3.126760563,1.486111111,4.136986301,2.041666667,1.444444444,3.138888889,1.583333333,4.069444444,3.138888889,3.295774648,1.819444444,4.904109589,2.041666667,2.736111111,3.281690141,3.930555556,2.277777778,4.136986301,1.952437183,1.977946825,0.992834264,1.98126691,1.690382905,1.161457182,1.945059147,1.122748138,1.923365513,1.722310564,2.079796461,1.346109563,1.864614821,1.357685479,1.891367011,1.928604963,2.009319056,1.729790529,1.98126691,73,Attachment love,1,1,1,4.904109589,2.736111111,3.930555556,0,0,True
maps158_midj_euna.jpg,3.388888889,2.805555556,1.253521127,3.958333333,2.180555556,1.236111111,3.25,1.236111111,4.154929577,3.291666667,3.125,1.444444444,5.208333333,1.577464789,2.708333333,3.478873239,3.930555556,1.819444444,3.958333333,2.06619713,1.910968259,0.731306265,2.037932534,1.871403698,0.721755597,2.21232145,0.61651121,2.088388903,2.031009601,2.061979768,0.785231443,1.694543854,1.104044148,2.010097748,2.062309073,2.2223347,1.387330895,2.037932534,72,Attachment love,1,1,1,5.208333333,2.708333333,3.930555556,0,0,True
maps158_midj_sa.jpg,2.347826087,2.623188406,1.231884058,3.814285714,2.214285714,1.188405797,2.652173913,1.47826087,3.68115942,3.449275362,2.676470588,1.811594203,4.442857143,1.869565217,2.352941176,2.985507246,3.8,2.014492754,3.814285714,1.81356074,1.724404836,0.689094195,2.052166456,1.871935038,0.647968825,1.900666191,1.079333886,1.936436643,1.794896621,1.840191233,1.263461193,1.900691821,1.316334522,1.533357509,1.827025497,2.110017515,1.529059242,2.052166456,70,Attachment love,1,1,1,4.442857143,2.352941176,3.8,0,0,True
maps236_midj.jpg,2.878787879,2.681818182,1.939393939,2.515151515,1.636363636,1.727272727,2.848484848,2.242424242,3.246153846,3.223880597,2.363636364,2.0,4.136363636,2.484848485,2.045454545,2.671641791,3.075757576,3.272727273,2.515151515,2.256717504,2.149483594,1.57752277,2.254857486,1.463781863,1.483711091,2.368007434,1.598659112,2.201070544,2.08036197,2.09494897,1.435805858,2.224938123,1.738632745,1.713582107,2.018010269,2.171922977,2.12346201,2.254857486,67,Attachment love,1,1,1,4.136363636,2.045454545,3.075757576,0,0,True
picture197_mid.jpg,5.109589041,3.479452055,1.164383562,3.863013699,2.808219178,1.136986301,4.890410959,1.191780822,5.493150685,3.25,4.287671233,1.369863014,6.136986301,1.301369863,2.5,3.611111111,5.082191781,2.054794521,3.863013699,1.933345142,2.154514569,0.666951994,2.25656492,2.325328736,0.535284672,2.220870974,0.490394803,1.582221431,1.969843062,2.003326761,1.034231455,1.397568012,0.952845614,1.823168577,1.982710874,2.11970533,1.794206811,2.25656492,73,Attachment love,1,1,1,6.136986301,2.5,5.082191781,0,0,True
posmidsoc_3_midj.jpg,3.634146341,2.585365854,1.158536585,4.085365854,2.170731707,1.146341463,3.329268293,1.243902439,4.75308642,2.691358025,4.353658537,1.475609756,5.743902439,1.256097561,1.804878049,3.987804878,4.780487805,1.43902439,4.085365854,2.191522359,1.898350288,0.808435651,2.155677084,1.864581362,0.524038242,2.171958654,0.729636737,1.840725836,1.655611483,2.150922577,1.044983428,1.331581957,0.62481554,1.426720528,2.075690588,2.131621942,0.982533397,2.155677084,82,Attachment love,1,1,1,5.743902439,1.804878049,4.780487805,0,0,True
wedding4_midj.jpg,3.828571429,3.217391304,1.231884058,3.857142857,4.614285714,1.142857143,3.971014493,1.1,4.7,3.362318841,3.144927536,1.171428571,5.782608696,1.173913043,2.507246377,4.231884058,5.428571429,1.362318841,3.857142857,2.199943534,2.241779527,1.072996458,2.317455591,2.00934669,0.596747568,2.307092737,0.455243206,1.980704018,1.992419564,2.231297185,0.563925901,1.607606599,0.593011302,2.011899808,2.008400941,1.715837807,0.984751603,2.317455591,71,Attachment love,1,1,1,5.782608696,2.507246377,5.428571429,0,0,True
awe_new_1.jpg,4.115942029,5.028571429,1.202898551,4.2,3.328571429,1.214285714,4.289855072,1.434782609,5.0,3.449275362,3.913043478,1.463768116,5.915492958,1.457142857,2.857142857,5.913043478,5.739130435,1.628571429,5.028571429,2.285093845,1.72762238,0.698311201,2.268882123,2.381823857,0.611314979,2.183503992,1.063820264,1.857222486,2.003939003,2.330987738,1.078938887,1.401493885,0.973350917,2.221670049,1.521793934,1.641844138,1.374418755,1.72762238,71,Awe,1,1,1,5.915492958,2.857142857,5.739130435,0,1,True
awe_new_1_midj_af.jpg,4.012820513,4.512820513,1.141025641,3.692307692,2.538461538,1.102564103,4.448717949,1.294871795,4.833333333,3.230769231,3.5,1.207792208,6.141025641,1.282051282,3.038961039,5.454545455,5.480519481,1.597402597,4.512820513,2.293376062,2.093549709,0.52778289,2.252315935,1.91841593,0.694874437,1.827974792,0.7913325,1.738910442,1.899576692,2.202418977,0.635313067,1.077808731,0.681812632,2.191139805,1.736189525,1.818113464,1.378975022,2.093549709,78,Awe,1,1,1,6.141025641,3.038961039,5.480519481,0,0,True
awe_new_1_midj_as.jpg,3.454545455,4.696629213,1.149425287,3.126436782,2.477272727,1.045454545,3.977272727,1.379310345,4.693181818,3.272727273,2.858823529,1.290697674,5.83908046,1.298850575,2.19047619,5.636363636,5.356321839,1.558139535,4.696629213,2.263702038,1.842703636,0.723826004,2.16098921,1.856812698,0.258603274,1.806611566,0.865909648,1.578286242,1.849058616,2.088249102,0.879388545,1.256365774,0.733182653,1.766326189,1.517573821,1.73189647,1.194148982,1.842703636,89,Awe,1,1,1,5.83908046,2.19047619,5.356321839,0,1,True
awe_new_1_midj_euna.jpg,3.506849315,4.794520548,1.150684932,3.068493151,2.383561644,1.097222222,4.082191781,1.465753425,4.75,2.917808219,2.680555556,1.305555556,5.931506849,1.369863014,2.342465753,5.736111111,5.356164384,1.805555556,4.794520548,2.340010017,1.971737137,0.659781801,2.090512744,1.897587189,0.608848422,1.984337454,0.972999255,1.750251491,1.664610604,1.98463385,0.849836586,1.294526588,0.825073218,1.796749983,1.528997237,1.653026375,1.420562167,1.971737137,73,Awe,1,1,1,5.931506849,2.342465753,5.356164384,0,1,True
awe_new_1_midj_sa.jpg,3.278481013,4.4375,1.189873418,2.679487179,1.987179487,1.227848101,3.392405063,1.923076923,4.050632911,2.886075949,2.443037975,1.545454545,5.303797468,1.607594937,2.227848101,4.848101266,4.569620253,1.925,4.4375,2.241432171,1.941184227,0.556452808,2.009675232,1.591320531,0.750202829,1.983377859,1.457352436,2.081042233,1.694541325,1.919847987,1.118568805,1.522097325,0.911714664,1.648226452,1.928787367,1.997970408,1.319522353,1.941184227,80,Awe,1,1,1,5.303797468,2.227848101,4.569620253,0,1,True
awe_new_2.jpg,3.227848101,4.772151899,1.090909091,2.405063291,2.139240506,1.101265823,3.696202532,1.41025641,4.405063291,2.925,2.189873418,1.341772152,5.320512821,1.341772152,2.506329114,4.825,4.962025316,1.443037975,4.772151899,2.062792277,2.08750475,0.369274473,1.984032331,1.892862283,0.343247564,2.034033699,0.917872999,1.984032331,1.887835811,1.847215155,0.845593039,1.701745397,0.731806265,1.873385922,1.901198822,2.120976057,1.022150015,2.08750475,80,Awe,1,1,1,5.320512821,2.506329114,4.962025316,0,1,True
awe_new_3.jpg,3.142857143,4.842857143,1.057142857,2.585714286,2.028571429,1.071428571,3.885714286,2.463768116,3.842857143,3.0,2.214285714,1.271428571,5.042857143,1.414285714,2.628571429,4.492753623,4.257142857,1.971428571,4.842857143,2.221670049,2.144326618,0.376317561,2.22953077,1.78537885,0.392739489,2.05393124,1.851705971,1.997358504,1.926173649,1.984672113,0.63523198,1.966647366,0.970475114,1.979396985,2.00457703,2.068996216,1.641591915,2.144326618,70,Awe,1,1,1,5.042857143,2.628571429,4.257142857,1,1,True
awe_new_4.jpg,2.97260274,4.364864865,1.356164384,1.986486486,1.527777778,1.054794521,3.410958904,2.260273973,3.208333333,3.0,1.851351351,1.783783784,4.32,2.040540541,1.958333333,3.77027027,3.621621622,2.486486486,4.364864865,2.134196458,2.260890383,1.110178452,1.74774409,1.299753197,0.368571226,1.920905577,1.683476869,1.775716479,2.137186835,1.677264835,1.416829088,1.831850342,1.447143518,1.57835268,1.912806855,2.065387971,1.960173624,2.260890383,75,Awe,1,1,1,4.32,1.958333333,3.621621622,1,1,True
awe_new_5.jpg,3.824324324,5.260273973,1.148648649,3.148648649,2.405405405,1.054794521,4.513513514,1.175675676,5.445945946,2.175675676,2.56,1.216216216,6.22972973,1.067567568,2.351351351,5.773333333,6.0,1.283783784,5.260273973,2.445897365,1.979249277,0.901785632,2.156115434,2.119181277,0.468164589,2.035595859,0.689611924,1.697232977,1.582075177,2.243549312,0.687864877,1.287955769,0.302096831,1.838942761,1.74428281,1.704144826,1.000277636,1.979249277,75,Awe,1,1,1,6.22972973,2.351351351,6.0,0,0,True
awe_new_6.jpg,3.471428571,4.057142857,1.246376812,2.565217391,2.328571429,1.173913043,3.857142857,1.457142857,3.9,3.376811594,2.3,1.4,5.242857143,1.471428571,2.442857143,4.457142857,4.585714286,1.666666667,4.057142857,2.288733772,2.238566533,0.715496477,2.054251408,1.968751746,0.640691762,2.00929517,1.058926367,1.957149658,2.022676221,1.928805292,1.027167203,1.929449229,1.073007808,1.774503109,1.997721269,2.109281471,1.30233576,2.238566533,70,Awe,1,1,1,5.242857143,2.442857143,4.585714286,1,1,True
awe_new_7.jpg,4.214285714,4.942857143,1.3,3.542857143,3.057142857,1.144927536,4.492957746,1.3,4.915492958,2.928571429,3.157142857,1.342857143,5.971830986,1.214285714,3.130434783,5.128571429,5.757142857,1.314285714,4.942857143,2.238612777,1.808880784,0.922347352,2.275806685,2.364506348,0.752942509,1.926308382,0.857194615,1.79480583,1.951004413,2.275488253,0.849308573,1.275839567,0.561903007,2.006702325,1.809166904,1.73151282,0.86044911,1.808880784,71,Awe,1,1,1,5.971830986,3.130434783,5.757142857,0,1,True
awe_new_8.jpg,3.256410256,4.569620253,1.113924051,2.17721519,2.139240506,1.151898734,3.886075949,1.873417722,3.975,3.189873418,2.151898734,1.269230769,5.192307692,1.417721519,2.683544304,4.1625,4.53164557,1.556962025,4.569620253,2.06665485,2.128461249,0.391818305,1.730269682,1.7226558,0.579314529,1.921453388,1.362191754,1.862181924,1.881597448,1.833370216,0.732777618,1.529431541,0.92829586,1.931813973,1.951589745,2.092939554,1.1179977,2.128461249,80,Awe,1,1,1,5.192307692,2.683544304,4.53164557,1,1,True
awe_new_8_midj_af.jpg,4.058823529,4.865671642,1.343283582,3.382352941,3.090909091,1.298507463,4.537313433,1.701492537,5.179104478,3.106060606,3.134328358,1.318181818,5.926470588,1.492537313,2.787878788,5.044117647,5.514705882,1.727272727,4.865671642,2.361901289,1.937629936,0.913737559,2.343803592,2.305360127,0.984961549,1.836732591,1.314429538,1.766055124,1.763988382,2.208081043,0.862181329,1.519192406,1.133152405,1.860646302,1.815635439,1.731987445,1.430927129,1.937629936,69,Awe,1,1,1,5.926470588,2.787878788,5.514705882,0,0,True
awe_new_8_midj_as.jpg,3.145454545,5.163636364,1.222222222,2.545454545,2.127272727,1.320754717,4.074074074,1.636363636,4.351851852,3.236363636,2.454545455,1.454545455,5.218181818,1.654545455,2.545454545,4.927272727,4.945454545,1.690909091,5.163636364,2.414602044,1.931835017,0.691366344,1.960897204,1.92502569,0.893859069,1.96047599,1.192004791,1.93437043,1.962270382,2.062165186,0.939231006,1.950222296,1.294120348,1.913095047,1.803849233,2.129320721,1.184353665,1.931835017,55,Awe,1,1,1,5.218181818,2.545454545,4.945454545,0,1,True
awe_new_8_midj_euna.jpg,3.21978022,4.511111111,1.21978022,2.186813187,2.054945055,1.230769231,3.813186813,2.011111111,3.846153846,3.322222222,2.010869565,1.483516484,4.804347826,1.747252747,2.362637363,4.065934066,4.241758242,1.802197802,4.511111111,2.075262756,1.98445897,0.646395094,1.618724381,1.53740501,0.667947488,1.925917316,1.502764826,1.954613215,1.883266215,1.46380931,0.873850195,1.829184232,1.22559198,1.588265885,1.925283228,2.056645917,1.376144213,1.98445897,92,Awe,1,1,1,4.804347826,2.362637363,4.241758242,1,1,True
awe_new_8_midj_sa.jpg,3.549295775,4.85915493,1.267605634,2.323943662,2.057142857,1.3,4.013888889,1.788732394,4.154929577,3.028169014,2.098591549,1.464788732,5.291666667,1.76056338,2.605633803,4.323943662,4.422535211,1.85915493,4.85915493,2.266455586,1.830657764,0.792063246,1.895669108,1.718490358,0.840117314,1.87265764,1.392997723,1.80987677,1.698502122,1.640164884,0.997582591,1.569403762,1.525636062,1.878288531,1.795030027,1.786152864,1.40708183,1.830657764,72,Awe,1,1,1,5.291666667,2.605633803,4.422535211,0,1,True
lake12_midj.jpg,4.012048193,5.240963855,1.168674699,3.096385542,2.927710843,1.120481928,4.397590361,1.325301205,4.771084337,2.085365854,2.590361446,1.313253012,6.036585366,1.265060241,2.759036145,5.120481928,5.590361446,1.337349398,5.240963855,2.287260455,1.811820008,0.536912517,2.212020695,2.174032628,0.395017454,1.918712469,0.734322879,1.823460267,1.572928538,2.147239547,0.810415594,1.280867009,0.750354995,1.825232103,1.817245237,1.732305278,0.78518459,1.811820008,83,Awe,1,1,1,6.036585366,2.759036145,5.590361446,0,1,True
lake2_midj.jpg,3.861111111,4.943661972,1.194444444,3.166666667,2.309859155,1.152777778,4.375,1.458333333,4.944444444,3.328571429,3.027777778,1.375,5.833333333,1.305555556,2.647887324,5.928571429,5.041666667,1.652777778,4.943661972,2.387205069,1.963141243,0.663725908,2.245496275,1.91677966,0.620307108,2.010097748,0.99204583,1.710686288,1.961376539,2.18813846,0.941043772,1.332159107,0.944053127,1.971935898,1.333203927,2.051708323,1.246513134,1.963141243,72,Awe,1,1,1,5.833333333,2.647887324,5.041666667,0,0,True
landscapes_121_h_midj.jpg,3.926470588,4.573529412,1.057971014,3.68115942,2.782608696,1.057971014,4.710144928,1.147058824,5.391304348,3.115942029,3.101449275,1.188405797,6.057142857,1.231884058,2.742857143,5.728571429,5.914285714,1.285714286,4.573529412,2.326461514,2.180758299,0.235400658,2.476315774,2.375546781,0.29124772,1.99338206,0.496696727,1.775796352,2.14569495,2.358619534,0.493348771,1.39237795,0.689094195,2.137896259,1.701844086,1.52032469,0.764101388,2.180758299,71,Awe,1,1,1,6.057142857,2.742857143,5.914285714,0,0,True
landscapes_140_v_midj.jpg,4.14516129,4.564516129,1.161290323,3.426229508,3.193548387,1.209677419,4.5,1.306451613,4.870967742,2.983870968,3.274193548,1.096774194,6.0,1.322580645,3.290322581,5.283333333,5.612903226,1.419354839,4.564516129,2.253207362,1.980403732,0.657704612,2.209517416,2.209062628,0.680816693,2.022415371,0.801406748,1.796936108,2.02032245,2.23364258,0.298063555,1.367059786,0.784568244,1.911030078,1.757228815,1.75886363,1.000792917,1.980403732,62,Awe,1,1,1,6.0,3.290322581,5.612903226,0,0,True
landscapes_154_h_midj.jpg,3.463414634,4.827160494,1.180722892,2.87804878,2.414634146,1.084337349,3.915662651,1.256097561,4.56626506,2.759036145,2.37804878,1.337349398,5.765432099,1.333333333,2.308641975,5.320987654,5.259259259,1.543209877,4.827160494,2.212172397,1.849257442,0.718137468,2.156759365,2.03033306,0.419198401,1.939353798,0.663156977,1.747421592,1.764074838,1.934994458,0.845030068,1.407760677,0.790569415,1.692941045,1.555853146,1.855921454,1.129705523,1.849257442,83,Awe,1,1,1,5.765432099,2.308641975,5.259259259,0,1,True
landscapes_180_h_midj.jpg,3.807692308,4.974683544,1.08974359,3.461538462,3.371794872,1.12987013,4.756410256,1.303797468,5.316455696,2.571428571,3.051948052,1.192307692,6.291139241,1.189873418,3.076923077,5.717948718,5.794871795,1.461538462,4.974683544,2.533196186,1.947876448,0.400839944,2.344888377,2.476429008,0.71360186,2.058784772,0.739965876,1.758089754,1.88783203,2.316395248,0.604263904,1.064001864,0.579034328,2.166865177,1.626864053,1.654266223,0.949262293,1.947876448,79,Awe,1,1,1,6.291139241,3.076923077,5.794871795,0,0,True
p045_midj.jpg,3.492957746,5.185714286,1.208333333,2.75,2.138888889,1.194444444,4.25,2.013888889,4.486111111,2.791666667,2.442857143,1.583333333,5.366197183,1.472222222,2.126760563,4.785714286,4.486111111,2.0,5.185714286,2.407566877,1.920845656,0.786102885,2.081102092,1.95228689,0.642155018,1.998238661,1.596590165,1.876414438,1.727470674,1.982793479,1.171852993,1.640900768,1.047763846,1.611827512,1.917825287,2.29508388,1.711600849,1.920845656,72,Awe,1,1,1,5.366197183,2.126760563,4.486111111,0,1,True
p067_midj.jpg,3.671232877,4.876712329,1.194444444,3.589041096,3.287671233,1.191780822,4.424657534,1.273972603,5.301369863,3.098591549,3.356164384,1.430555556,6.410958904,1.260273973,2.616438356,6.123287671,6.068493151,1.739726027,4.876712329,2.267247441,1.848010984,0.798570711,2.253612017,2.389092413,0.793332182,1.877630068,0.946635474,1.478408787,1.790091215,2.232150576,0.885348485,0.742286566,0.70764471,1.66358162,1.154041275,1.294526588,1.490967222,1.848010984,73,Awe,1,1,1,6.410958904,2.616438356,6.068493151,0,0,True
p070_midj.jpg,3.698630137,5.169014085,1.253521127,3.095890411,2.589041096,1.260273973,4.791666667,2.191780822,4.902777778,2.819444444,2.611111111,1.416666667,6.013888889,1.430555556,3.183098592,4.676056338,5.647887324,1.714285714,5.169014085,2.390286661,1.912260558,0.936838298,2.205828035,2.087233792,0.882348464,1.686211689,1.524408212,1.61994368,1.730638479,2.038748273,1.071395036,1.21600889,0.946846343,1.89216323,1.762908699,1.464811948,1.475823103,1.912260558,73,Awe,1,1,1,6.013888889,3.183098592,5.647887324,0,1,True
p070_midj_af.jpg,4.219178082,4.911764706,1.309859155,3.472222222,3.281690141,1.171428571,4.557142857,1.436619718,5.027777778,3.388888889,3.23943662,1.352112676,5.902777778,1.507042254,3.014084507,5.323943662,5.486111111,1.690140845,4.911764706,2.328844345,1.960317474,0.903825984,2.331488204,2.306407835,0.721741625,2.033314666,1.104955001,2.027780457,1.954089648,2.239035435,0.972457734,1.566908881,1.169532745,2.038857928,1.738428255,1.861341751,1.347924853,1.960317474,73,Awe,1,1,1,5.902777778,3.014084507,5.486111111,0,0,True
p070_midj_as.jpg,3.638888889,4.958333333,1.208333333,3.472222222,2.736111111,1.183098592,4.388888889,1.416666667,5.136986301,3.041666667,3.097222222,1.657142857,5.863013699,1.430555556,2.694444444,5.791666667,5.583333333,1.416666667,4.958333333,2.333501,1.924178991,0.838131725,1.999804372,1.876414438,0.72328337,1.842805237,1.003514949,1.75051634,1.872239752,1.900035005,1.088619845,1.512127534,0.946846343,1.910968259,1.546804976,1.734082539,0.868055947,1.924178991,73,Awe,1,1,1,5.863013699,2.694444444,5.583333333,0,0,True
p070_midj_euna.jpg,3.513888889,4.375,1.225352113,2.394366197,2.085714286,1.277777778,3.861111111,1.708333333,3.916666667,3.472222222,2.5,1.271428571,4.888888889,1.569444444,2.513888889,4.169014085,4.486111111,1.819444444,4.375,2.207497184,1.924178991,0.636893871,1.847615245,1.665879731,0.808793611,1.893692686,1.304785342,1.904405567,2.013840996,1.861394298,0.562639447,1.623381582,1.136170847,1.627172918,1.897260548,1.86889329,1.407488913,1.924178991,72,Awe,1,1,1,4.888888889,2.513888889,4.486111111,1,1,True
p070_midj_sa.jpg,3.144927536,5.014705882,1.15942029,2.442857143,1.956521739,1.15942029,4.176470588,1.898550725,4.275362319,3.073529412,2.376811594,1.579710145,5.257142857,1.579710145,2.470588235,4.275362319,4.768115942,1.884057971,5.014705882,2.204776648,1.996210193,0.558969335,1.758092793,1.557097437,0.584686653,1.786693573,1.405293852,1.781308656,1.739069716,1.847903815,0.961093083,1.519779869,0.991223206,1.688155297,1.747974104,1.690326522,1.300862066,1.996210193,70,Awe,1,1,1,5.257142857,2.470588235,4.768115942,0,1,True
p092_midj.jpg,4.166666667,5.348484848,1.015625,3.895522388,2.803030303,1.121212121,4.666666667,1.333333333,5.149253731,2.848484848,3.353846154,1.257575758,6.119402985,1.272727273,2.939393939,5.53030303,5.552238806,1.6,5.348484848,2.350668208,1.767156989,0.125,2.336368124,2.234138602,0.568808512,2.040613281,1.012739367,1.681032613,1.931459586,2.433045733,0.882489591,1.187337077,0.775498937,2.111352377,1.773477219,1.844595563,1.569235483,1.767156989,67,Awe,1,1,1,6.119402985,2.939393939,5.552238806,0,1,True
p092_midj_af.jpg,4.229885057,4.964705882,1.255813953,3.581395349,2.811764706,1.058139535,4.709302326,1.26744186,5.24137931,2.837209302,3.453488372,1.093023256,6.436781609,1.197674419,2.965116279,5.604651163,5.627906977,1.558139535,4.964705882,2.40494234,2.179160273,0.984420361,2.328670998,2.20656012,0.443373463,2.091249438,0.742403388,1.778198182,1.921154464,2.369695819,0.47596112,0.802628667,0.764195347,2.187922326,1.899096192,1.821741324,1.394144487,2.179160273,87,Awe,1,1,1,6.436781609,2.965116279,5.627906977,0,0,True
p092_midj_as.jpg,3.487179487,4.538461538,1.064935065,2.948717949,2.545454545,1.166666667,3.987179487,1.397435897,4.743589744,3.064102564,2.666666667,1.333333333,5.871794872,1.371794872,2.519480519,5.141025641,5.128205128,1.662337662,4.538461538,2.394493628,2.087018054,0.296366698,2.119160799,2.118499062,0.691632112,2.048081711,1.048681839,1.875584047,1.839958664,2.142135521,0.800432783,1.399062528,0.7913325,1.902978203,1.938833221,1.85415626,1.303945325,2.087018054,78,Awe,1,1,1,5.871794872,2.519480519,5.128205128,0,0,True
p092_midj_euna.jpg,3.625,4.638888889,1.180555556,2.833333333,2.464788732,1.138888889,4.013888889,1.180555556,4.722222222,3.027777778,2.666666667,1.408450704,5.638888889,1.277777778,2.521126761,5.083333333,5.152777778,1.597222222,4.638888889,2.165266792,1.810031169,0.612691796,2.0,1.969996272,0.483693406,1.84232749,0.454287521,1.900498246,1.760059396,1.853812212,1.036166903,1.513372836,0.610292523,1.926203927,1.782149359,1.812784973,1.056965124,1.810031169,72,Awe,1,1,1,5.638888889,2.521126761,5.152777778,0,0,True
p092_midj_sa.jpg,3.280487805,4.86746988,1.024390244,2.926829268,2.256097561,1.024390244,4.0,1.182926829,5.146341463,2.481481481,2.731707317,1.0875,6.158536585,1.061728395,2.556962025,5.395061728,5.7875,1.24691358,4.86746988,2.358459375,1.980213615,0.155206732,2.1760792,1.857988927,0.155206732,2.06080411,0.6111727,1.6932834,1.674149867,2.137546652,0.325838742,1.149014738,0.242161052,1.851865556,1.655891092,1.711419205,0.733669956,1.980213615,83,Awe,1,1,1,6.158536585,2.556962025,5.7875,0,0,True
poshighnonsoc_14_midj.jpg,4.271428571,5.253521127,1.171428571,3.528571429,2.814285714,1.071428571,4.871428571,1.442857143,5.028571429,2.928571429,3.042857143,1.271428571,6.098591549,1.242857143,3.281690141,5.085714286,5.971428571,1.442857143,5.253521127,2.352435855,1.954615855,0.815989283,2.465538884,2.360869756,0.392739489,1.902869142,0.987394673,1.977932082,2.059417594,2.373987743,0.866802028,1.3851759,0.769635982,2.367536988,1.783522464,1.444343576,1.001964943,1.954615855,71,Awe,1,1,1,6.098591549,3.281690141,5.971428571,0,1,True
poshighnonsoc_14_midj_af.jpg,3.887323944,4.742857143,1.308823529,3.194444444,3.0,1.357142857,4.514285714,1.845070423,4.845070423,3.228571429,2.85915493,1.352112676,5.75,1.507042254,2.802816901,4.774647887,5.166666667,1.478873239,4.742857143,2.333295008,1.908681268,0.885325692,2.236942637,2.28035085,1.063705777,1.976256578,1.359074132,1.67884218,1.827102153,2.08597887,0.911804985,1.535954078,1.181684505,1.871742643,1.928709288,1.876466563,0.90804586,1.908681268,73,Awe,1,1,1,5.75,2.802816901,5.166666667,0,0,True
poshighnonsoc_14_midj_as.jpg,3.458333333,4.847222222,1.225352113,2.444444444,2.069444444,1.208333333,4.041666667,1.958333333,4.197183099,3.242857143,2.277777778,1.486111111,5.166666667,1.75,2.319444444,4.444444444,4.666666667,1.708333333,4.847222222,2.122564885,2.039467772,0.65894251,1.710686288,1.689456858,0.710831689,1.763778754,1.34727163,1.871742643,1.748172663,1.696908724,0.887995933,1.703352122,1.286440662,1.693620082,1.963676409,1.883957477,1.143721378,2.039467772,73,Awe,1,1,1,5.166666667,2.319444444,4.666666667,0,1,True
poshighnonsoc_14_midj_euna.jpg,3.541666667,5.236111111,1.236111111,2.375,2.069444444,1.180555556,4.211267606,1.986111111,4.361111111,2.861111111,2.14084507,1.361111111,5.450704225,1.535211268,2.690140845,4.828571429,5.098591549,1.704225352,5.236111111,2.263846285,1.803697732,0.741012926,1.89467378,1.74683931,0.589255651,1.82768779,1.578848355,1.697600258,1.612500076,1.759023874,0.737440483,1.519292433,0.983157972,1.825154,2.146594395,1.700041425,1.235132916,1.803697732,72,Awe,1,1,1,5.450704225,2.690140845,5.098591549,0,1,True
poshighnonsoc_14_midj_sa.jpg,3.014492754,4.768115942,1.176470588,2.202898551,1.884057971,1.086956522,3.955882353,1.550724638,4.289855072,2.956521739,2.043478261,1.208955224,5.144927536,1.426470588,2.279411765,4.691176471,4.823529412,1.558823529,4.768115942,2.159062662,1.97889547,0.597036874,1.835753653,1.576819508,0.506984465,1.774057021,1.207041009,1.895051212,1.727245194,1.621861518,0.537596036,1.809089488,1.083336147,1.6647853,1.956675165,1.961884386,1.097926852,1.97889547,70,Awe,1,1,1,5.144927536,2.279411765,4.823529412,0,1,True
poshighnonsoc_7_midj.jpg,3.903614458,4.722891566,1.277108434,3.385542169,3.072289157,1.170731707,4.361445783,1.277108434,4.710843373,2.481481481,2.804878049,1.402439024,5.879518072,1.409638554,2.792682927,5.084337349,5.719512195,1.512195122,4.722891566,2.200966849,1.965018792,0.979213883,2.213215988,2.134405341,0.624695048,1.811738912,0.78574577,1.922461078,1.761470345,2.008863227,1.016648526,1.443214488,1.082410866,1.935616818,1.862366835,1.635066278,1.068562002,1.965018792,83,Awe,1,1,1,5.879518072,2.792682927,5.719512195,0,1,True
0147_midj.jpg,2.890243902,2.243902439,1.0,2.390243902,5.268292683,1.024390244,3.573170732,1.024390244,4.341463415,2.707317073,2.43902439,1.06097561,5.695121951,1.109756098,2.512195122,3.50617284,5.426829268,1.333333333,5.268292683,2.131515994,1.928096199,0.0,2.029146251,1.937599256,0.220863052,2.084809775,0.155206732,1.873924463,1.535488058,2.061388487,0.287499264,1.623051724,0.415920742,1.880661182,2.01942725,2.096619783,1.083974169,1.937599256,82,Craving,1,1,1,5.695121951,2.512195122,5.426829268,0,1,True
0325_midj.jpg,3.616438356,3.125,1.180555556,3.041666667,5.643835616,1.097222222,4.472222222,1.169014085,4.916666667,2.633802817,2.739726027,1.150684932,5.98630137,1.205479452,3.194444444,3.506849315,5.835616438,1.726027397,5.643835616,2.337081139,2.102563827,0.737838276,2.197549852,1.782397441,0.416549279,2.013840996,0.654346249,1.85191184,1.658221393,2.068462911,0.49078262,1.476606006,0.576360808,1.947471375,2.115572471,1.590018332,1.64367706,1.782397441,73,Craving,1,1,1,5.98630137,3.194444444,5.835616438,0,1,True
7330_midj.jpg,3.949367089,3.597402597,1.35443038,3.265822785,5.582278481,1.35443038,4.139240506,1.113924051,4.64556962,2.835443038,2.670886076,1.240506329,5.833333333,1.481012658,2.871794872,3.886075949,4.810126582,1.658227848,5.582278481,2.177382186,2.06001878,1.038218082,2.262905217,1.801762634,0.934220842,2.164599668,0.423276044,1.839997037,1.80050121,2.073777174,0.754731908,1.263027353,1.036027416,1.929665703,1.894576211,2.082133702,1.319344009,1.801762634,79,Craving,1,1,1,5.833333333,2.871794872,4.810126582,0,1,True
7405_midj.jpg,3.5,2.901234568,1.170731707,2.78313253,5.108433735,1.12195122,3.578313253,1.265060241,4.34939759,2.313253012,2.353658537,1.168674699,5.56626506,1.421686747,2.457831325,3.108433735,5.096385542,1.493975904,5.108433735,2.195674761,1.940392604,0.624695048,2.060358676,1.821364057,0.530321214,1.91986078,0.81276909,1.769895511,1.674250548,1.914028466,0.513697194,1.407235407,1.01357231,1.823299106,1.732135635,2.051854948,1.051984118,1.821364057,83,Craving,1,1,1,5.56626506,2.457831325,5.096385542,0,1,True
7405_midj_af.jpg,3.8625,3.5,1.125,3.6875,5.50617284,1.075,4.308641975,1.1375,4.6875,3.6125,3.525641026,1.1625,5.8,1.303797468,3.240506329,4.392405063,5.594936709,1.41025641,5.50617284,2.220410214,2.181626382,0.460462068,2.330826713,1.884963241,0.382364396,2.089509364,0.521530125,1.997427143,2.113810825,2.339521313,0.664540386,1.495986191,0.806296223,2.15558422,2.040724617,1.605431385,1.086348554,1.884963241,81,Craving,1,1,1,5.8,3.240506329,5.594936709,0,1,True
7405_midj_as.jpg,2.861538462,2.784615385,1.242424242,2.439393939,4.805970149,1.212121212,3.439393939,1.196969697,3.545454545,3.578125,2.242424242,1.246153846,5.030769231,1.292307692,2.46969697,3.338461538,4.446153846,1.323076923,4.805970149,2.006839268,2.042457984,0.657749217,1.930554228,1.978971312,0.620549422,2.076452506,0.532618985,2.106267703,1.942054938,1.797952734,0.662164284,1.667419702,0.785077164,1.711676614,2.056065137,2.054193647,0.849773726,1.978971312,67,Craving,1,1,1,5.030769231,2.46969697,4.446153846,1,1,True
7405_midj_euna.jpg,3.538461538,3.12987013,1.102564103,3.141025641,5.615384615,1.102564103,3.779220779,1.064102564,4.538461538,3.205128205,2.833333333,1.155844156,5.805194805,1.337662338,2.513157895,3.714285714,5.376623377,1.428571429,5.615384615,2.225544193,2.092283123,0.381035622,2.219888607,1.759802005,0.345273977,2.036659912,0.246520913,2.004490463,2.047227928,2.247172345,0.629639309,1.478254314,0.680757891,1.949313869,2.138968903,1.899023025,1.031460021,1.759802005,78,Craving,1,1,1,5.805194805,2.513157895,5.376623377,0,1,True
7405_midj_sa.jpg,3.523809524,2.916666667,1.144578313,3.071428571,5.654761905,1.166666667,3.869047619,1.083333333,4.761904762,2.821428571,2.734939759,1.097560976,5.880952381,1.392857143,3.0,3.662650602,5.807228916,1.357142857,5.654761905,2.159184309,1.896149131,0.543981037,2.274985578,1.689756863,0.556090773,2.040433228,0.354262626,1.886023723,1.850826675,2.141826992,0.37217267,1.329958437,1.01812321,2.05936006,2.01988353,1.735271338,0.926749172,1.689756863,84,Craving,1,1,1,5.880952381,3.0,5.807228916,0,1,True
craving_new_1.jpg,3.151898734,2.615384615,1.189873418,2.835443038,5.3125,1.417721519,3.708860759,1.139240506,3.911392405,2.974683544,2.632911392,1.316455696,5.253164557,1.430379747,2.721518987,3.051282051,4.55,1.708860759,5.3125,2.21352838,1.988478301,0.661698463,2.2838922,2.053670687,0.994956447,2.293535501,0.499594123,2.179095751,1.72444479,2.119368648,0.981159751,1.891060986,1.021355865,1.967275279,1.959972408,2.359467865,1.520390459,2.053670687,80,Craving,1,1,1,5.253164557,2.721518987,4.55,1,1,True
craving_new_10.jpg,3.175675676,2.824324324,1.067567568,2.378378378,5.693333333,1.148648649,3.77027027,1.054054054,4.648648649,2.486486486,2.121621622,1.108108108,5.826666667,1.22972973,2.486486486,3.081081081,5.306666667,1.459459459,5.693333333,2.147685011,2.222907562,0.302096831,2.004807255,1.731842741,0.589460688,1.962297349,0.281478089,1.897600738,1.784585776,1.864981565,0.45533572,1.630563933,0.820078468,1.815030422,1.892716803,2.130685293,1.172623673,1.731842741,75,Craving,1,1,1,5.826666667,2.486486486,5.306666667,0,1,True
craving_new_11.jpg,4.057142857,3.441176471,1.191176471,3.3,5.828571429,1.242857143,3.8,1.188405797,4.623188406,2.802816901,2.842857143,1.142857143,5.830985915,1.285714286,3.071428571,3.957142857,5.642857143,1.228571429,5.828571429,2.339860731,2.201643572,0.73823818,2.25446417,1.464274352,0.841594661,2.157561694,0.862202418,1.871625978,1.848703934,2.210880304,0.665630665,1.264751986,0.801137907,2.135425346,2.108888809,1.668425573,0.663137658,1.464274352,71,Craving,1,1,1,5.830985915,3.071428571,5.642857143,0,1,True
craving_new_12.jpg,3.063291139,2.721518987,1.063291139,2.481012658,5.4875,1.189873418,3.582278481,1.038461538,4.443037975,2.518987342,2.443037975,1.113924051,5.65,1.202531646,2.582278481,3.569620253,5.189873418,1.265822785,5.4875,2.174100298,2.056488848,0.333657745,1.933912996,1.757398466,0.752362934,2.085404683,0.193552415,1.879353649,1.685996316,1.892948016,0.577069115,1.501897534,0.563408738,1.898768798,1.997970408,2.019621375,0.779691931,1.757398466,80,Craving,1,1,1,5.65,2.582278481,5.189873418,0,1,True
craving_new_13.jpg,3.6,3.144927536,1.202898551,3.085714286,5.428571429,1.228571429,3.68115942,1.157142857,4.405797101,3.154929577,2.828571429,1.171428571,5.507042254,1.228571429,2.971428571,3.971428571,5.101449275,1.471428571,5.428571429,2.324413593,2.250982546,0.814928906,2.218125969,1.664387676,0.764643112,2.206226174,0.673208073,1.833662685,1.9171995,2.126243395,0.613174883,1.43301121,0.663137658,2.126243395,2.070996599,2.080334585,1.125738773,1.664387676,71,Craving,1,1,1,5.507042254,2.971428571,5.101449275,0,1,True
craving_new_14.jpg,2.911392405,2.582278481,1.139240506,2.772151899,4.9375,1.115384615,3.379746835,1.113924051,3.911392405,3.115384615,2.784810127,1.17721519,5.3875,1.282051282,2.506329114,3.582278481,4.911392405,1.474358974,4.9375,2.045569781,1.912225143,0.548521958,2.031478981,2.088811363,0.50915691,2.132193991,0.423276044,1.968924433,1.720621824,2.164224774,0.635680408,1.649654739,0.7367432,1.914006522,2.07924786,2.107312503,1.181286542,2.088811363,80,Craving,1,1,1,5.3875,2.506329114,4.911392405,1,1,True
craving_new_15.jpg,3.36,3.109589041,1.121621622,2.346666667,5.36,1.32,3.786666667,1.12,4.148648649,2.72972973,2.013333333,1.189189189,5.527027027,1.418918919,2.589041096,3.135135135,5.175675676,1.554054054,5.36,2.328669728,2.163854867,0.522184629,2.076205826,2.083655831,1.054719125,2.231793203,0.614245307,2.187651724,1.939476679,1.856277395,0.854892057,1.946003794,1.205089171,1.970868509,2.115334258,2.147685011,1.315262273,2.083655831,75,Craving,1,1,1,5.527027027,2.589041096,5.175675676,0,1,True
craving_new_16.jpg,2.985714286,2.652173913,1.115942029,2.246376812,5.142857143,1.314285714,3.614285714,1.128571429,3.637681159,2.671428571,2.114285714,1.333333333,5.157142857,1.4,2.914285714,2.685714286,4.628571429,1.514285714,5.142857143,2.299923484,2.14082232,0.470801316,1.905146259,2.241154686,0.843437706,2.188857535,0.536262659,2.093203389,1.878338987,1.765554945,0.740958574,1.982793479,1.108596188,2.151796399,2.011149049,2.291581497,1.337777273,2.241154686,70,Craving,1,1,1,5.157142857,2.914285714,4.628571429,1,1,True
craving_new_1_midj_af.jpg,4.0,3.551282051,1.153846154,3.7875,5.913580247,1.1625,4.417721519,1.0875,4.987341772,3.125,3.55,1.139240506,5.87654321,1.275,3.3,3.95,5.75308642,1.45,5.913580247,2.283679022,2.225282331,0.666000333,2.342203604,1.45084054,0.645211181,2.12197051,0.325838742,1.829205172,2.033734483,2.255233014,0.499594123,1.435119473,0.779077676,1.977083903,2.11025225,1.529140806,1.157255592,1.45084054,81,Craving,1,1,1,5.87654321,3.3,5.75308642,0,1,True
craving_new_1_midj_as.jpg,3.151515152,3.0,1.257575758,2.681818182,5.402985075,1.196969697,3.567164179,1.246153846,4.179104478,3.151515152,2.53030303,1.151515152,5.424242424,1.353846154,2.890625,3.492307692,5.196969697,1.415384615,5.402985075,2.099394962,2.246364584,0.589931054,2.1279032,1.528117296,0.613180786,2.039190872,0.685355046,1.906332137,1.866650017,2.032199997,0.401628387,1.598659112,0.837234458,1.992981236,1.921287629,1.841568704,0.93361374,1.528117296,67,Craving,1,1,1,5.424242424,2.890625,5.196969697,0,1,True
craving_new_1_midj_euna.jpg,3.474358974,2.987179487,1.142857143,2.662337662,5.844155844,1.153846154,4.115384615,1.115384615,4.320512821,2.935897436,2.282051282,1.205128205,5.714285714,1.346153846,2.935897436,3.025641026,5.628205128,1.38961039,5.844155844,2.289015889,2.079545341,0.530994244,2.049456858,1.686361195,0.536388188,2.156119465,0.50915691,2.01612712,2.066050524,1.992827632,0.671477811,1.571599444,0.699293207,2.021570327,2.051128033,1.859402043,0.875933249,1.686361195,78,Craving,1,1,1,5.714285714,2.935897436,5.628205128,0,1,True
craving_new_1_midj_sa.jpg,3.202380952,2.678571429,1.178571429,2.686746988,5.397590361,1.380952381,3.69047619,1.154761905,4.373493976,2.686746988,2.523809524,1.178571429,5.69047619,1.392857143,2.963855422,3.119047619,5.464285714,1.55952381,5.397590361,2.09864995,1.946022909,0.696993791,2.12377776,1.975087272,0.980591927,2.070889399,0.502860435,1.942533193,1.853985232,2.096906445,0.66151914,1.512806301,0.905376939,1.896375125,1.947533268,1.884920685,1.215870856,1.975087272,84,Craving,1,1,1,5.69047619,2.963855422,5.464285714,0,1,True
craving_new_2.jpg,3.364864865,3.094594595,1.027027027,2.486486486,5.72,1.135135135,3.657534247,1.067567568,4.743243243,2.391891892,1.959459459,1.108108108,5.945205479,1.150684932,2.698630137,3.569444444,5.520547945,1.287671233,5.72,2.344181513,2.376649644,0.232495277,1.981028121,1.790062659,0.647954089,2.0359217,0.581238194,1.909319687,1.907573712,1.691551846,0.586785242,1.403274058,0.49078262,1.883295955,2.095107573,1.864206631,0.904916387,1.790062659,75,Craving,1,1,1,5.945205479,2.698630137,5.520547945,0,1,True
craving_new_2_midj_af.jpg,3.942028986,3.632352941,1.260869565,3.898550725,5.85915493,1.289855072,4.705882353,1.285714286,5.028571429,3.0,3.666666667,1.188405797,6.0,1.15942029,3.333333333,4.144927536,5.434782609,1.231884058,5.85915493,2.513984756,2.25867754,0.798015441,2.301821066,1.675843282,0.940923346,2.165253586,0.836536288,1.849178655,2.007448815,2.279490827,0.712810558,1.594633859,0.503610155,2.24700236,2.016661206,2.018140239,0.6674122,1.675843282,71,Craving,1,1,1,6.0,3.333333333,5.434782609,0,1,True
craving_new_2_midj_as.jpg,3.621621622,3.260273973,1.136986301,2.98630137,5.426666667,1.178082192,4.108108108,1.136986301,4.378378378,2.835616438,2.739726027,1.166666667,5.653333333,1.356164384,2.904109589,3.328767123,5.081081081,1.452054795,5.426666667,2.309614821,2.179624058,0.535284672,2.084953708,1.918426532,0.509424123,2.024287919,0.480597675,1.970346626,1.965067843,2.198657401,0.474712663,1.589605878,0.871936909,2.014974383,1.856331467,2.059104452,1.000570613,1.918426532,75,Craving,1,1,1,5.653333333,2.904109589,5.081081081,0,1,True
craving_new_2_midj_euna.jpg,3.52238806,2.742424242,1.134328358,2.686567164,5.567164179,1.134328358,4.164179104,1.149253731,4.626865672,2.910447761,2.52238806,1.134328358,5.878787879,1.194029851,3.208955224,3.089552239,5.432835821,1.373134328,5.567164179,2.09876016,1.883618499,0.489140322,2.075900354,1.653498409,0.385161217,2.034527828,0.468839035,1.816054839,1.764389699,2.040188709,0.489140322,1.397967222,0.608993356,2.004066422,1.583354162,1.742724101,0.997509336,1.653498409,67,Craving,1,1,1,5.878787879,3.208955224,5.432835821,0,1,True
craving_new_2_midj_sa.jpg,3.193548387,2.786885246,1.163934426,2.683333333,5.0,1.344262295,3.344262295,1.131147541,3.951612903,2.916666667,2.508196721,1.083333333,5.129032258,1.290322581,2.540983607,3.360655738,4.557377049,1.393442623,5.0,2.238549806,2.137870857,0.756754647,2.10319907,1.958587648,1.123762221,2.072721608,0.464593365,1.987068187,2.044352839,2.013479168,0.334038801,1.731898143,0.776437784,1.821846778,1.897654578,2.187270675,0.935925362,1.958587648,63,Craving,1,1,1,5.129032258,2.540983607,4.557377049,1,1,True
craving_new_3.jpg,3.378378378,2.767123288,1.08,2.306666667,5.213333333,1.2,3.533333333,1.08,4.333333333,2.76,2.094594595,1.162162162,5.581081081,1.472972973,2.256756757,3.534246575,5.067567568,1.527027027,5.213333333,2.243423892,2.031150112,0.39455757,1.859768464,1.890898066,0.821994937,2.120258356,0.486576568,2.035717108,1.944083193,1.859215617,0.759001273,1.720200345,1.284501641,1.843617727,2.121858408,2.002266395,1.27379245,1.890898066,75,Craving,1,1,1,5.581081081,2.256756757,5.067567568,0,1,True
craving_new_3_midj_af.jpg,3.75,3.373134328,1.28358209,3.205882353,5.275362319,1.402985075,4.164179104,1.223880597,4.373134328,3.447761194,2.925373134,1.318181818,5.676470588,1.575757576,2.590909091,3.606060606,5.208955224,1.545454545,5.275362319,2.396359179,2.013859711,0.73455759,2.378754368,1.916523031,0.905533519,1.950889579,0.670162701,2.058506526,1.828093742,2.291707269,0.879844233,1.460332987,1.15106113,1.897182305,1.952346028,1.887256414,1.055124027,1.916523031,69,Craving,1,1,1,5.676470588,2.590909091,5.208955224,0,1,True
craving_new_3_midj_as.jpg,2.709090909,3.0,1.254545455,2.090909091,5.272727273,1.333333333,3.527272727,1.272727273,3.836363636,3.272727273,1.945454545,1.218181818,5.2,1.454545455,2.509090909,3.127272727,5.145454545,1.636363636,5.272727273,1.94052997,1.905158689,0.82143014,1.713483859,1.592279352,0.951661903,1.874334899,0.780658446,2.070638087,1.840436195,1.704223314,0.737636594,1.603237465,1.033121516,1.783387614,1.905688808,1.909219172,1.567773089,1.592279352,55,Craving,1,1,1,5.2,2.509090909,5.145454545,1,1,True
craving_new_3_midj_euna.jpg,2.813186813,2.725274725,1.230769231,2.120879121,4.956521739,1.285714286,3.131868132,1.263736264,3.815217391,3.10989011,2.021978022,1.252747253,5.119565217,1.433333333,2.391304348,3.184782609,4.846153846,1.494505495,4.956521739,1.977158949,1.795463011,0.667947488,1.652171398,1.833228363,0.703731551,1.910257639,0.814250369,1.909659355,1.804011268,1.639634254,0.724084197,1.669654115,1.006160798,1.722230357,1.943879365,1.954613215,0.93539803,1.833228363,92,Craving,1,1,1,5.119565217,2.391304348,4.846153846,1,1,True
craving_new_3_midj_sa.jpg,3.0,2.633802817,1.126760563,2.23943662,5.098591549,1.211267606,3.208333333,1.211267606,3.746478873,3.112676056,2.098591549,1.228571429,5.211267606,1.507042254,2.361111111,3.126760563,4.914285714,1.422535211,5.098591549,1.985662898,1.89163147,0.558814497,1.831976206,1.89099316,0.652806971,1.935127466,0.843724616,1.794581606,1.785251449,1.837350029,0.919537196,1.664035482,1.329588974,1.848528578,1.866467844,1.916691421,0.980699049,1.89099316,72,Craving,1,1,1,5.211267606,2.361111111,4.914285714,1,1,True
craving_new_4.jpg,4.057142857,3.588235294,1.304347826,3.279411765,5.514285714,1.260869565,4.057142857,1.157142857,4.7,3.285714286,2.9,1.128571429,5.642857143,1.385714286,3.275362319,4.3,5.579710145,1.328571429,5.514285714,2.339860731,2.240970566,0.879577904,2.191200776,1.815735226,0.67849691,2.063384825,0.528484689,1.772168082,1.971851606,2.147799683,0.447907488,1.464910486,0.821678331,2.235305335,2.094506272,1.858255009,0.756065877,1.815735226,71,Craving,1,1,1,5.642857143,3.275362319,5.579710145,0,1,True
craving_new_4_midj_af.jpg,3.68115942,3.176470588,1.367647059,3.434782609,5.549295775,1.188405797,4.227272727,1.217391304,4.705882353,3.173913043,3.289855072,1.188405797,5.661971831,1.275362319,3.101449275,3.735294118,5.15942029,1.376811594,5.549295775,2.297650678,2.198650716,1.091410313,2.232634034,1.713715532,0.624861451,2.073981341,0.661316984,1.770899287,1.901675126,2.269370535,0.69187219,1.594129068,0.72525975,2.1972237,1.750203801,1.975014433,0.80625221,1.713715532,71,Craving,1,1,1,5.661971831,3.101449275,5.15942029,0,1,True
craving_new_4_midj_as.jpg,3.452054795,3.219178082,1.123287671,2.575342466,4.733333333,1.405405405,3.694444444,1.27027027,3.95890411,3.150684932,2.478873239,1.246575342,5.121621622,1.356164384,2.704225352,3.070422535,4.712328767,1.506849315,4.733333333,2.160511101,2.135978668,0.525600331,2.020160941,1.954435934,1.045786313,2.039323893,0.815891769,1.982130981,1.95555642,2.069224526,0.812759735,1.774651829,0.887722789,1.988498114,1.861826627,2.111341412,0.973585693,1.954435934,75,Craving,1,1,1,5.121621622,2.704225352,4.712328767,1,1,True
craving_new_4_midj_euna.jpg,3.23880597,2.746268657,1.149253731,2.253731343,5.194029851,1.388059701,3.656716418,1.298507463,4.074626866,3.208955224,2.432835821,1.227272727,5.611940299,1.373134328,3.0,3.179104478,5.014925373,1.462686567,5.194029851,2.000678311,1.917568564,0.468839035,1.761054123,1.811067038,1.014369843,1.887376236,0.95369974,1.7083878,1.796775845,1.860464919,0.76047464,1.536970888,0.884818435,1.856381924,1.546505084,1.854499339,1.063561174,1.811067038,67,Craving,1,1,1,5.611940299,3.0,5.014925373,0,1,True
craving_new_4_midj_sa.jpg,3.583333333,3.316666667,1.033898305,2.916666667,6.016129032,1.081967213,3.966666667,1.016666667,4.68852459,2.491525424,2.55,1.05,5.919354839,1.15,2.833333333,3.566666667,5.220338983,1.183333333,6.016129032,2.451507089,2.418093286,0.182520825,2.188503604,1.299330666,0.420122282,2.082751331,0.129099445,1.996171198,1.851121574,2.118722032,0.219784178,1.27135383,0.684575831,2.202976928,2.036669487,1.781783266,0.624137823,1.299330666,63,Craving,1,1,1,5.919354839,2.833333333,5.220338983,0,1,True
craving_new_5.jpg,4.086956522,3.628571429,1.171428571,3.642857143,5.885714286,1.242857143,4.309859155,1.214285714,5.0,3.085714286,3.3,1.314285714,5.943661972,1.275362319,3.405797101,4.217391304,5.828571429,1.442857143,5.885714286,2.435878453,2.168091584,0.537612235,2.290723032,1.469919224,0.769635982,2.188225304,0.759344819,1.780850519,1.990869427,2.373464416,0.909576381,1.433151611,0.783732735,2.27724576,2.248329872,1.752608231,1.058241833,1.469919224,71,Craving,1,1,1,5.943661972,3.405797101,5.828571429,0,1,True
craving_new_6.jpg,3.186666667,2.864864865,1.175675676,2.133333333,5.586666667,1.243243243,3.613333333,1.093333333,4.293333333,2.626666667,2.173333333,1.310810811,5.693333333,1.324324324,2.581081081,3.337837838,5.202702703,1.337837838,5.586666667,2.122551584,2.015857167,0.581874818,1.862382471,1.778956066,0.903733668,2.104649508,0.596687553,2.018651767,1.865572395,1.891469708,1.084456504,1.488454062,0.96667922,1.843216046,1.953409573,1.97920511,0.996940897,1.778956066,75,Craving,1,1,1,5.693333333,2.581081081,5.202702703,0,1,True
craving_new_7.jpg,3.371428571,2.728571429,1.014285714,2.536231884,5.214285714,1.071428571,3.857142857,1.085714286,4.414285714,2.4,2.342857143,1.042857143,5.842857143,1.185714286,2.514285714,3.463768116,5.457142857,1.257142857,5.214285714,2.253315937,2.212752424,0.119522861,2.159654862,1.879661218,0.310279377,2.208584794,0.329376096,2.109281471,1.714389231,2.049289126,0.203997321,1.63862539,0.620725549,1.954132427,2.220093467,1.85476835,1.045150489,1.879661218,70,Craving,1,1,1,5.842857143,2.514285714,5.457142857,0,1,True
craving_new_8.jpg,4.357142857,3.594202899,1.217391304,3.557142857,5.928571429,1.323529412,4.557142857,1.2,5.214285714,2.871428571,3.014492754,1.185714286,6.085714286,1.289855072,3.585714286,4.101449275,5.842857143,1.4,5.928571429,2.395864277,2.23158372,0.661316984,2.411540576,1.467734413,0.871457459,2.137557283,0.650529327,1.864176837,1.872156229,2.310416016,0.643650304,1.248104152,0.768907729,2.236021682,2.122324804,1.699409226,1.108596188,1.467734413,71,Craving,1,1,1,6.085714286,3.585714286,5.842857143,0,1,True
craving_new_9.jpg,3.0,3.01369863,1.148648649,2.472972973,5.44,1.22972973,3.5,1.067567568,4.324324324,2.581081081,2.081081081,1.22972973,5.626666667,1.324324324,2.424657534,3.22972973,5.391891892,1.424657534,5.44,2.305443231,2.288213463,0.752756258,1.946003794,2.061487262,0.803200743,2.069014722,0.382174065,2.081280613,2.060766959,1.907136969,0.803200743,1.761244441,1.074079512,1.862777259,1.96926589,1.950184871,1.322012441,2.061487262,75,Craving,1,1,1,5.626666667,2.424657534,5.391891892,0,1,True
1119_bodyproducts_midj.jpg,1.306451613,1.737704918,4.737704918,1.032258065,1.048387097,6.306451613,1.080645161,2.983606557,1.016129032,1.548387097,1.064516129,4.064516129,1.193548387,5.967741935,1.790322581,1.14516129,1.387096774,5.919354839,6.306451613,0.951077209,1.6522877,2.143996575,0.178127044,0.381000381,1.32552136,0.416794445,1.857344011,0.127000127,0.952605045,0.306806274,2.118389179,0.884079769,1.588563037,1.404175235,0.568194558,1.150264955,1.786088198,1.32552136,62,Disgust,0,1,0,5.967741935,1.790322581,5.919354839,0,1,True
1120_bodyproducts_midj.jpg,1.85915493,1.61971831,3.791666667,1.352112676,1.680555556,4.084507042,1.471428571,1.633802817,1.281690141,2.352112676,1.347222222,3.597222222,1.514285714,4.666666667,1.690140845,1.257142857,1.507042254,4.958333333,4.084507042,1.466733734,1.313296802,1.992503556,1.056930753,1.432287532,2.095890393,1.112790312,1.186103303,0.720775348,1.63967411,0.98094123,2.046362091,0.974201377,1.876466563,1.166086854,0.65243611,1.20562064,2.229365475,2.095890393,72,Disgust,0,1,0,4.666666667,1.690140845,4.958333333,1,1,True
1139_bodyproducts_midj.jpg,1.289156627,1.614457831,3.666666667,1.108433735,1.12195122,6.301204819,1.209876543,2.573170732,1.084337349,1.341463415,1.158536585,2.87654321,1.134146341,6.37804878,1.777777778,1.160493827,1.341463415,5.839506173,6.301204819,0.930907248,1.53679525,2.355843798,0.413552374,0.691933129,1.479411054,0.719653552,2.078879612,0.419198401,0.789115964,0.57669797,2.276964625,0.538910541,1.061564695,1.516575089,0.535181981,1.25923269,2.070367058,1.479411054,83,Disgust,0,1,0,6.37804878,1.777777778,5.839506173,1,1,True
1209_death_midj_af.jpg,1.461538462,2.102564103,4.038461538,1.692307692,1.141025641,5.756410256,1.298701299,3.820512821,1.166666667,1.794871795,1.897435897,5.181818182,1.474358974,5.525641026,2.064102564,1.371794872,1.897435897,4.769230769,5.756410256,1.296271453,1.777125532,2.258848734,1.453233674,0.502574126,1.580612223,0.946808143,2.214143379,0.728219081,1.370931756,1.656076913,2.030862357,1.296592527,1.863695247,1.638337323,0.994908785,1.944621244,2.191619676,1.580612223,78,Disgust,0,1,0,5.525641026,2.064102564,4.769230769,0,1,True
1209_death_midj_as.jpg,1.352272727,2.494382022,3.147727273,1.448275862,1.136363636,4.795454545,1.363636364,3.761363636,1.125,2.068181818,1.720930233,4.863636364,1.436781609,5.454545455,2.034482759,1.494252874,2.126436782,4.620689655,4.795454545,1.194236858,2.040073503,1.933014873,1.075721723,0.459430387,1.775692133,0.860123196,2.08439367,0.395738797,1.537242303,1.42788336,1.983737435,0.948697386,1.363810508,1.69437013,1.180003579,1.903513262,2.125380291,1.775692133,89,Disgust,0,1,0,5.454545455,2.034482759,4.620689655,0,0,True
1209_death_midj_euna.jpg,1.315068493,1.76056338,3.95890411,1.808219178,1.191780822,5.123287671,1.347222222,3.424657534,1.205479452,1.821917808,1.904109589,5.068493151,1.301369863,5.611111111,2.04109589,1.180555556,1.708333333,4.876712329,5.123287671,0.984275147,1.398619613,2.1044817,1.430399461,0.719906133,1.802353442,0.98094123,2.006363545,0.686353167,1.336895925,1.547079539,1.888038129,1.126510486,1.614682244,1.719482772,0.737838276,1.428458245,2.179100257,1.802353442,73,Disgust,0,1,0,5.611111111,2.04109589,4.876712329,0,1,True
1209_death_midj_sa.jpg,1.455696203,1.828947368,3.602564103,1.658227848,1.164556962,4.17721519,1.367088608,3.17721519,1.153846154,1.632911392,2.151898734,5.0,1.227848101,5.316455696,1.82278481,1.417721519,1.925,4.379746835,4.17721519,1.337788726,1.436552892,2.002204912,1.329025824,0.564559727,1.953035072,0.922332817,2.05538376,0.485555595,1.052192037,1.617917367,1.743261609,0.659241349,1.556988413,1.308350828,0.885895099,1.482172542,1.995532173,1.953035072,80,Disgust,0,1,0,5.316455696,1.82278481,4.379746835,0,0,True
1271_hygiene_midj.jpg,1.290322581,1.564516129,4.435483871,1.177419355,1.225806452,6.080645161,1.112903226,3.016129032,1.163934426,1.580645161,1.209677419,3.786885246,1.177419355,6.064516129,1.655737705,1.274193548,1.338709677,5.64516129,6.080645161,1.077140976,1.499955931,2.280501582,0.820319681,0.894781864,1.53962298,0.366858114,1.929001572,0.610473255,1.167151318,0.994032964,2.176501429,0.800085929,1.212921791,1.493153775,1.042842189,1.085576804,1.838538035,1.53962298,62,Disgust,0,1,0,6.064516129,1.655737705,5.64516129,0,1,True
a100_midj.jpg,1.292682927,1.926829268,3.024691358,1.304878049,1.243902439,5.195121951,1.256097561,2.975609756,1.086419753,2.048780488,1.456790123,4.170731707,1.524390244,4.829268293,1.902439024,1.219512195,1.463414634,5.329268293,5.195121951,1.059790392,1.646398897,2.18503609,0.925483182,0.868672545,1.855515797,0.699399665,2.006013243,0.479518792,1.609404759,1.162426156,2.153406019,1.199028514,1.857948411,1.56827936,0.786057364,1.156784837,2.05513436,1.855515797,82,Disgust,0,1,0,4.829268293,1.902439024,5.329268293,0,1,True
animal_carcass_5_midj_af.jpg,1.15,1.966666667,4.066666667,1.7,1.084745763,4.62295082,1.133333333,3.75,1.116666667,1.816666667,1.85,4.966666667,1.233333333,5.3,2.3,1.216666667,1.616666667,5.322033898,4.62295082,0.659352533,1.877310253,2.503331114,1.499152303,0.384534452,2.169208261,0.595652801,2.252117648,0.490301418,1.295254267,1.76428792,2.090873361,0.908839205,1.853078062,1.898259685,0.613179175,1.403285088,2.063146893,2.169208261,61,Disgust,0,1,0,5.3,2.3,5.322033898,0,0,True
animal_carcass_5_midj_as.jpg,1.333333333,1.841269841,4.666666667,1.920634921,1.403225806,4.59375,1.285714286,3.793650794,1.14516129,1.64516129,2.629032258,5.793650794,1.317460317,5.952380952,2.619047619,1.548387097,1.873015873,5.203125,4.59375,1.047269876,1.648130409,2.132694797,1.619454182,1.137435675,2.029299277,0.831410993,2.244410478,0.507219169,1.202412523,2.001916057,1.546679379,1.044577347,1.452790101,1.895908765,1.36318599,1.736626908,2.168897661,2.029299277,64,Disgust,0,1,0,5.952380952,2.619047619,5.203125,0,0,True
animal_carcass_5_midj_euna.jpg,1.4,1.766666667,3.766666667,1.8,1.322033898,4.85,1.366666667,3.916666667,1.083333333,1.733333333,1.95,4.966666667,1.15,5.86440678,2.266666667,1.233333333,1.610169492,5.233333333,4.85,1.167352502,1.681067726,2.265187287,1.72518729,1.04123067,1.929476964,0.956098475,2.077251008,0.423531027,1.176992241,1.93474038,2.058192943,0.40442468,1.665653306,1.858253843,0.851054514,1.352098613,2.044974548,1.929476964,60,Disgust,0,1,0,5.86440678,2.266666667,5.233333333,0,0,True
animal_carcass_5_midj_sa.jpg,1.287671233,2.095890411,4.301369863,1.95890411,1.260273973,4.055555556,1.465753425,3.452054795,1.138888889,1.712328767,2.520547945,5.479452055,1.150684932,5.794520548,2.095890411,1.465753425,1.808219178,4.506849315,4.055555556,0.920136645,1.804041632,2.106108388,1.661979711,1.000380445,2.041049777,1.202799879,2.034706475,0.656614354,1.418914413,2.007690693,1.811303928,0.396905841,1.580777798,1.819374004,1.334189223,1.586904169,2.47836913,2.041049777,73,Disgust,0,1,0,5.794520548,2.095890411,4.506849315,0,0,True
animalcarcass5_midj.jpg,1.158536585,1.731707317,3.743902439,1.585365854,1.158536585,4.8,1.243902439,3.2125,1.109756098,2.050632911,1.679012346,5.37804878,1.256097561,5.682926829,1.951219512,1.358024691,1.37804878,4.975609756,4.8,0.637694772,1.547987786,2.136172738,1.216666357,0.597722265,2.033890081,0.896646366,1.991715436,0.444613789,1.640033882,1.464813644,1.704317277,0.872218338,1.593800093,1.546820227,1.003850611,0.911385377,2.188497482,2.033890081,82,Disgust,0,1,0,5.682926829,1.951219512,4.975609756,0,0,True
cockroach1_midj.jpg,1.861111111,1.833333333,2.222222222,1.422535211,1.275362319,4.633802817,1.661971831,3.666666667,1.591549296,2.450704225,1.428571429,1.791666667,2.013888889,4.416666667,1.873239437,1.450704225,1.805555556,5.138888889,4.633802817,1.586079901,1.472757307,1.696908724,1.064518293,0.905604413,2.085593007,1.21823833,2.082793357,1.190167633,1.933085856,1.057361065,1.528485396,1.596590165,2.199551811,1.423572744,0.982543818,1.507155598,2.105027888,2.085593007,72,Disgust,0,1,0,4.416666667,1.873239437,5.138888889,1,1,True
deadbodies3_midj.jpg,1.085365854,2.061728395,4.037037037,1.320987654,1.073170732,4.50617284,1.160493827,4.87804878,1.024390244,1.573170732,1.524390244,5.768292683,1.086419753,6.197530864,2.074074074,1.125,1.4125,5.419753086,4.50617284,0.476645157,1.846250789,2.32617951,0.721580912,0.262019121,2.068353553,0.601181963,2.116310812,0.220863052,1.155026458,1.219447454,1.642782798,0.424191315,1.452753877,1.730446314,0.460462068,1.014998285,2.048561675,2.068353553,82,Disgust,0,1,0,6.197530864,2.074074074,5.419753086,0,0,True
dr08.alunmcdonald_oxfam-ccbyncnd2.0_midj.jpg,1.090909091,1.656716418,3.696969697,2.060606061,1.151515152,4.358208955,1.09375,3.712121212,1.123076923,1.734375,2.636363636,5.272727273,1.261538462,5.303030303,1.828125,1.292307692,2.046153846,4.636363636,4.358208955,0.338652203,1.503049817,2.44929941,1.787811622,0.789204551,2.227251959,0.293784826,2.095894533,0.780778704,1.237537077,2.035351897,1.869145873,0.923257194,1.753850243,1.538445799,0.861014607,1.840777428,2.243872776,2.227251959,67,Disgust,0,1,0,5.303030303,1.828125,4.636363636,0,0,True
dr32.padre_djacy_brasileiro-ccbyncnd2.0_midj.jpg,1.265822785,1.759493671,4.101265823,1.64556962,1.17721519,4.860759494,1.35443038,3.949367089,1.17721519,1.949367089,2.088607595,5.653846154,1.139240506,5.884615385,2.025316456,1.371794872,1.886075949,4.784810127,4.860759494,0.811912285,1.45192348,2.250896897,1.121331337,0.615181726,1.96595496,0.974521246,2.19497523,0.615181726,1.475428961,1.634483165,1.65793584,0.524628738,1.459236317,1.694445553,0.968450018,1.53578963,2.13440009,1.96595496,79,Disgust,0,1,0,5.884615385,2.025316456,4.784810127,0,0,True
dr32_padre_djacy_brasileiro-ccbyncnd2_0_midj_af.jpg,1.492753623,2.391304348,4.814285714,1.927536232,1.492753623,4.942857143,1.289855072,4.642857143,1.202898551,1.882352941,2.15942029,5.652173913,1.289855072,5.985915493,2.130434783,1.367647059,1.926470588,5.126760563,4.942857143,1.267503201,2.122826856,2.023720617,1.683124201,1.267503201,2.1188301,0.70921351,2.036163729,0.676924493,1.440661247,1.828075076,1.869461128,0.729654416,1.497549978,1.61712384,0.844727489,1.686789554,2.216364961,2.1188301,71,Disgust,0,1,0,5.985915493,2.130434783,5.126760563,0,0,True
dr32_padre_djacy_brasileiro-ccbyncnd2_0_midj_as.jpg,1.369863014,2.561643836,4.77027027,1.739726027,1.369863014,4.56,1.383561644,4.202702703,1.123287671,1.563380282,2.383561644,5.819444444,1.356164384,5.906666667,2.246575342,1.414285714,2.369863014,4.753424658,4.56,1.136598841,2.198397784,2.278832297,1.364504359,1.099328701,2.182485565,0.994849751,2.053928609,0.622387997,1.024449599,1.948148245,1.770862676,1.058954713,1.685978209,1.746272394,1.014287172,2.098325055,2.302057183,2.182485565,75,Disgust,0,1,0,5.906666667,2.246575342,4.753424658,0,0,True
dr32_padre_djacy_brasileiro-ccbyncnd2_0_midj_euna.jpg,1.343283582,2.208955224,3.641791045,1.701492537,1.194029851,4.119402985,1.358208955,3.71641791,1.272727273,2.119402985,2.298507463,5.014925373,1.462686567,5.089552239,2.28358209,1.611940299,1.955223881,4.940298507,4.119402985,1.037950177,1.736744721,2.267701363,1.279381069,0.633384511,2.128610217,0.82941185,2.043511314,1.015956609,1.609840836,1.922868165,1.950077988,0.926517726,1.912727256,1.612507648,1.205482726,1.570879273,2.173396985,2.128610217,67,Disgust,0,1,0,5.089552239,2.28358209,4.940298507,0,0,True
dr32_padre_djacy_brasileiro-ccbyncnd2_0_midj_sa.jpg,1.163934426,2.183333333,3.852459016,1.672131148,1.229508197,4.666666667,1.295081967,4.206349206,1.114754098,1.704918033,2.31147541,5.507936508,1.344262295,5.603174603,2.116666667,1.166666667,1.822580645,5.14516129,4.666666667,0.711344452,1.712285287,2.434721514,1.513509294,1.022960453,2.117515282,1.069957356,2.088051493,0.550707444,1.370453238,2.187395587,1.856748944,1.263398141,1.971896766,1.747556809,0.642206648,1.851221958,2.209122474,2.117515282,63,Disgust,0,1,0,5.603174603,2.116666667,5.14516129,0,0,True
dr42.oxfam_international-ccbyncnd2.0_midj.jpg,1.22972973,1.702702703,4.783783784,1.520547945,1.081081081,4.773333333,1.27027027,4.013513514,1.027027027,1.621621622,2.0,5.527027027,1.162162162,6.106666667,1.945945946,1.148648649,1.5,5.391891892,4.773333333,0.958699137,1.440412134,2.252975325,1.214605435,0.591185407,1.935258439,0.895916112,2.063998269,0.163269084,1.3819056,1.68799143,1.874288709,0.702773898,1.390832274,1.612382666,0.589460688,1.284789839,2.059508969,1.935258439,75,Disgust,0,1,0,6.106666667,1.945945946,5.391891892,0,0,True
h022_midj.jpg,1.256756757,1.77027027,4.189189189,1.445945946,1.01369863,4.0,1.310810811,4.546666667,1.054054054,1.616438356,1.918918919,5.472972973,1.108108108,6.040540541,1.959459459,1.148648649,1.554054054,5.643835616,4.0,1.021157157,1.667968145,2.338924209,1.283636656,0.117041147,2.236067977,1.109432481,2.267832239,0.326538168,1.410576488,1.726162556,2.015168323,0.609683672,1.437646376,1.762930229,0.565744326,1.396099183,1.960512001,2.236067977,75,Disgust,0,1,0,6.040540541,1.959459459,5.643835616,0,0,True
maps325_midj.jpg,1.385714286,2.014285714,3.710144928,1.314285714,1.057142857,5.507042254,1.242857143,4.956521739,1.071428571,1.485714286,1.52173913,4.742857143,1.102941176,6.173913043,2.202898551,1.179104478,1.130434783,6.130434783,5.507042254,1.08069834,1.789606524,2.376981831,0.909576381,0.289212538,1.991935451,0.750569142,2.096459078,0.259398891,1.099971767,1.367787992,2.198060504,0.306141411,1.514212295,1.875380041,0.64960065,0.450915522,1.696995992,1.991935451,71,Disgust,0,1,0,6.173913043,2.202898551,6.130434783,0,1,True
maps325_midj_af.jpg,1.1875,1.953125,4.276923077,1.446153846,1.138461538,4.938461538,1.384615385,5.246153846,1.078125,1.609375,1.676923077,5.676923077,1.140625,6.046875,2.734375,1.265625,1.444444444,5.4375,4.938461538,0.75329962,1.89761494,2.361856343,1.17301387,0.463577228,2.13510043,1.258624096,2.054193647,0.513459709,1.443289755,1.335894975,1.913012123,0.530563866,1.484626911,2.385419916,0.877264643,1.317105548,2.137161743,2.13510043,65,Disgust,0,1,0,6.046875,2.734375,5.4375,0,0,True
maps325_midj_as.jpg,1.507936508,1.887096774,3.0,1.35483871,1.174603175,4.828125,1.253968254,4.682539683,1.174603175,1.793650794,1.46031746,4.209677419,1.253968254,5.421875,2.666666667,1.274193548,1.333333333,5.523809524,4.828125,1.255606984,1.610466165,2.192362108,0.811733102,0.636007774,1.907002031,0.621347494,1.899281671,0.583086408,1.321762388,1.189000622,2.21867703,0.717708135,1.78000078,2.252431204,0.908418818,0.803219329,1.998847594,1.907002031,64,Disgust,0,1,0,5.421875,2.666666667,5.523809524,0,1,True
maps325_midj_euna.jpg,1.174603175,1.507936508,3.274193548,1.238095238,1.111111111,5.555555556,1.492063492,4.746031746,1.095238095,1.396825397,1.365079365,4.476190476,1.14516129,6.209677419,2.451612903,1.161290323,1.14516129,6.161290323,5.555555556,0.684851821,1.281040604,2.334132723,0.910765111,0.542131728,1.811947605,1.3182713,1.942464796,0.530194295,1.008666999,1.082136288,1.97449171,0.743204718,1.3199242,2.021826956,0.657704612,0.538570488,1.580553424,1.811947605,64,Disgust,0,1,0,6.209677419,2.451612903,6.161290323,0,1,True
maps325_midj_sa.jpg,1.261538462,2.076923077,2.923076923,1.430769231,1.338461538,4.415384615,1.230769231,4.415384615,1.125,1.59375,1.415384615,4.6,1.338461538,5.296875,2.615384615,1.276923077,1.507692308,5.307692308,4.415384615,0.871007374,1.848205991,1.94701448,1.131498326,1.107882596,2.006959047,0.606455655,1.975571972,0.454256763,1.034619016,1.059072526,2.14912773,1.049954211,1.891330996,2.133748958,0.892813186,1.238989973,2.186057217,2.006959047,65,Disgust,0,1,0,5.296875,2.615384615,5.307692308,0,0,True
maps349_midj.jpg,1.253164557,2.050632911,3.417721519,1.35443038,1.126582278,5.6,1.512820513,5.0,1.141025641,1.632911392,1.481012658,4.428571429,1.139240506,6.050632911,2.493506494,1.164556962,1.454545455,5.518987342,5.6,0.883877739,1.880389582,2.27926886,1.098226714,0.606948834,1.768930164,1.125196546,1.853617392,0.768272797,1.231813497,1.366830129,2.191061816,0.729140295,1.568101369,1.984302719,0.705843372,1.118568805,2.074637809,1.768930164,80,Disgust,0,1,0,6.050632911,2.493506494,5.518987342,0,1,True
neghighnonsoc_7_midj.jpg,1.278481013,1.949367089,3.594936709,1.294871795,1.341772152,5.3,1.430379747,3.807692308,1.151898734,2.037974684,1.556962025,4.076923077,1.379746835,5.46835443,2.307692308,1.282051282,1.329113924,5.291139241,5.3,0.732692766,1.663320237,2.07870144,0.722710884,1.023894976,1.938288427,1.021355865,2.132358564,0.601037726,1.514401278,1.375116176,1.99199196,1.053733259,1.900306608,1.969294767,0.881224589,1.021832429,2.149250905,1.938288427,80,Disgust,0,1,0,5.46835443,2.307692308,5.291139241,0,1,True
neghighnonsoc_7_midj_af.jpg,1.425287356,2.011627907,4.302325581,1.435294118,1.290697674,5.697674419,1.270588235,3.802325581,1.211764706,1.823529412,1.857142857,4.894117647,1.5,5.658823529,1.88372093,1.325581395,1.747126437,4.848837209,5.697674419,1.157706071,1.931133078,2.201976478,1.085039596,1.015946722,1.694765418,0.850605321,2.330462047,0.656362952,1.310910903,1.629123921,2.115833335,1.361227819,1.769805889,1.529464379,1.022590257,1.488079696,2.298426274,1.694765418,87,Disgust,0,1,0,5.658823529,1.88372093,4.848837209,0,1,True
neghighnonsoc_7_midj_as.jpg,1.371794872,1.857142857,3.207792208,1.512820513,1.192307692,5.384615385,1.333333333,3.571428571,1.256410256,1.897435897,1.641025641,3.846153846,1.435897436,5.602564103,1.91025641,1.474358974,1.766233766,4.818181818,5.384615385,1.082433218,1.675789568,2.160273267,1.256087408,0.790490433,1.817882093,0.948911429,2.111550761,0.972824211,1.38254183,1.468052504,2.204345903,1.123419451,1.565369908,1.613143237,1.213820404,1.512196937,2.180821144,1.817882093,78,Disgust,0,1,0,5.602564103,1.91025641,4.818181818,1,1,True
neghighnonsoc_7_midj_euna.jpg,1.422535211,1.902777778,3.830985915,1.366197183,1.347222222,5.597222222,1.291666667,3.541666667,1.166666667,1.722222222,1.549295775,4.680555556,1.305555556,5.555555556,1.930555556,1.291666667,1.527777778,4.902777778,5.597222222,1.064518293,1.593646914,2.197309494,0.849191828,1.05028128,1.580334447,0.680461732,2.129190152,0.474712663,1.212867888,1.025234919,2.026767279,0.74377963,1.702433129,1.417460424,0.758751755,1.112948403,2.097347233,1.580334447,72,Disgust,0,1,0,5.555555556,1.930555556,4.902777778,0,1,True
neghighnonsoc_7_midj_sa.jpg,1.365853659,2.0,3.304878049,1.580246914,1.292682927,4.682926829,1.353658537,2.926829268,1.197530864,2.12195122,1.695121951,3.851851852,1.419753086,4.901234568,1.9625,1.37037037,1.682926829,4.7125,4.682926829,0.949492329,1.65551827,2.058940303,1.340374925,0.936078039,2.066057549,0.894039953,1.980026735,0.600411382,1.566550381,1.446059135,2.092313977,1.010744744,1.77203935,1.400214721,0.914391115,1.332203677,2.135852778,2.066057549,83,Disgust,0,1,0,4.901234568,1.9625,4.7125,1,1,True
neghighnonsoc_8_midj.jpg,1.297297297,1.608108108,4.432432432,1.432432432,1.040540541,5.613333333,1.246575342,3.824324324,1.108108108,1.662162162,1.459459459,5.27027027,1.135135135,6.146666667,2.013513514,1.135135135,1.27027027,5.824324324,5.613333333,1.030091494,1.431710994,2.24573313,1.194520378,0.258509383,1.888037257,0.862503171,2.09603741,0.390558699,1.464437122,1.036183582,2.042676845,0.477560132,1.430302683,1.625930657,0.5570058,0.781591234,1.838389022,1.888037257,75,Disgust,0,1,0,6.146666667,2.013513514,5.824324324,0,1,True
people_198_h_midj.jpg,1.071428571,1.695652174,2.628571429,1.157142857,1.042857143,5.9,1.328571429,4.128571429,1.073529412,1.728571429,1.492753623,4.260869565,1.085714286,6.057142857,2.371428571,1.1,1.371428571,5.8,5.9,0.392739489,1.583966984,2.030002703,0.810004729,0.358568583,1.678076884,0.896392586,2.289999864,0.606339063,1.623392659,1.420679088,2.336740905,0.281962951,1.701539919,2.022850826,0.386361699,1.181640086,2.068395724,1.678076884,70,Disgust,0,1,0,6.057142857,2.371428571,5.8,0,1,True
people_218_v_mid.jpg,1.5,2.228571429,2.657142857,1.514285714,1.260869565,5.309859155,1.328571429,4.652173913,1.214285714,1.857142857,1.871428571,4.897058824,1.442857143,5.828571429,2.171428571,1.294117647,1.608695652,5.842857143,5.309859155,1.40134511,1.986705295,1.902597114,1.113069358,0.994871761,2.060454522,0.958885654,1.998720819,0.678721243,1.62664155,1.596385669,2.023294977,1.098559192,1.68515624,1.895619883,1.008306154,1.262786267,1.699409226,2.060454522,71,Disgust,0,1,0,5.828571429,2.171428571,5.842857143,0,1,True
people_364_v_mid.jpg,1.28,2.146666667,2.773333333,1.405405405,1.013333333,5.133333333,1.150684932,5.026666667,1.04109589,1.466666667,1.72,5.146666667,1.186666667,5.986486486,1.68,1.2,1.22972973,5.666666667,5.133333333,1.133757207,2.038105462,2.070209112,1.145795398,0.115470054,2.029068042,0.544447551,1.902866496,0.199885812,1.044073795,1.438467653,1.915042398,0.747849771,1.399542423,1.578230278,0.753370804,0.652651017,1.884024827,2.029068042,75,Disgust,0,1,0,5.986486486,1.68,5.666666667,0,0,True
test_a.jpg,1.164556962,1.884615385,4.341772152,1.487179487,1.113924051,5.575,1.291139241,5.088607595,1.088607595,1.367088608,2.063291139,5.128205128,1.088607595,6.341772152,2.607594937,1.139240506,1.666666667,5.475,5.575,0.668530339,1.659140516,2.319847895,1.136679943,0.530779344,1.667067462,0.849613769,1.916125052,0.48542536,0.803473472,1.778372723,1.943079457,0.398390139,1.329025824,2.002675912,0.593429347,1.474164229,2.134555952,1.667067462,80,Disgust,0,1,0,6.341772152,2.607594937,5.475,0,1,True
8465_midj.jpg,3.016129032,3.163934426,1.322580645,2.370967742,2.403225806,1.338709677,3.532258065,1.129032258,3.967741935,3.612903226,2.5,1.290322581,5.209677419,1.467741935,2.85483871,3.754098361,4.68852459,1.629032258,3.532258065,1.868565992,1.898949954,0.784568244,1.681469605,1.796715377,0.788098945,1.835155257,0.383421652,1.890162123,1.944768845,1.879570931,0.856739851,1.438773348,1.035718519,1.618000934,1.728734968,1.830673679,1.283359717,1.835155257,62,Excitement,1,1,1,5.209677419,2.85483871,4.68852459,0,0,True
8540_midj.jpg,3.561643836,4.152777778,1.180555556,3.465753425,2.232876712,1.150684932,4.611111111,1.23943662,5.014084507,3.315068493,3.0,1.347222222,6.068493151,1.236111111,3.111111111,3.361111111,5.180555556,1.708333333,4.611111111,2.315325159,2.147122032,0.810605562,2.248963908,1.940221551,0.616243839,1.946868598,0.852974438,1.768719939,1.839963106,2.217355783,0.90631155,1.427203629,0.911476987,2.211083194,2.071303295,1.871403698,1.514600305,1.946868598,73,Excitement,1,1,1,6.068493151,3.111111111,5.180555556,0,0,True
8540_midj_af.jpg,3.948717949,3.935064935,1.141025641,4.012820513,2.743589744,1.12987013,4.844155844,1.141025641,5.128205128,3.294871795,3.58974359,1.115384615,5.948717949,1.298701299,2.794871795,4.192307692,5.179487179,1.384615385,4.844155844,2.384459621,2.190515815,0.733685926,2.247616861,2.218200379,0.71360186,1.899202984,0.715766032,1.662098301,2.058299477,2.164866436,0.602608383,1.569989957,0.960604731,2.02810752,2.064276813,1.985293918,1.059658965,1.899202984,78,Excitement,1,1,1,5.948717949,2.794871795,5.179487179,0,0,True
8540_midj_as.jpg,3.659090909,3.625,1.183908046,2.954545455,1.840909091,1.079545455,4.284090909,1.102272727,5.011363636,3.113636364,2.715909091,1.181818182,5.775280899,1.193181818,2.306818182,3.284090909,4.613636364,1.522727273,4.284090909,2.100281118,2.129769833,0.67391145,1.947052538,1.54537771,0.346462946,1.982387181,0.429909713,1.816237858,1.944232959,2.01687629,0.735713815,1.354729166,0.675651317,1.744337008,1.993949835,2.070214705,1.14447471,1.982387181,89,Excitement,1,1,1,5.775280899,2.306818182,4.613636364,0,0,True
8540_midj_euna.jpg,3.534246575,3.589041096,1.219178082,3.136986301,1.98630137,1.191780822,3.616438356,1.150684932,4.436619718,3.305555556,2.583333333,1.260273973,5.630136986,1.236111111,2.479452055,3.369863014,4.712328767,1.589041096,3.616438356,2.333822519,2.152747704,0.749936578,2.155838768,1.695526391,0.7756276,2.189813139,0.616243839,1.925263577,1.976188456,1.911787012,0.866464676,1.585584797,0.638948422,1.864206631,2.091695546,1.821777612,1.188318331,2.189813139,73,Excitement,1,1,1,5.630136986,2.479452055,4.712328767,0,0,True
8540_midj_sa.jpg,3.311688312,3.227848101,1.202531646,2.544303797,1.936708861,1.164556962,3.303797468,1.225,3.766233766,3.782051282,2.215189873,1.240506329,5.051282051,1.379746835,2.430379747,3.126582278,4.075949367,1.575,3.303797468,2.213949438,2.0751853,0.563408738,1.89329091,1.659021739,0.564559727,1.995857443,0.810922275,2.025470081,1.951672183,1.699704998,0.603731768,1.712425453,0.836718215,1.809402397,1.903890003,2.024036028,1.177586031,1.995857443,80,Excitement,1,1,1,5.051282051,2.430379747,4.075949367,0,0,True
excitement_new_10.jpg,4.8,4.285714286,1.333333333,3.042857143,2.814285714,1.391304348,4.943661972,2.971428571,4.304347826,2.742857143,2.814285714,1.449275362,5.23943662,1.814285714,4.028985507,2.842857143,4.535211268,2.7,4.943661972,2.12371018,2.029798713,1.093653707,2.318393461,2.228230318,1.08759572,1.771902319,1.955826884,2.031403078,1.774911423,2.114771082,1.144503898,1.752262119,1.427401177,2.281453449,1.960743088,2.020120123,2.101414293,1.771902319,71,Excitement,1,1,1,5.23943662,4.028985507,4.535211268,0,1,True
excitement_new_11.jpg,3.842857143,3.185714286,1.042857143,2.371428571,1.714285714,1.142857143,4.442857143,1.171428571,4.434782609,2.9,2.028571429,1.042857143,5.428571429,1.1,3.042857143,2.304347826,4.285714286,1.414285714,4.442857143,2.281848439,2.221716644,0.203997321,1.927463066,1.580156451,0.571945936,2.075640039,0.509942553,2.199453548,2.093121932,1.744319381,0.203997321,1.922946325,0.302166093,2.09509928,1.751506476,2.113742866,1.042472773,2.075640039,70,Excitement,1,1,1,5.428571429,3.042857143,4.285714286,0,1,True
excitement_new_12.jpg,4.428571429,4.855072464,1.31884058,2.685714286,2.376811594,1.285714286,4.873239437,4.225352113,4.23943662,2.333333333,2.507246377,1.385714286,4.915492958,2.2,4.042857143,2.428571429,4.0,3.214285714,4.873239437,2.356436936,2.074178521,0.795072206,2.011149049,2.0153926,0.870496396,2.020817214,2.146074044,2.107569953,1.754545916,2.048121007,0.99699341,2.054587055,1.647131895,2.299563376,1.90020158,2.173623169,2.257951214,2.020817214,71,Excitement,1,1,1,4.915492958,4.042857143,4.0,0,1,True
excitement_new_13_midj_af.jpg,3.46835443,3.769230769,1.392405063,2.525641026,2.063291139,1.367088608,3.632911392,3.397435897,2.935064935,3.012820513,2.417721519,1.551282051,4.075949367,2.358974359,2.82278481,2.430379747,3.215189873,2.871794872,3.632911392,2.194605525,2.094662834,0.883143011,1.884484559,1.704757838,0.879644672,2.039213116,2.05975502,1.96239423,1.841044239,1.83699584,1.335309059,1.899879564,1.713008737,2.080184248,1.766377898,2.01068228,1.995833155,2.039213116,79,Excitement,1,1,1,4.075949367,2.82278481,3.215189873,0,0,True
excitement_new_13_midj_as.jpg,3.453333333,4.27027027,1.306666667,2.333333333,2.026666667,1.175675676,4.567567568,3.426666667,3.6,2.613333333,2.093333333,1.293333333,5.053333333,1.837837838,2.88,2.24,3.77027027,2.8,4.567567568,2.303307453,1.995181162,0.853820244,1.773173467,1.610550798,0.689611924,1.887820234,2.09357662,1.881632414,1.584496965,1.508295381,0.881848999,1.723394932,1.324448989,2.079241026,1.575487912,1.891200223,1.845374056,1.887820234,75,Excitement,1,1,1,5.053333333,2.88,3.77027027,0,1,True
excitement_new_13_midj_euna.jpg,2.524390244,3.5,1.280487805,1.792682927,1.524390244,1.329268293,3.373493976,3.707317073,2.679012346,2.841463415,1.87804878,1.365853659,4.097560976,2.231707317,2.914634146,1.666666667,2.950617284,3.614457831,3.373493976,1.880541095,1.989168199,0.774188388,1.302777706,1.219447454,0.956522483,2.046477303,1.971950247,1.915901619,1.952962373,1.518529535,0.809087203,1.915561718,1.581519667,2.189769814,1.332291259,1.890113982,2.174302946,2.046477303,83,Excitement,1,1,1,4.097560976,2.914634146,2.950617284,0,0,True
excitement_new_13_midj_sa.jpg,3.414634146,3.780487805,1.37804878,2.134146341,1.814814815,1.170731707,3.759036145,3.231707317,3.024390244,3.197530864,1.87804878,1.3125,4.56097561,1.768292683,3.144578313,2.451219512,3.463414634,2.890243902,3.759036145,2.293044876,2.171785351,1.233686075,1.63119433,1.644012706,0.624695048,1.997500642,2.032445346,1.968740964,1.945634556,1.613142351,1.086088674,1.937910042,1.289068766,2.025041584,1.75085474,2.097588986,2.03673727,1.997500642,83,Excitement,1,1,1,4.56097561,3.144578313,3.463414634,0,0,True
excitement_new_14.jpg,4.671428571,4.485714286,1.188405797,3.671428571,3.1,1.246376812,5.420289855,1.242857143,5.352112676,2.742857143,3.257142857,1.173913043,5.985915493,1.157142857,3.845070423,3.470588235,5.436619718,1.442857143,5.420289855,2.332638169,2.17857058,0.82738714,2.357359297,2.438519389,1.048890129,1.950910776,0.907867613,1.993550971,1.923807474,2.375513457,0.78509126,1.429215147,0.528484689,2.382363096,2.288652007,1.983736693,1.111673426,1.950910776,71,Excitement,1,1,1,5.985915493,3.845070423,5.436619718,0,1,True
excitement_new_15.jpg,3.759493671,3.1875,1.141025641,2.392405063,2.139240506,1.139240506,4.126582278,1.139240506,4.405063291,3.075949367,2.329113924,1.088607595,5.175,1.227848101,2.615384615,3.0,4.569620253,1.35443038,4.126582278,2.167446742,2.170537762,0.476032275,1.877107168,1.899623291,0.614653899,2.071584855,0.635169616,1.984032331,1.979200511,1.952785775,0.36479265,1.689693254,0.619126082,1.894837616,1.879485976,2.004376905,0.817092636,2.071584855,80,Excitement,1,1,1,5.175,2.615384615,4.569620253,0,0,True
excitement_new_16.jpg,3.742857143,3.869565217,1.130434783,2.057142857,1.914285714,1.071428571,4.371428571,2.557142857,3.914285714,2.7,2.0,1.194029851,5.057142857,1.285714286,3.2,2.471428571,3.9,2.043478261,4.371428571,2.417842578,2.319438595,0.512004236,1.76015245,1.700322707,0.353919199,2.154680975,2.019009043,2.185212868,1.928805292,1.769303474,0.701487726,1.902597114,0.744892895,2.210646177,1.831459611,2.147799683,1.850554628,2.154680975,70,Excitement,1,1,1,5.057142857,3.2,3.9,1,1,True
excitement_new_17.jpg,4.014285714,3.828571429,1.057971014,2.228571429,1.871428571,1.130434783,4.4,1.171428571,4.157142857,3.128571429,2.185714286,1.042857143,5.4,1.214285714,2.9,2.565217391,4.128571429,1.47826087,4.4,2.26179906,2.126243395,0.235400658,1.874090532,1.596385669,0.450915522,2.176288557,0.449522406,2.164507604,1.962853798,1.913285793,0.203997321,1.936678765,0.611314979,2.141041329,1.921077064,2.258134594,0.917296149,2.176288557,70,Excitement,1,1,1,5.4,2.9,4.128571429,0,1,True
excitement_new_17_midj_af.jpg,4.046153846,3.461538462,1.215384615,3.153846154,2.2,1.109375,4.876923077,1.276923077,5.123076923,2.769230769,3.184615385,1.307692308,5.830769231,1.215384615,3.046153846,3.446153846,4.984615385,1.476923077,4.876923077,2.374544491,2.229608451,0.819533169,2.286036207,2.00156189,0.403051358,1.94861884,0.857097068,1.798503652,2.074918905,2.297364711,0.998797354,1.682346118,0.672967024,2.203908242,2.264058643,2.168613524,1.32414704,1.94861884,65,Excitement,1,1,1,5.830769231,3.046153846,4.984615385,0,0,True
excitement_new_17_midj_as.jpg,3.46031746,3.015873016,1.222222222,2.322580645,1.80952381,1.349206349,4.031746032,1.301587302,4.5,3.015873016,2.380952381,1.142857143,5.265625,1.365079365,2.587301587,2.467741935,4.555555556,1.53968254,4.031746032,2.108549393,1.853436768,0.791984939,2.014490079,1.749259224,0.88278756,2.015810523,0.854493259,1.910705014,1.773388078,2.074643937,0.563890371,1.783897886,0.90342694,1.922992633,1.835155257,2.219980949,1.25499514,2.015810523,64,Excitement,1,1,1,5.265625,2.587301587,4.555555556,0,0,True
excitement_new_17_midj_euna.jpg,3.888888889,3.857142857,1.209677419,2.53968254,1.904761905,1.174603175,4.142857143,1.163934426,4.765625,2.919354839,2.317460317,1.096774194,5.6875,1.222222222,3.174603175,2.603174603,4.951612903,1.317460317,4.142857143,2.207838756,2.070196678,0.680816693,2.038543098,1.802456082,0.610121155,1.776705386,0.489228231,1.65943371,1.849221255,1.96604562,0.348753162,1.435104111,0.682605172,2.036281261,1.809826961,1.841483893,0.819626131,1.776705386,64,Excitement,1,1,1,5.6875,3.174603175,4.951612903,0,0,True
excitement_new_17_midj_sa.jpg,3.538461538,2.859375,1.169230769,2.046153846,1.461538462,1.261538462,3.892307692,1.169230769,4.630769231,2.523076923,2.061538462,1.09375,5.630769231,1.25,2.3125,2.523076923,4.523076923,1.553846154,3.892307692,2.208484513,2.144518205,0.546844093,1.744910181,1.18686724,0.796023772,2.151475344,0.651182357,1.875576834,1.733022038,1.801708591,0.461837256,1.700819938,0.712696645,1.815934759,1.750961274,2.22982407,1.392286443,2.151475344,65,Excitement,1,1,1,5.630769231,2.3125,4.523076923,0,0,True
excitement_new_19.jpg,3.837837838,4.054794521,1.175675676,1.851351351,1.97260274,1.136986301,4.635135135,3.32,3.648648649,3.175675676,2.135135135,1.202702703,5.082191781,1.835616438,2.861111111,2.295774648,3.777777778,2.662162162,4.635135135,1.923374795,2.133661504,0.557836037,1.660850025,1.683024747,0.693522981,1.905826138,1.84654535,1.793690864,1.746684594,1.79286504,0.618875023,1.525281619,1.105713679,1.930522483,1.854680305,1.915262805,1.960409707,1.905826138,75,Excitement,1,1,1,5.082191781,2.861111111,3.777777778,0,1,True
excitement_new_2.jpg,4.414285714,4.014285714,1.202898551,2.855072464,2.371428571,1.257142857,4.521126761,2.52173913,4.271428571,3.2,2.742857143,1.428571429,5.183098592,1.757142857,3.6,2.4,4.169014085,2.342857143,4.521126761,2.299923484,1.981749024,0.884169769,2.164386629,2.037129471,0.828578568,1.896305844,1.79549023,2.035350118,2.061377055,2.151411497,1.280527841,1.505322549,1.256123716,2.176288557,1.788854382,2.035302122,1.83275918,1.896305844,71,Excitement,1,1,1,5.183098592,3.6,4.169014085,0,1,True
excitement_new_20.jpg,3.837837838,3.917808219,1.109589041,1.851351351,1.513513514,1.164383562,4.44,2.689189189,3.684931507,2.918918919,1.932432432,1.256756757,4.824324324,1.698630137,3.236111111,2.205479452,3.767123288,2.452054795,4.44,2.340981102,2.289792717,0.42692843,1.584880899,1.326683405,0.850060433,2.163830437,1.766706367,2.094150002,2.098641157,1.792916665,1.034484993,1.867956968,1.27676818,2.139455344,1.674638469,2.078464631,1.848731516,2.163830437,75,Excitement,1,1,1,4.824324324,3.236111111,3.767123288,1,1,True
excitement_new_21.jpg,3.918918919,4.067567568,1.166666667,1.716216216,1.594594595,1.068493151,4.621621622,3.202702703,3.418918919,2.810810811,1.561643836,1.189189189,4.611111111,1.851351351,3.191780822,1.945945946,3.662162162,2.283783784,4.621621622,2.143845966,2.128290079,0.650027085,1.548488174,1.461083468,0.384735375,1.956392422,1.9583312,1.90893183,2.018243341,1.404222812,0.770619315,1.732502509,1.420808495,2.125621048,1.662576742,2.069193656,1.779027518,1.956392422,75,Excitement,1,1,1,4.611111111,3.191780822,3.662162162,0,1,True
excitement_new_22.jpg,4.6,4.231884058,1.242857143,3.294117647,2.457142857,1.376811594,5.042253521,1.405797101,4.971830986,3.071428571,3.1,1.271428571,5.901408451,1.357142857,3.557142857,2.871428571,5.085714286,1.8,5.042253521,2.059970451,2.030248663,0.690215557,2.285965119,2.026532087,0.925162136,1.862690985,0.944314887,1.780624537,2.016751791,2.214248981,0.797122153,1.503851527,0.79919732,2.269110241,2.105351556,2.026940703,1.460593487,1.862690985,71,Excitement,1,1,1,5.901408451,3.557142857,5.085714286,0,1,True
excitement_new_22_midj_af.jpg,4.311827957,3.879120879,1.263736264,3.559139785,2.47311828,1.258064516,4.870967742,1.172043011,5.11827957,2.902173913,3.602150538,1.163043478,5.870967742,1.344086022,2.860215054,3.445652174,5.150537634,1.569892473,4.870967742,2.141608978,2.240214101,0.89237716,2.388661466,2.219436855,0.792673322,1.940561362,0.618969268,1.8757576,2.016741919,2.364317095,0.667571849,1.505250279,0.961143156,1.885824683,2.066818601,2.08486386,1.33837872,1.940561362,93,Excitement,1,1,1,5.870967742,2.860215054,5.150537634,0,0,True
excitement_new_22_midj_as.jpg,3.820895522,3.194029851,1.196969697,2.880597015,2.223880597,1.298507463,4.411764706,1.179104478,4.666666667,3.373134328,2.71641791,1.106060606,5.560606061,1.318181818,2.939393939,2.848484848,4.727272727,1.484848485,4.411764706,2.131476748,2.083403436,0.613180786,2.266504371,1.865320636,1.015261205,1.894495515,0.601144694,1.908147175,1.913554688,2.144803234,0.434255787,1.51026017,0.844148928,1.928560945,1.808036966,1.981028906,1.126497967,1.894495515,68,Excitement,1,1,1,5.560606061,2.939393939,4.727272727,0,0,True
excitement_new_22_midj_euna.jpg,3.835820896,3.402985075,1.179104478,2.636363636,2.119402985,1.439393939,4.611940299,1.179104478,4.298507463,3.28358209,2.611940299,1.074626866,5.484848485,1.257575758,3.074626866,2.640625,4.686567164,1.787878788,4.611940299,2.078730782,2.13952488,0.601144694,2.102279815,1.973478609,0.896639673,2.029742661,0.548423999,2.007674106,1.848881481,2.052014708,0.316870724,1.571304448,0.535238439,1.979542592,1.880283561,2.083186336,1.441315121,2.029742661,68,Excitement,1,1,1,5.484848485,3.074626866,4.686567164,0,1,True
excitement_new_22_midj_sa.jpg,3.358024691,3.0375,1.230769231,2.925925926,2.024691358,1.197530864,3.827160494,1.111111111,4.407407407,3.049382716,2.3125,1.074074074,5.728395062,1.259259259,2.938271605,2.740740741,4.851851852,1.444444444,3.827160494,2.175480648,2.034162347,0.851630627,2.251542681,1.890603797,0.812707713,2.048109637,0.418330013,1.862644476,2.235515794,1.893317696,0.411636301,1.549292949,0.89131613,2.11746121,1.979758683,2.000694324,1.118033989,2.048109637,81,Excitement,1,1,1,5.728395062,2.938271605,4.851851852,0,0,True
excitement_new_4.jpg,3.986486486,4.148648649,1.123287671,1.77027027,1.567567568,1.191780822,4.297297297,3.493333333,3.561643836,2.594594595,1.643835616,1.337837838,4.546666667,1.905405405,3.202702703,1.932432432,3.608108108,2.693333333,4.297297297,2.260399063,2.104674721,0.498475606,1.503851651,1.355668779,0.860515579,1.841156052,2.088406436,2.027493673,1.936802328,1.475445912,1.024053549,1.780474681,1.346420103,2.138875199,1.455561663,2.032729237,2.039961137,1.841156052,75,Excitement,1,1,1,4.546666667,3.202702703,3.608108108,0,1,True
excitement_new_5.jpg,3.757142857,3.753623188,1.176470588,2.028571429,1.714285714,1.057142857,4.557142857,3.628571429,3.8,2.257142857,1.985714286,1.185714286,4.814285714,1.885714286,3.4,2.057142857,3.661764706,3.085714286,4.557142857,2.324636261,2.178813743,0.689823176,1.710762425,1.580156451,0.233791328,1.997358504,2.194666979,2.164268461,1.691288115,1.646188898,0.546208463,1.943348799,1.357137409,2.324413593,1.667122091,2.134369033,2.307786801,1.997358504,70,Excitement,1,1,1,4.814285714,3.4,3.661764706,1,1,True
excitement_new_5_midj_af.jpg,4.341772152,3.658227848,1.341772152,3.101265823,2.443037975,1.25974026,4.679487179,2.772151899,4.379746835,2.923076923,2.734177215,1.346153846,5.025316456,1.721518987,3.17721519,2.696202532,3.632911392,2.632911392,4.679487179,2.141686826,2.105463442,1.023894976,2.245193937,2.067742702,0.965218784,1.930571477,1.967357769,1.969666101,1.778436719,2.048819928,1.148990783,1.914684707,1.197612035,2.158819084,1.903804763,2.179021276,1.889086166,1.930571477,79,Excitement,1,1,1,5.025316456,3.17721519,3.632911392,0,1,True
excitement_new_5_midj_as.jpg,4.04,3.733333333,1.346666667,2.32,1.96,1.256756757,4.56,3.453333333,3.932432432,2.4,2.108108108,1.24,5.053333333,1.693333333,3.053333333,2.013513514,3.853333333,2.693333333,4.56,2.183723574,2.139293476,1.0842027,1.693868114,1.680090088,0.937218426,1.868949698,1.967941257,1.815693242,1.716375817,1.626556726,0.732267858,1.739006654,1.138673165,2.098218893,1.530451122,1.997926853,1.830472789,1.868949698,75,Excitement,1,1,1,5.053333333,3.053333333,3.853333333,0,1,True
excitement_new_5_midj_euna.jpg,3.451219512,3.481481481,1.207317073,2.024390244,1.93902439,1.243902439,4.771084337,2.975,4.024390244,2.536585366,2.012195122,1.12195122,5.085365854,1.707317073,3.192771084,2.268292683,3.658536585,2.914634146,4.771084337,2.091443113,1.969207398,0.680192509,1.547404117,1.694927516,0.824935098,2.038204023,2.116690754,2.078553686,1.722724815,1.621566857,0.39722009,1.75823438,1.201725148,2.166585666,1.937599256,2.019775762,2.062009205,2.038204023,83,Excitement,1,1,1,5.085365854,3.192771084,3.658536585,0,1,True
excitement_new_5_midj_sa.jpg,3.817073171,3.634146341,1.209876543,2.329268293,1.987804878,1.109756098,4.353658537,2.506024096,4.085365854,2.865853659,2.134146341,1.170731707,5.146341463,1.475609756,3.06097561,2.780487805,3.963414634,2.365853659,4.353658537,2.357693206,2.105326549,0.87629974,1.778158835,1.829078581,0.415920742,2.014588468,1.876513984,1.912926912,1.922974773,1.817352539,0.716729163,1.722200367,1.146391114,2.038805999,1.981546909,2.015036819,1.760416583,2.014588468,83,Excitement,1,1,1,5.146341463,3.06097561,3.963414634,0,1,True
excitement_new_6.jpg,3.142857143,2.885714286,1.228571429,2.362318841,2.014492754,1.157142857,3.585714286,1.391304348,3.371428571,3.814285714,1.927536232,1.157142857,4.7,1.3,2.657142857,2.6,4.085714286,1.685714286,3.585714286,2.175527351,1.996684623,0.764643112,1.955166718,1.684643038,0.60518806,2.136588484,0.894713088,2.147944272,2.221716644,1.584101532,0.438565325,2.162593719,0.804876442,1.816875119,1.820972825,2.237641468,1.419765822,2.136588484,70,Excitement,1,1,1,4.7,2.657142857,4.085714286,0,0,True
excitement_new_7.jpg,3.16,3.053333333,1.333333333,1.6,1.213333333,1.213333333,3.453333333,2.12,2.581081081,3.706666667,1.648648649,1.306666667,3.946666667,2.066666667,2.28,2.013513514,3.12,2.445945946,3.453333333,1.952406692,2.046046506,0.859499121,1.559625735,0.889781834,0.722109023,2.035451562,1.593568153,1.872707781,2.264731553,1.465890093,0.884908505,1.851904304,1.491718883,1.812568731,1.583244832,2.026580131,1.814265328,2.035451562,75,Excitement,1,1,1,3.946666667,2.28,3.12,0,0,True
excitement_new_8.jpg,3.227848101,4.064102564,1.303797468,2.35443038,1.860759494,1.126582278,3.518987342,1.582278481,3.35443038,3.5375,2.384615385,1.265822785,4.886075949,1.346153846,2.556962025,2.8625,3.46835443,1.873417722,3.518987342,2.08750475,2.015135867,0.852664457,1.874511729,1.630904871,0.46318542,2.062241496,1.21536736,1.846951575,2.037271382,1.922057672,0.7460814,1.671689931,0.717624564,1.926514292,1.791285162,2.15332446,1.462059389,2.062241496,80,Excitement,1,1,1,4.886075949,2.556962025,3.46835443,0,0,True
excitement_new_9.jpg,3.728571429,4.029850746,1.285714286,1.826086957,1.842857143,1.128571429,4.157142857,3.685714286,3.314285714,2.942857143,1.814285714,1.214285714,4.471428571,1.857142857,3.542857143,1.9,3.257142857,3.042857143,4.157142857,2.119074371,2.074156632,0.819028359,1.464848132,1.519302989,0.536262659,2.103383846,2.236345733,1.814138172,1.88730092,1.427401177,0.634579791,1.931594135,1.277290092,2.332416265,1.436077589,2.096827931,2.255015115,2.103383846,70,Excitement,1,1,1,4.471428571,3.542857143,3.257142857,0,1,True
1120_midj.jpg,1.636363636,2.507462687,1.878787879,1.454545455,1.196969697,3.303030303,1.924242424,5.454545455,1.430769231,1.880597015,1.5,1.892307692,2.015151515,4.46969697,2.910447761,1.454545455,1.369230769,5.712121212,5.454545455,1.474254582,1.769892432,1.776038388,1.152680063,0.769009292,2.28688365,1.44978095,1.954732468,1.103534531,1.343022237,1.112861869,1.715035321,1.386666443,2.268308058,2.227455018,1.152680063,1.097856303,2.043866257,1.954732468,67,Fear,0,1,0,4.46969697,2.910447761,5.712121212,1,1,True
1930_midj.jpg,2.088607595,3.341772152,2.151898734,1.371794872,1.243589744,2.860759494,2.17721519,5.405063291,1.423076923,1.949367089,1.405063291,2.291139241,1.730769231,4.679487179,2.857142857,1.415584416,1.641025641,5.615384615,5.405063291,1.673242464,2.123652369,1.762054509,0.954945764,0.741810657,1.919763455,1.646748885,1.836377338,1.013150298,1.457946696,0.940798724,1.875290738,1.124382392,1.875983481,2.138089935,1.139605765,1.338484887,1.87416315,1.836377338,79,Fear,0,1,0,4.679487179,2.857142857,5.615384615,1,1,True
2770_midj.jpg,2.890410959,2.819444444,1.902777778,1.625,1.611111111,2.75,2.597222222,3.625,2.056338028,2.732394366,1.527777778,2.260273973,2.888888889,3.541666667,2.458333333,1.736111111,2.611111111,3.722222222,3.625,2.017710775,1.937955863,1.521301539,1.418564043,1.458878168,1.941032105,1.789324542,1.902092991,1.557354203,1.764391813,1.255660112,1.863594177,1.804185709,2.02753927,1.677838146,1.233260371,1.788504415,2.097766903,1.902092991,73,Fear,0,1,0,3.541666667,2.458333333,3.722222222,0,1,True
2811_midj.jpg,1.487804878,2.292682927,3.55,1.160493827,1.109756098,3.8375,1.50617284,4.780487805,1.234567901,1.888888889,1.333333333,3.456790123,1.271604938,5.625,2.259259259,1.182926829,1.195121951,5.646341463,4.780487805,1.316972796,1.93402162,2.043204235,0.459804038,0.385095709,2.335438321,1.05027921,1.950146498,0.711891932,1.332291259,0.935414347,2.018968689,0.821771648,1.716450562,1.8826695,0.547227553,0.692802938,1.983711145,1.950146498,82,Fear,0,1,0,5.625,2.259259259,5.646341463,1,1,True
6250.1_midj.jpg,1.576923077,2.050632911,3.671052632,1.253164557,1.307692308,3.620253165,1.797468354,5.227848101,1.243589744,2.038461538,1.474358974,3.670886076,1.215189873,5.538461538,2.607594937,1.217948718,1.620253165,5.569620253,5.227848101,1.284464927,1.738690446,2.247298573,0.669258189,0.901768714,2.014713808,1.505372829,2.037780134,0.741810657,1.647054101,1.065691154,2.182221398,0.633890836,1.814031226,2.162724549,0.677033942,1.398752168,2.067350244,2.037780134,79,Fear,0,1,0,5.538461538,2.607594937,5.569620253,1,1,True
6250.1_midj_af.jpg,1.670886076,2.392405063,4.538461538,1.278481013,1.35443038,4.038461538,1.46835443,5.607594937,1.227848101,1.949367089,1.615384615,4.448717949,1.417721519,5.886075949,2.358974359,1.371794872,1.294871795,5.784810127,5.607594937,1.456387513,2.059485382,2.166404093,0.799626657,1.121331337,2.332393607,1.289359243,1.957351177,0.815701163,1.716426925,1.311594343,2.219438538,1.297014273,1.739343685,2.070035817,1.140846967,0.884336634,2.029720747,1.957351177,79,Fear,0,1,0,5.886075949,2.358974359,5.784810127,0,1,True
6250.1_midj_as.jpg,1.733333333,2.106666667,3.64,1.2,1.333333333,3.666666667,1.813333333,5.078947368,1.253333333,1.96,1.32,3.293333333,1.373333333,5.813333333,2.84,1.306666667,1.6,5.763157895,5.078947368,1.388498444,1.728718736,2.215669016,0.677834389,0.827456757,2.225972811,1.312037134,1.874482385,0.736928126,1.389536185,0.932303164,2.135753132,0.911982298,1.485909798,2.040402716,0.869503327,1.252025386,1.97901269,1.874482385,76,Fear,0,1,0,5.813333333,2.84,5.763157895,1,1,True
6250.1_midj_euna.jpg,1.987012987,2.407894737,3.688311688,1.181818182,1.285714286,3.688311688,2.447368421,5.350649351,1.233766234,1.766233766,1.285714286,3.61038961,1.373333333,5.789473684,2.986842105,1.36,1.473684211,5.539473684,5.350649351,1.810012405,2.00118386,2.147579667,0.683013307,0.840694307,2.190047706,1.821316277,1.847945045,0.705170825,1.316855344,0.792350648,2.231095106,0.897042187,1.481582843,2.15711796,0.967582666,1.280350829,2.03594885,1.847945045,77,Fear,0,1,0,5.789473684,2.986842105,5.539473684,1,1,True
6250.1_midj_sa.jpg,1.506493506,1.974025974,3.727272727,1.103896104,1.272727273,3.961038961,2.0,5.487179487,1.213333333,1.74025974,1.220779221,3.532467532,1.155844156,6.155844156,2.909090909,1.381578947,1.545454545,6.153846154,5.487179487,1.083650952,1.613871008,2.174229226,0.347336315,0.754571395,2.11785367,1.58113883,1.75620303,0.703146083,1.321906492,0.553062684,2.149567983,0.399504136,1.203776241,1.994609962,1.107153771,1.175914589,1.52108064,1.75620303,78,Fear,0,1,0,6.155844156,2.909090909,6.153846154,1,1,True
6370_midj.jpg,1.904109589,2.388888889,2.75,1.486111111,1.597222222,3.506849315,1.767123288,4.972222222,1.5,2.138888889,1.486111111,2.794520548,1.547945205,5.263888889,2.694444444,1.472222222,1.472222222,6.013888889,4.972222222,1.741362681,2.017916619,2.040091133,1.40414934,1.359988838,2.273783482,1.389649716,1.853601156,1.267136063,1.559212112,1.321470111,1.950490708,1.280636733,1.95724048,1.96188246,1.198264264,1.321248047,1.587744042,1.853601156,73,Fear,0,1,0,5.263888889,2.694444444,6.013888889,1,1,True
6370_midj_af.jpg,2.083333333,2.566666667,3.491803279,1.475409836,1.466666667,3.704918033,1.459016393,5.114754098,1.295081967,2.133333333,1.426229508,3.566666667,1.810344828,4.983050847,3.237288136,1.440677966,1.93220339,5.406779661,5.114754098,1.778322068,2.053246018,2.210753648,1.1634225,1.141908404,2.223692592,0.923287071,1.853810136,0.666939835,1.721909333,0.990942588,2.360455764,1.330570337,1.852226297,2.144270498,1.11836066,1.710660356,1.867310846,1.853810136,61,Fear,0,1,0,4.983050847,3.237288136,5.406779661,1,1,True
6370_midj_as.jpg,1.910714286,2.035714286,2.625,1.339285714,1.482142857,2.053571429,2.181818182,3.719298246,1.410714286,2.672727273,1.309090909,2.403846154,2.267857143,3.607142857,2.267857143,1.660714286,2.392857143,3.561403509,3.719298246,1.528835394,1.439245834,1.968501969,0.85868368,1.15979734,1.731207071,1.645317813,1.943435709,0.848030568,1.816126785,0.76673254,1.763014524,1.519462482,2.015201965,1.612350869,1.268883342,1.913384165,2.187770749,1.943435709,57,Fear,0,1,0,3.607142857,2.267857143,3.561403509,0,1,True
6370_midj_euna.jpg,1.768115942,2.338235294,2.434782609,1.376811594,1.485294118,2.188405797,1.927536232,3.811594203,1.449275362,2.52173913,1.235294118,2.235294118,1.926470588,4.147058824,2.52238806,1.308823529,1.47761194,4.25,3.811594203,1.373541232,1.706968108,1.727615331,0.909127721,1.215480337,1.742845563,1.396622402,1.987278381,1.118510458,1.659276026,0.693630876,1.621843866,1.319386747,1.902588228,1.836978819,0.717735929,0.974807035,1.972762288,1.987278381,69,Fear,0,1,0,4.147058824,2.52238806,4.25,0,1,True
6370_midj_sa.jpg,1.771428571,2.285714286,2.536231884,1.275362319,1.228571429,2.142857143,1.885714286,4.056338028,1.271428571,2.68115942,1.323529412,2.402985075,1.714285714,4.185714286,2.628571429,1.3,1.671428571,4.577464789,4.056338028,1.524404646,1.737421521,1.859630815,0.683504335,0.684643747,1.679248575,1.367774635,1.992036459,0.63523198,1.966579246,0.937465247,1.732572981,1.16895664,1.905695941,1.897148345,0.622058294,1.259415882,2.175591689,1.992036459,71,Fear,0,1,0,4.185714286,2.628571429,4.577464789,1,1,True
a002_midj.jpg,1.78313253,2.096385542,2.228915663,1.963855422,1.457831325,3.963855422,1.771084337,3.337349398,1.518072289,2.402439024,2.073170732,2.768292683,2.096385542,4.373493976,2.195121951,1.451219512,2.21686747,4.084337349,3.337349398,1.325621739,1.64253268,1.762241513,1.468745799,1.051145772,1.902795012,1.300331114,2.01988353,1.040185792,1.578088828,1.676124924,2.008001159,1.38471145,1.826036915,1.628746579,0.891003582,1.703999547,1.995145445,2.01988353,83,Fear,0,1,0,4.373493976,2.195121951,4.084337349,0,0,True
animals_076_v_midj.jpg,1.714285714,2.3,2.691176471,1.542857143,1.485714286,2.714285714,1.623188406,5.042253521,1.457142857,2.114285714,1.657142857,2.342857143,1.652173913,4.637681159,2.68115942,1.441176471,1.463768116,5.757142857,5.042253521,1.425877377,1.906130461,2.131899531,1.3042374,1.282466568,2.099985211,1.329544916,1.792337817,1.150749148,1.592945109,1.284079937,1.824834432,1.160959124,1.73180469,2.047184247,1.124786586,1.231685958,1.88384216,1.792337817,71,Fear,0,1,0,4.637681159,2.68115942,5.757142857,1,1,True
animals_076_v_midj_af.jpg,3.292307692,3.953125,1.890625,2.03125,1.703125,1.634920635,3.09375,4.712121212,2.5,2.741935484,2.171875,1.666666667,3.415384615,3.484375,2.4375,1.765625,2.234375,4.636363636,4.712121212,2.296213438,1.979495587,1.381478246,1.680596549,1.465797226,1.140197879,1.908367124,2.081162039,1.652319197,1.697978392,1.599153422,1.307546335,1.927533298,2.093013226,1.707825128,1.433634381,1.761512585,2.284640107,2.081162039,66,Fear,0,1,0,3.484375,2.4375,4.636363636,1,1,True
animals_076_v_midj_as.jpg,2.615384615,3.657894737,1.792207792,1.641025641,1.402597403,1.493506494,2.818181818,3.935897436,2.157894737,2.883116883,1.833333333,1.486842105,3.0,3.090909091,2.460526316,1.727272727,2.038961039,4.168831169,3.935897436,1.752406651,1.815140998,1.341029282,1.28905844,0.976833502,0.968223776,1.683724511,2.097244597,1.414709691,1.512874799,1.436234856,1.026234815,1.758098146,1.857997069,1.83623375,1.176931376,1.584809124,2.2147983,2.097244597,78,Fear,0,1,0,3.090909091,2.460526316,4.168831169,0,1,True
animals_076_v_midj_euna.jpg,1.88,2.608108108,2.306666667,1.533333333,1.324324324,2.8,1.96,4.960526316,1.506666667,2.405405405,1.608108108,2.135135135,2.12,4.689189189,2.466666667,1.293333333,1.405405405,5.394736842,4.960526316,1.497385108,1.907573712,1.700344427,1.222904532,0.742231144,2.059913407,1.492684866,1.769676351,1.05744891,1.51629432,1.10809682,1.52893843,1.61043892,1.827684182,1.718998242,0.911982298,0.890111874,1.86960921,1.769676351,76,Fear,0,1,0,4.689189189,2.466666667,5.394736842,1,1,True
animals_076_v_midj_sa.jpg,3.0,3.455882353,1.447761194,2.029411765,1.397058824,1.485294118,3.205882353,3.088235294,2.671641791,3.088235294,2.205882353,1.5,3.441176471,2.514705882,2.373134328,1.925373134,2.617647059,3.338235294,3.088235294,2.022264137,1.880249456,0.973646412,1.525608156,0.979486705,0.96957672,1.865306373,1.742663034,1.787058356,1.681641825,1.662212368,0.845804124,1.839714067,1.740583596,1.603365975,1.385131356,1.564812819,2.00454926,1.742663034,68,Fear,0,1,0,2.514705882,2.373134328,3.338235294,0,0,True
fear_new_1.jpg,1.928571429,2.385714286,3.128571429,1.428571429,1.242857143,4.085714286,1.914285714,5.323943662,1.371428571,2.130434783,1.685714286,3.826086957,1.478873239,5.571428571,2.614285714,1.342857143,1.971428571,5.753623188,5.323943662,1.670905583,1.905695941,1.992168934,0.971647765,0.710902963,1.998135777,1.491452528,1.547113883,0.764643112,1.504043995,1.489507818,2.121018913,0.923644256,1.565677411,2.00934669,0.832069435,1.825515044,1.71846201,1.547113883,71,Fear,0,1,0,5.571428571,2.614285714,5.753623188,0,1,True
fear_new_2.jpg,1.314285714,1.428571429,2.956521739,1.042857143,1.132352941,4.628571429,1.785714286,4.571428571,1.085714286,2.271428571,1.357142857,3.357142857,1.371428571,5.471428571,2.557142857,1.202898551,1.485714286,5.371428571,4.571428571,0.909576381,1.123806015,2.277994362,0.203997321,0.689027256,2.147944272,1.492909397,2.230041454,0.281962951,1.992168934,1.228121156,2.425921097,0.887455711,1.961376539,2.144326618,0.739230724,1.212768508,2.329218495,2.230041454,70,Fear,0,1,0,5.471428571,2.557142857,5.371428571,0,0,True
fear_new_3.jpg,3.058823529,3.544117647,1.571428571,2.371428571,2.1,1.971428571,3.285714286,3.985507246,2.68115942,3.257142857,2.449275362,2.7,3.289855072,3.557142857,2.855072464,2.926470588,2.955882353,3.971014493,3.985507246,2.177787135,1.942715621,1.015409228,1.94244302,1.794920369,1.403633262,1.986496859,1.95156614,2.089840647,1.968488821,2.054666367,1.705489857,2.122023516,1.975470696,2.009355781,2.024596341,2.119094594,2.274998478,1.95156614,71,Fear,0,1,0,3.557142857,2.855072464,3.971014493,0,1,True
fear_new_4.jpg,1.613333333,2.013333333,1.662162162,1.226666667,1.04,2.36,1.92,5.12,1.146666667,1.986666667,1.162162162,2.824324324,1.493333333,5.253333333,2.24,1.133333333,1.52,5.52,5.12,1.374412241,1.664358762,1.185263707,0.727330055,0.197278785,1.673643057,1.531295159,1.992960585,0.511841755,1.235656444,0.497308565,2.009280578,1.131530097,1.966567412,1.944083193,0.445194562,1.349274079,2.250285267,1.992960585,75,Fear,0,1,0,5.253333333,2.24,5.52,1,1,True
fear_new_5.jpg,1.828571429,2.028571429,1.942857143,1.457142857,1.214285714,2.242857143,2.057142857,4.8,1.333333333,2.342857143,1.557142857,2.857142857,1.928571429,4.492753623,2.956521739,1.414285714,1.857142857,4.514285714,4.8,1.560113602,1.702269828,1.675792819,0.958345711,0.69974855,1.805271783,1.605116044,1.923161648,0.902067342,1.816875119,1.303681679,2.016495125,1.535298947,2.097780258,2.089432674,0.908779356,1.48700374,2.218125969,1.923161648,70,Fear,0,1,0,4.492753623,2.956521739,4.514285714,1,1,True
fear_new_5_midj_af.jpg,2.012658228,2.392405063,1.810126582,1.848101266,1.346153846,1.873417722,1.797468354,3.602564103,1.594936709,2.615384615,1.835443038,2.784810127,2.569620253,3.278481013,2.291139241,1.896103896,2.481012658,3.518987342,3.602564103,1.857028719,1.842641092,1.51974989,1.528268734,0.894818027,1.588153973,1.417651967,2.152254895,1.235365485,1.846237094,1.418109791,2.048582287,1.865225251,2.025078086,1.909167484,1.577676636,1.838761843,2.177158578,2.152254895,79,Fear,0,1,0,3.278481013,2.291139241,3.518987342,0,1,True
fear_new_5_midj_as.jpg,1.933333333,2.213333333,1.773333333,1.635135135,1.466666667,1.88,2.133333333,4.16,1.506666667,2.453333333,1.662162162,2.093333333,2.662162162,3.364864865,2.256756757,1.608108108,2.310810811,4.013513514,4.16,1.571136044,1.734337893,1.25819834,1.438933436,1.18929156,1.488333005,1.6711651,1.903339881,1.082705986,1.81057952,1.138095345,1.802200857,1.822816029,1.700719625,1.88767314,1.191494602,1.774443194,2.109945421,1.903339881,75,Fear,0,1,0,3.364864865,2.256756757,4.013513514,1,1,True
fear_new_5_midj_euna.jpg,1.5,1.841463415,1.555555556,1.451219512,1.219512195,1.585365854,1.864197531,3.686746988,1.402439024,3.341463415,1.585365854,1.829268293,2.426829268,3.463414634,2.65060241,1.597560976,2.353658537,3.888888889,3.686746988,1.219694356,1.590632394,1.183215957,1.187927327,0.609075199,1.07670301,1.5791856,1.968828492,0.940970816,2.167205131,1.378415798,1.3590563,1.64827248,1.8066757,1.837507159,1.075653762,1.766435703,2.103568397,1.968828492,83,Fear,0,1,0,3.463414634,2.65060241,3.888888889,0,1,True
fear_new_5_midj_sa.jpg,1.902439024,2.56097561,1.646341463,1.5,1.219512195,2.037037037,1.93902439,4.361445783,1.407407407,2.597560976,1.634146341,1.810126582,2.573170732,3.609756098,2.771084337,1.475609756,2.414634146,4.170731707,4.361445783,1.56827936,1.892790487,1.280161556,1.113885425,0.786057364,1.720787933,1.5262927,2.069395536,1.092906421,1.720319781,1.478339034,1.62572232,1.670591584,1.884020508,1.995881743,0.958723557,1.858920565,2.237750624,2.069395536,83,Fear,0,1,0,3.609756098,2.771084337,4.170731707,1,1,True
fear_new_6.jpg,1.442857143,1.797101449,2.657142857,1.242857143,1.188405797,3.304347826,1.9,5.314285714,1.228571429,2.271428571,1.3,3.086956522,1.385714286,5.657142857,2.971428571,1.242857143,1.285714286,5.714285714,5.314285714,1.001964943,1.490950251,2.13246618,0.668888637,0.549742248,2.164583562,1.580221962,1.930253848,0.684643747,1.902869142,0.968339382,2.084530773,0.839130971,1.824834432,2.252029221,0.64685895,0.68403867,1.979187779,1.930253848,70,Fear,0,1,0,5.657142857,2.971428571,5.714285714,1,1,True
fear_new_7.jpg,1.506329114,2.189873418,2.620253165,1.721518987,1.329113924,3.683544304,1.782051282,5.0875,1.265822785,2.063291139,1.782051282,4.088607595,1.291139241,5.670886076,2.632911392,1.35443038,1.810126582,4.974683544,5.0875,1.096304021,1.805092152,1.903463762,1.38616524,0.843094407,2.009875004,1.135580816,1.75162673,0.7460814,1.284441135,1.525943914,2.143504639,0.558199917,1.447557793,2.045490445,0.906358941,1.553127113,2.171934524,1.75162673,80,Fear,0,1,0,5.670886076,2.632911392,4.974683544,0,1,True
fear_new_8.jpg,1.875,2.355263158,3.253164557,1.329113924,1.487179487,3.64556962,2.303797468,4.506329114,1.379746835,2.743589744,1.525641026,3.417721519,1.556962025,5.101265823,2.430379747,1.35443038,1.797468354,4.835443038,4.506329114,1.256627997,1.801510088,1.964220694,0.81211214,1.053671253,2.044617541,1.596104476,2.018335299,0.739088098,1.693654294,1.192229811,2.003891054,0.943898564,1.864616113,1.795175474,0.734462557,1.304624387,2.144942649,2.018335299,80,Fear,0,1,0,5.101265823,2.430379747,4.835443038,1,1,True
fear_new_9.jpg,1.962025316,2.544303797,1.949367089,1.582278481,1.189873418,1.683544304,2.443037975,5.050632911,1.64556962,2.329113924,1.556962025,2.164556962,2.202531646,4.126582278,3.025316456,1.329113924,1.582278481,5.1,5.050632911,1.612793706,1.781654866,1.48409287,1.150335458,0.455055628,1.316018703,1.692720731,1.753375749,1.15512209,1.465164023,1.071146468,1.636368554,1.381004343,1.963559618,1.980512,0.654795309,1.081399792,2.275905718,1.753375749,80,Fear,0,1,0,4.126582278,3.025316456,5.1,1,1,True
neghighsoc_24_midj.jpg,1.506024096,1.915662651,3.409638554,1.397590361,1.296296296,3.277108434,1.65060241,4.855421687,1.277108434,1.707317073,1.373493976,4.168674699,1.361445783,5.638554217,2.21686747,1.337349398,1.578313253,5.34939759,4.855421687,1.130222231,1.632033142,2.175451423,1.035230139,0.765578939,1.958802851,1.253616572,1.938899173,0.737716533,1.43576714,0.946248606,2.140317261,0.994844187,1.581742735,1.696827691,0.887269151,1.210930724,2.020828947,1.938899173,83,Fear,0,1,0,5.638554217,2.21686747,5.34939759,0,1,True
spider_052_midj.jpg,2.27027027,2.918918919,1.851351351,1.364864865,1.121621622,3.164383562,2.219178082,4.743243243,1.635135135,1.972972973,1.486486486,1.706666667,2.554054054,3.786666667,2.513513514,1.459459459,1.756756757,4.716216216,4.743243243,1.939476679,2.150226218,1.733493048,0.987238078,0.572251087,2.134463884,1.725998707,2.287912315,1.141668142,1.507724158,1.219063679,1.468344658,1.760618602,2.267832239,2.055685355,1.062295127,1.342771728,2.457977063,2.287912315,75,Fear,0,1,0,3.786666667,2.513513514,4.716216216,1,1,True
spider_069_midj.jpg,1.887096774,2.322580645,2.161290323,1.306451613,1.193548387,4.180327869,1.737704918,5.033333333,1.5,1.838709677,1.387096774,2.112903226,1.967741935,4.790322581,2.426229508,1.426229508,1.532258065,5.612903226,5.033333333,1.630697716,1.914347841,1.651562086,0.984947526,0.743026811,2.284062147,1.302582555,2.066411502,1.238057707,1.282844539,1.076649915,1.670425868,1.57820963,2.196398668,1.918845281,1.04017653,1.224313015,1.919313732,2.066411502,62,Fear,0,1,0,4.790322581,2.426229508,5.612903226,0,1,True
spider_069_midj_af.jpg,1.903225806,2.301075269,2.677419355,1.376344086,1.215053763,4.47311828,1.741935484,5.35483871,1.47311828,2.215053763,1.652173913,2.47311828,1.838709677,5.172043011,2.64516129,1.344086022,1.516129032,5.505376344,5.35483871,1.628980183,1.743216332,2.091189023,1.062339282,0.778089387,2.425370424,1.405758544,1.914732138,1.089389516,1.660601399,1.378283553,1.970386178,1.446813009,2.051635911,1.931687488,0.890708361,1.10937608,2.109108899,1.914732138,93,Fear,0,1,0,5.172043011,2.64516129,5.505376344,0,1,True
spider_069_midj_as.jpg,2.28358209,3.23880597,2.106060606,1.895522388,1.626865672,3.294117647,2.552238806,4.298507463,1.893939394,2.492537313,1.940298507,1.848484848,2.791044776,3.647058824,2.940298507,1.820895522,2.149253731,4.626865672,4.298507463,1.832418258,2.067713949,1.627917857,1.615590035,1.277258201,2.000438933,1.760540396,1.984904588,1.489747401,1.708917204,1.622573685,1.490920462,1.973593196,2.071589669,1.953090767,1.476332199,1.768869964,2.159095075,1.984904588,68,Fear,0,1,0,3.647058824,2.940298507,4.626865672,1,1,True
spider_069_midj_euna.jpg,2.343283582,2.52238806,2.358208955,1.656716418,1.439393939,3.985294118,2.134328358,5.014925373,1.692307692,2.507462687,1.686567164,2.223880597,2.179104478,4.432835821,3.089552239,1.537313433,1.402985075,5.544117647,5.014925373,1.674697972,1.743891581,1.856205747,1.26193981,1.15197206,2.15443068,1.565688177,1.902888851,1.171578488,1.803810229,1.328121882,1.799165594,1.696032564,2.024276007,2.079709648,1.034676911,0.922113867,1.911737691,1.902888851,68,Fear,0,1,0,4.432835821,3.089552239,5.544117647,1,1,True
spider_069_midj_sa.jpg,1.716049383,2.567901235,2.395061728,1.234567901,1.135802469,4.395061728,1.875,4.95,1.456790123,2.126582278,1.469135802,2.0875,1.790123457,4.49382716,2.543209877,1.382716049,1.5375,5.37037037,4.95,1.442520086,2.055105056,1.99799282,0.825705833,0.754206312,2.316673328,1.435314106,2.055557456,1.129705523,1.778555223,1.235783352,1.692827385,1.402819031,2.1972907,1.981472828,0.94297271,1.262344112,2.277303474,2.055557456,81,Fear,0,1,0,4.49382716,2.543209877,5.37037037,0,1,True
2347_midj.jpg,4.4,3.257142857,1.188405797,3.957142857,2.528571429,1.144927536,3.957142857,1.2,5.253521127,3.2,4.285714286,1.242857143,5.887323944,1.157142857,2.710144928,4.314285714,5.442857143,1.7,5.253521127,2.235419748,2.411841045,0.895665417,2.373987743,2.256850624,0.575871777,2.463858846,0.772723398,1.872494973,2.164268461,2.140992978,0.73100515,1.459445059,0.555231099,2.262881097,2.216818828,1.733186011,1.477855869,1.872494973,71,Joy,1,1,1,5.887323944,2.710144928,5.442857143,0,1,True
8461_midj.jpg,4.758064516,3.203389831,1.213114754,4.241935484,2.774193548,1.14516129,4.532258065,1.409836066,5.080645161,3.048387097,3.426229508,1.225806452,5.806451613,1.451612903,3.290322581,4.177419355,5.06557377,1.661290323,5.080645161,1.70520403,1.980766666,0.685924051,1.930645725,1.902710361,0.473797847,2.046330117,0.955284411,1.758337396,1.841483893,2.085337833,0.687579619,1.353062218,0.823376084,1.970163485,1.851221958,1.896214232,1.266770107,1.758337396,62,Joy,1,1,1,5.806451613,3.290322581,5.06557377,0,1,True
amusement_new_1.jpg,5.1,3.528571429,1.242857143,3.68115942,2.671428571,1.242857143,4.774647887,1.271428571,5.154929577,2.957142857,3.128571429,1.242857143,5.76056338,1.4,3.3,3.044117647,4.871428571,1.585714286,5.154929577,2.207694056,2.295057251,0.806418352,2.232729493,2.171764984,0.710902963,2.172537576,0.883363607,1.932044715,1.797225836,2.21929241,0.668888637,1.607702786,1.027167203,2.135619246,2.133134639,2.105351556,1.279638277,1.932044715,71,Joy,1,1,1,5.76056338,3.3,4.871428571,0,1,True
amusement_new_2.jpg,4.771428571,3.8,1.15942029,4.873239437,3.342857143,1.285714286,4.385714286,1.285714286,5.542857143,2.728571429,4.614285714,1.342857143,6.056338028,1.185714286,3.144927536,4.565217391,5.557142857,1.585714286,5.542857143,2.297897139,2.294290329,0.609319495,1.963448697,2.257905367,1.023532631,2.247658086,0.919086773,1.603309207,1.801138356,2.073244724,0.991057323,1.263637877,0.596921016,2.264011031,2.068519369,1.88538017,1.324166209,1.603309207,71,Joy,1,1,1,6.056338028,3.144927536,5.557142857,0,1,True
amusement_new_2_midj_af.jpg,4.62962963,3.8375,1.17721519,5.037037037,3.625,1.0875,4.625,1.1125,5.555555556,3.3,4.8875,1.1,6.2375,1.126582278,2.8,4.82278481,5.6375,1.329113924,5.555555556,2.088327348,2.195759723,0.780524046,2.153163048,2.367367817,0.482444986,2.177996989,0.355561599,1.673320053,2.064773871,2.128729044,0.408764734,1.116547005,0.370968539,2.046299531,1.865747212,1.794814965,0.970349118,1.673320053,81,Joy,1,1,1,6.2375,2.8,5.6375,0,1,True
amusement_new_2_midj_as.jpg,4.164179104,3.03030303,1.212121212,4.287878788,4.061538462,1.166666667,4.075757576,1.181818182,5.242424242,2.8,3.575757576,1.272727273,5.96969697,1.292307692,2.353846154,4.215384615,5.261538462,1.276923077,5.242424242,2.012062224,2.037869906,0.595241425,2.237891532,2.060619772,0.513909101,2.077799176,0.523570314,1.937965675,1.751784804,2.170151402,0.645587497,1.323976493,0.823921206,1.780368372,1.940459898,2.01771005,0.696143221,1.937965675,67,Joy,1,1,1,5.96969697,2.353846154,5.261538462,0,1,True
amusement_new_2_midj_euna.jpg,4.337662338,3.184210526,1.194805195,4.012987013,2.706666667,1.168831169,3.922077922,1.12987013,4.986842105,2.766233766,3.688311688,1.355263158,5.743589744,1.384615385,2.493506494,3.855263158,5.077922078,1.641025641,4.986842105,2.118902333,2.272798723,0.874175718,2.331102667,2.064980422,0.636656509,2.199080153,0.546535725,1.976484563,1.848869526,2.243468533,0.975758814,1.623175479,1.034857029,1.9373298,2.089363204,2.031114769,1.348152743,1.976484563,78,Joy,1,1,1,5.743589744,2.493506494,5.077922078,0,1,True
amusement_new_2_midj_sa.jpg,3.571428571,3.072289157,1.261904762,4.202380952,3.19047619,1.256097561,3.321428571,1.202380952,5.107142857,2.56097561,4.304878049,1.357142857,5.880952381,1.452380952,2.345238095,4.392857143,5.178571429,1.619047619,5.107142857,2.11298746,2.010843365,0.893336074,2.215932244,2.062144109,0.978925786,2.140604094,0.788161837,1.67919844,1.663682966,1.998079475,0.939659733,1.500239032,1.186315161,1.820194929,1.776810851,1.8894808,1.378883448,1.67919844,84,Joy,1,1,1,5.880952381,2.345238095,5.178571429,0,1,True
amusement_new_5.jpg,3.911392405,2.696202532,1.227848101,3.569620253,2.556962025,1.253164557,3.493670886,1.256410256,4.717948718,2.6125,3.101265823,1.379746835,5.594936709,1.215189873,2.333333333,3.544303797,4.886075949,1.594936709,4.717948718,2.088981309,2.089990985,0.815701163,1.985095388,1.985504105,0.823817792,2.099288144,0.691993121,1.801135543,1.753793357,2.109775396,1.180002145,1.523482745,0.547040665,1.784978203,1.985831017,2.019058817,1.235365485,1.801135543,80,Joy,1,1,1,5.594936709,2.333333333,4.886075949,1,1,True
amusement_new_6.jpg,4.371428571,3.072463768,1.057142857,3.3,2.271428571,1.128571429,3.739130435,1.228571429,4.557142857,2.857142857,2.757142857,1.231884058,5.542857143,1.228571429,2.544117647,3.8,4.826086957,1.442857143,4.557142857,2.227440388,2.302931895,0.233791328,2.228601953,1.925582378,0.50851955,2.233779269,0.569042638,2.004601332,2.1688554,2.324636261,0.71011448,1.870330625,0.569042638,1.840131594,2.025919008,2.202648952,1.150119266,2.004601332,70,Joy,1,1,1,5.542857143,2.544117647,4.826086957,0,1,True
amusement_new_7.jpg,4.4,3.101449275,1.114285714,3.347826087,2.414285714,1.171428571,3.971428571,1.185714286,4.594202899,3.0,2.985714286,1.260869565,5.47826087,1.188405797,2.492753623,3.391304348,4.710144928,1.449275362,4.594202899,2.038754948,2.143011402,0.362873282,2.228334164,2.032296175,0.480682744,2.186728273,0.596921016,1.942700066,1.926173649,2.216491922,0.559731393,1.787281008,0.600866098,1.960065938,1.949490064,2.094119563,0.866640435,1.942700066,70,Joy,1,1,1,5.47826087,2.492753623,4.710144928,0,1,True
amusement_new_8.jpg,4.471428571,2.637681159,1.057142857,2.471428571,1.842857143,1.114285714,3.842857143,1.130434783,4.428571429,3.485714286,2.260869565,1.073529412,5.542857143,1.2,2.571428571,3.405797101,4.608695652,1.442857143,4.428571429,2.048126953,1.962673855,0.233791328,1.823529215,1.460947819,0.733126265,2.130766442,0.380133238,2.184075625,1.815735226,1.828308234,0.262944093,1.750243994,0.627855794,1.937961192,1.734755794,2.115888016,0.987394673,2.184075625,70,Joy,1,1,1,5.542857143,2.571428571,4.608695652,0,0,True
joy_new_10.jpg,4.342857143,3.420289855,1.228571429,4.898550725,3.333333333,1.314285714,4.3,1.2,5.14084507,3.042857143,4.1,1.185714286,5.8,1.257142857,3.228571429,4.385714286,5.071428571,1.685714286,5.14084507,2.425024813,2.415670636,0.854170138,2.037479177,2.173819265,1.123437493,2.101414293,0.844419018,1.966111279,1.876133198,2.291445971,0.665786168,1.620520582,0.695445104,2.181419752,2.094110839,2.162402238,1.479745935,1.966111279,71,Joy,1,1,1,5.8,3.228571429,5.071428571,0,1,True
joy_new_10_midj_af.jpg,4.240506329,3.430379747,1.217948718,5.025316456,3.151898734,1.205128205,4.341772152,1.367088608,5.088607595,2.807692308,3.949367089,1.291139241,5.924050633,1.303797468,2.962025316,4.038461538,5.115384615,1.769230769,5.088607595,2.321666013,2.38415466,0.695951855,1.999837708,2.439465093,0.709105424,2.123652369,0.976351334,1.968924433,1.845019215,2.314384972,0.849613769,1.49161891,0.647568042,2.078232965,2.140774879,1.940549991,1.347658642,1.968924433,79,Joy,1,1,1,5.924050633,2.962025316,5.115384615,0,1,True
joy_new_10_midj_as.jpg,3.546666667,3.391891892,1.12,4.6,2.702702703,1.08,3.826666667,1.106666667,4.783783784,2.824324324,3.32,1.2,5.653333333,1.266666667,2.671232877,3.986666667,4.973333333,1.546666667,4.783783784,2.213553663,2.137836363,0.518834453,2.013468166,2.058924641,0.39455757,2.250365336,0.351573042,1.792451985,1.8825668,2.33168539,0.615124685,1.589605878,0.622404521,1.863798351,2.030133356,1.972605174,1.177415095,1.792451985,75,Joy,1,1,1,5.653333333,2.671232877,4.973333333,0,1,True
joy_new_10_midj_euna.jpg,3.62195122,3.074074074,1.097560976,4.168674699,2.817073171,1.097560976,3.925925926,1.135802469,4.865853659,3.024390244,3.207317073,1.280487805,5.592592593,1.231707317,2.358024691,3.913580247,4.759036145,1.536585366,4.865853659,2.111931092,2.143465522,0.511829353,2.218653058,2.138004428,0.433468814,2.149289288,0.467789654,1.929384186,1.981242968,2.248389299,0.984752776,1.723207603,0.85054493,1.811826716,2.104741854,2.17855603,1.135239377,1.929384186,83,Joy,1,1,1,5.592592593,2.358024691,4.759036145,0,1,True
joy_new_10_midj_sa.jpg,3.219512195,2.817073171,1.207317073,4.048192771,1.987654321,1.097560976,3.085365854,1.207317073,4.463414634,3.402439024,2.865853659,1.317073171,5.686746988,1.243902439,2.469135802,4.0,4.865853659,1.512195122,4.463414634,2.244468593,2.049559114,0.812522438,2.059502749,1.561200077,0.677864404,2.00124171,0.899077784,1.976373546,2.023685405,2.175975417,0.954237447,1.644856809,0.854342222,1.962692155,2.018433569,1.954811696,1.167924216,1.976373546,83,Joy,1,1,1,5.686746988,2.469135802,4.865853659,0,1,True
joy_new_11.jpg,3.898734177,3.088607595,1.230769231,3.164556962,2.53164557,1.153846154,4.113924051,1.46835443,4.575,2.684210526,2.582278481,1.215189873,5.35443038,1.506329114,2.670886076,3.506329114,4.58974359,1.620253165,4.575,2.290420053,2.101219874,0.754606235,2.138957209,1.96661523,0.511603618,2.006319131,1.119013336,1.921069059,1.760382734,2.085404683,0.795353269,1.881338685,1.130842864,1.959340018,2.018335299,2.200566028,1.284062039,1.921069059,80,Joy,1,1,1,5.35443038,2.670886076,4.58974359,0,1,True
joy_new_11_midj_af.jpg,4.771929825,3.267857143,1.285714286,3.842105263,2.714285714,1.196428571,4.321428571,1.333333333,4.928571429,3.368421053,3.315789474,1.228070175,5.785714286,1.315789474,2.625,3.535714286,4.824561404,1.50877193,4.928571429,2.291424571,2.211466576,1.073893269,2.242363817,1.969903419,0.672029297,2.107192383,1.023532631,1.867006772,2.184618134,2.346409832,0.824134695,1.46118614,0.848483831,1.854356051,2.0798976,2.096960445,1.211887651,1.867006772,58,Joy,1,1,1,5.785714286,2.625,4.824561404,0,1,True
joy_new_11_midj_as.jpg,4.275362319,3.044776119,1.191176471,3.507462687,2.196969697,1.196969697,4.492537313,1.235294118,5.205882353,3.161764706,3.194029851,1.166666667,5.594202899,1.220588235,2.552238806,3.181818182,4.823529412,1.558823529,5.205882353,2.057154359,2.15626526,0.604889356,2.162862401,1.807843569,0.706447167,1.909887624,0.649170471,1.766680195,1.808852973,2.189775179,0.570649652,1.674364151,0.642885014,1.877164061,1.952584803,1.954261906,1.124786586,1.766680195,69,Joy,1,1,1,5.594202899,2.552238806,4.823529412,0,1,True
joy_new_11_midj_euna.jpg,4.388235294,3.258823529,1.219512195,3.180722892,2.43373494,1.204819277,4.752941176,1.277108434,5.011764706,3.160493827,2.927710843,1.34939759,5.647058824,1.313253012,3.156626506,3.444444444,5.120481928,1.493975904,5.011764706,2.041790284,2.138941333,0.720500345,2.176059194,1.881830784,0.599980409,1.951226003,0.78574577,1.835458407,2.159032133,2.19635581,0.980713217,1.403277476,0.810415594,1.996838524,1.7958285,1.959327849,1.0749191,1.835458407,85,Joy,1,1,1,5.647058824,3.156626506,5.120481928,0,1,True
joy_new_11_midj_sa.jpg,4.25,2.841269841,1.193548387,3.26984127,2.435483871,1.112903226,3.9375,1.229508197,4.796875,3.096774194,3.016129032,1.19047619,5.53125,1.370967742,2.709677419,3.35483871,4.507936508,1.451612903,4.796875,2.062515031,1.993589316,0.697506324,1.969168395,1.704583673,0.366858114,1.850568338,0.716320287,1.895522607,1.922342129,2.028420491,0.61845653,1.66159944,0.927430276,1.841124895,1.650601224,1.941673836,1.111451854,1.895522607,64,Joy,1,1,1,5.53125,2.709677419,4.507936508,0,1,True
joy_new_12.jpg,4.357142857,2.914285714,1.028571429,3.142857143,1.985714286,1.014285714,4.414285714,1.115942029,5.071428571,2.47826087,2.768115942,1.1,5.842857143,1.1,2.724637681,3.371428571,4.914285714,1.142857143,5.071428571,2.239537441,2.131495067,0.167801519,2.080173587,1.83755396,0.119522861,2.053578405,0.403522428,1.951004413,1.867750264,2.183796798,0.346828279,1.60285718,0.302166093,1.984380611,2.058361728,2.041190738,0.391419353,1.951004413,70,Joy,1,1,1,5.842857143,2.724637681,4.914285714,0,1,True
joy_new_13.jpg,4.285714286,3.571428571,1.114285714,3.171428571,2.042857143,1.171428571,3.885714286,1.585714286,4.357142857,2.757142857,3.471428571,1.1,5.242857143,1.242857143,2.47826087,3.342857143,4.442857143,1.579710145,4.357142857,2.15448879,2.362579213,0.602960261,2.327973732,1.748172663,0.636371703,2.216818828,1.197737688,1.993000173,2.017572902,2.295057251,0.346828279,2.024743421,0.769635982,1.76242393,2.172861029,2.223952053,1.332907008,1.993000173,70,Joy,1,1,1,5.242857143,2.47826087,4.442857143,0,1,True
joy_new_14.jpg,4.443037975,3.265822785,1.253164557,4.45,2.291139241,1.17721519,3.82278481,1.215189873,5.113924051,2.721518987,4.303797468,1.253164557,5.85,1.215189873,2.227848101,4.291139241,4.924050633,1.430379747,5.113924051,1.946376222,2.164449718,0.741937077,2.104245257,1.875290738,0.674812294,2.134932255,0.691910882,1.775815752,1.678955023,1.876674844,0.759020192,1.450447334,0.691910882,1.655986553,2.026439968,2.128994899,0.98297748,1.775815752,80,Joy,1,1,1,5.85,2.227848101,4.924050633,0,1,True
joy_new_2_midj_af.jpg,4.879310345,3.896551724,1.105263158,4.684210526,4.155172414,1.196428571,4.431034483,1.120689655,5.431034483,3.403508772,4.74137931,1.155172414,6.070175439,1.189655172,2.421052632,4.672413793,5.157894737,1.293103448,5.431034483,2.3023831,2.49694308,0.556911461,2.472404084,2.300280106,0.861703236,2.362811802,0.461788522,1.697387766,2.274545866,2.290792744,0.744611618,1.462137002,0.759891418,2.026144901,2.155270415,2.033553133,0.837888338,1.697387766,58,Joy,1,1,1,6.070175439,2.421052632,5.157894737,0,1,True
joy_new_2_midj_as.jpg,4.014705882,3.353846154,1.164179104,4.181818182,3.121212121,1.136363636,3.523076923,1.253731343,4.791044776,3.109375,4.373134328,1.257575758,5.779411765,1.223880597,2.215384615,4.092307692,4.924242424,1.575757576,4.791044776,2.076827712,2.210986553,0.641896218,2.339684995,2.115984234,0.551539486,2.257679203,0.724951066,1.863015749,1.861192547,2.145014098,0.84690579,1.474616957,0.692402395,1.956498049,1.942317212,1.939949294,1.177488933,1.863015749,69,Joy,1,1,1,5.779411765,2.215384615,4.924242424,0,1,True
joy_new_2_midj_euna.jpg,4.464285714,2.952380952,1.373493976,3.78313253,3.273809524,1.494117647,3.738095238,1.277108434,4.811764706,3.023809524,3.987951807,1.321428571,5.635294118,1.452380952,2.619047619,3.710843373,4.481927711,2.142857143,4.811764706,2.153430598,2.122199143,0.99646746,2.353244739,2.049691076,0.946466227,2.250135458,0.703878679,2.008873871,1.963376674,2.149838201,0.793963889,1.67507682,0.897181153,1.975175831,1.997132826,2.25432617,1.82448446,2.008873871,85,Joy,1,1,1,5.635294118,2.619047619,4.481927711,0,1,True
joy_new_2_midj_sa.jpg,3.80952381,3.126984127,1.206349206,3.682539683,3.19047619,1.26984127,3.174603175,1.19047619,4.453125,2.78125,3.90625,1.131147541,5.390625,1.403225806,2.295081967,3.523809524,4.258064516,1.709677419,4.453125,2.146693954,2.246804638,0.826159599,2.093194786,1.821530222,0.936815973,1.930566376,0.644008186,1.859592783,1.803600896,2.0909385,0.670209167,1.658237614,0.948850511,1.873893116,1.812653934,2.157225631,1.540567245,1.859592783,64,Joy,1,1,1,5.390625,2.295081967,4.258064516,1,1,True
joy_new_4.jpg,3.214285714,3.0,1.071428571,2.714285714,1.514285714,1.4,2.957142857,1.492753623,3.492753623,3.0,2.5,1.328571429,4.855072464,1.492753623,2.260869565,3.101449275,3.579710145,1.724637681,3.492753623,2.238612777,2.242635005,0.353919199,1.971851606,1.2937179,1.147145165,2.060221701,1.313092313,2.048121007,2.035909511,2.117901614,1.073007808,2.102347164,1.346271413,1.828308234,2.051863769,2.277807234,1.580060107,2.048121007,70,Joy,1,1,1,4.855072464,2.260869565,3.579710145,0,1,True
joy_new_5.jpg,4.256756757,2.945945946,1.040540541,4.162162162,4.054054054,1.054054054,3.890410959,1.081081081,5.175675676,3.123287671,3.465753425,1.273972603,6.0,1.148648649,2.27027027,4.671232877,5.108108108,1.635135135,5.175675676,2.139394427,2.060003271,0.258509383,2.257571899,2.195212049,0.281478089,2.195713272,0.361001528,1.746684594,1.92891165,2.121858408,0.886006552,1.196842693,0.487724165,1.777309782,1.893371438,2.090864458,1.244982525,1.746684594,75,Joy,1,1,1,6.0,2.27027027,5.108108108,0,1,True
joy_new_6.jpg,3.911392405,3.670886076,1.17721519,3.115384615,2.759493671,1.126582278,4.367088608,1.379746835,4.784810127,2.9125,2.696202532,1.205128205,5.481012658,1.278481013,2.493670886,3.775,4.835443038,1.556962025,4.784810127,2.149477417,2.104461189,0.65553841,2.180079644,2.082990884,0.490083421,1.955775243,0.978012079,1.795085071,1.801502537,2.096116252,0.651850002,1.708656388,0.639244523,1.774993086,1.902529961,2.053329877,1.237727813,1.795085071,80,Joy,1,1,1,5.481012658,2.493670886,4.835443038,0,1,True
joy_new_7.jpg,4.457142857,3.7,1.085714286,4.8,2.357142857,1.142857143,4.185714286,1.257142857,5.275362319,2.4,4.405797101,1.214285714,6.072463768,1.246376812,2.838235294,4.455882353,5.333333333,1.420289855,5.275362319,2.217752579,2.373464416,0.442091772,2.217192375,2.085392357,0.620558754,2.286018355,0.828578568,1.885580407,1.921653877,2.211725708,0.74001287,1.620809897,0.864424275,2.175921792,2.083580612,1.990171931,1.155623044,1.885580407,70,Joy,1,1,1,6.072463768,2.838235294,5.333333333,0,1,True
joy_new_7_midj_af.jpg,3.738461538,3.384615385,1.230769231,5.0,2.292307692,1.184615385,3.953846154,1.184615385,5.169230769,2.969230769,4.953846154,1.421875,6.015625,1.296875,2.53125,5.328125,5.140625,1.296875,5.169230769,2.025439174,1.997594707,0.76585799,1.879162047,2.013416538,0.555998755,2.203908242,0.464095481,1.682346118,1.836855591,1.971918238,1.138150651,1.350980684,0.79041254,1.951545989,1.860659445,1.966926436,0.79041254,1.682346118,65,Joy,1,1,1,6.015625,2.53125,5.140625,0,1,True
joy_new_7_midj_as.jpg,4.174603175,3.095238095,1.31147541,4.703125,2.047619048,1.209677419,3.777777778,1.222222222,5.158730159,2.698412698,4.587301587,1.290322581,5.887096774,1.209677419,1.967741935,4.603174603,4.935483871,1.241935484,5.158730159,1.938902937,2.197610768,1.008976108,2.021155473,1.878817159,0.749581233,2.217557829,0.633587951,1.588327881,1.541207326,2.068464606,0.817575319,1.46102186,0.704484389,1.436842416,1.888331595,2.047557263,0.669854006,1.588327881,64,Joy,1,1,1,5.887096774,1.967741935,4.935483871,0,1,True
joy_new_7_midj_euna.jpg,4.19047619,3.19047619,1.111111111,4.714285714,2.380952381,1.126984127,3.557377049,1.174603175,5.380952381,2.571428571,4.714285714,1.306451613,5.921875,1.238095238,2.53968254,4.612903226,5.063492063,1.253968254,5.380952381,2.227809157,2.116426865,0.44399619,1.921261107,2.082403786,0.457625833,2.194877295,0.554735698,1.580410027,1.499615926,1.946283236,0.801406748,1.276213242,0.711977838,1.856335245,1.795758561,1.865415424,0.8025816,1.580410027,64,Joy,1,1,1,5.921875,2.53968254,5.063492063,0,1,True
joy_new_7_midj_sa.jpg,3.969230769,3.030769231,1.125,4.323076923,1.938461538,1.076923077,3.538461538,1.0,5.292307692,2.40625,4.430769231,1.153846154,5.923076923,1.107692308,2.030769231,4.861538462,4.753846154,1.230769231,5.292307692,2.12844743,2.263633906,0.377964473,2.151363611,1.886439463,0.321504875,2.28498443,0.0,1.942317212,1.697044583,2.179228869,0.507160269,1.689190748,0.471800968,1.590688047,1.878138399,2.305094692,0.55252915,1.942317212,65,Joy,1,1,1,5.923076923,2.030769231,4.753846154,0,1,True
joy_new_8.jpg,4.217391304,3.666666667,1.357142857,4.31884058,5.057142857,1.157142857,4.130434783,1.142857143,5.23943662,3.157142857,3.814285714,1.142857143,6.126760563,1.271428571,3.057971014,5.455882353,5.7,1.357142857,5.23943662,2.381729261,2.336832111,1.192193379,2.226133245,1.800850961,0.555231099,2.306723188,0.546018906,1.711012973,1.915881106,2.234725008,0.546018906,1.194386602,0.778728592,2.208832923,1.652079861,1.755735941,0.91739572,1.711012973,71,Joy,1,1,1,6.126760563,3.057971014,5.7,0,1,True
joy_new_9.jpg,3.554054054,2.97260274,1.191780822,4.213333333,2.27027027,1.081081081,3.780821918,1.22972973,4.783783784,2.72972973,3.594594595,1.432432432,5.540540541,1.27027027,2.56,3.864864865,4.932432432,1.520547945,4.783783784,2.341653156,2.210911091,0.844221111,2.201310011,2.115159227,0.517018766,2.148944026,0.785960669,1.981215002,2.228687785,2.31681713,1.217240097,1.866717793,0.688402902,1.802700677,2.166521891,2.128290079,1.179802114,1.981215002,75,Joy,1,1,1,5.540540541,2.56,4.932432432,0,1,True
maps152_midj.jpg,3.46969697,3.140625,1.590909091,3.121212121,2.121212121,1.507692308,3.363636364,1.666666667,4.015151515,4.044776119,3.090909091,1.430769231,4.954545455,1.681818182,2.446153846,3.268656716,3.984848485,2.303030303,4.015151515,2.328549875,2.217299856,1.27674192,2.14486974,1.893431167,1.213505729,2.27789622,1.244474969,2.208322888,2.077533764,2.305360127,1.074843459,2.056373344,1.360532598,1.920536784,1.895625663,2.24288567,1.831096325,2.208322888,67,Joy,1,1,1,4.954545455,2.446153846,3.984848485,0,0,True
2190_midj.jpg,1.573170732,1.839506173,1.353658537,1.609756098,1.219512195,1.170731707,1.548780488,1.524390244,1.666666667,4.414634146,1.658536585,2.085365854,3.170731707,2.146341463,1.585365854,2.456790123,2.87804878,2.170731707,4.414634146,1.111449813,1.327184898,0.947667067,1.224806335,0.786057364,0.750388838,1.112803589,1.079844636,1.151086443,1.962306652,1.229468541,1.424661272,1.769458856,1.499974907,1.216666357,1.681140853,1.946127804,1.577659448,1.962306652,82,Neutral,1,1,1,3.170731707,1.585365854,2.87804878,1,1,True
2190_midj_af.jpg,2.615384615,2.984615385,1.375,2.461538462,1.59375,1.21875,2.6,1.555555556,2.703125,4.412698413,2.75,1.714285714,4.409090909,1.84375,1.634920635,3.380952381,3.890625,2.0,4.412698413,2.066793317,1.841299708,1.046536237,1.92902925,1.365315825,0.62915287,1.950961302,1.188354484,1.874470825,2.013141668,2.007920823,1.197154845,1.968812783,1.394077609,1.261100228,2.011487745,1.809298623,1.501322169,2.013141668,66,Neutral,1,1,1,4.409090909,1.634920635,3.890625,1,1,True
2190_midj_as.jpg,2.407894737,2.460526316,1.38961039,1.805194805,1.447368421,1.194805195,2.051948052,1.38961039,2.350649351,4.736842105,2.217948718,1.684210526,4.038461538,1.714285714,1.493506494,3.272727273,3.532467532,1.623376623,4.736842105,1.533428677,1.446289869,0.934088976,1.287990694,0.914982504,0.649675244,1.316855344,0.875933249,1.430552284,1.878782734,1.710528405,1.191195772,1.639150142,1.201502818,0.995032089,1.875299019,1.867903522,1.051802476,1.878782734,78,Neutral,1,1,1,4.038461538,1.493506494,3.532467532,1,1,True
2190_midj_euna.jpg,2.054794521,2.277777778,1.539473684,1.64,1.52,1.453333333,1.813333333,1.826666667,1.706666667,4.567567568,1.68,2.213333333,3.413333333,2.526315789,1.653333333,2.6,2.666666667,2.466666667,4.567567568,1.562498097,1.512597078,1.280008224,1.181387183,1.245098498,1.154232322,1.280765537,1.473856252,1.182911357,1.752345443,1.00215983,1.604835037,1.61992103,1.724132123,1.26804098,1.38525049,1.518652793,1.695250387,1.752345443,76,Neutral,1,1,1,3.413333333,1.653333333,2.666666667,1,1,True
2190_midj_sa.jpg,2.044117647,2.382352941,1.455882353,1.955882353,1.455882353,1.5,2.132352941,1.656716418,2.308823529,4.544117647,2.176470588,2.176470588,3.529411765,2.235294118,1.588235294,2.808823529,2.897058824,2.117647059,4.544117647,1.606273369,1.545618861,0.983958249,1.470443364,1.013841866,1.072032523,1.39192138,1.122122432,1.547818426,1.73148046,1.525320387,1.33764302,1.500950825,1.446742579,1.248704333,1.71261651,1.711590915,1.355248634,1.73148046,68,Neutral,1,1,1,3.529411765,1.588235294,2.897058824,1,1,True
2191_midj.jpg,2.939393939,3.092307692,1.153846154,2.696969697,2.96969697,1.090909091,3.268656716,1.121212121,3.850746269,3.893939394,2.8,1.227272727,5.462686567,1.424242424,2.090909091,4.507692308,4.76119403,1.626865672,3.893939394,2.259195145,2.074571318,0.795117311,2.176586579,2.259814131,0.625786219,2.199049998,0.541085846,2.009475518,2.008664217,2.100595154,0.837495434,1.540644869,1.023727819,1.751722429,1.993137264,2.096819758,1.312363365,2.008664217,67,Neutral,1,1,1,5.462686567,2.090909091,4.76119403,0,1,True
2191_midj_af.jpg,2.974683544,3.423076923,1.381578947,3.607594937,2.873417722,1.189873418,3.620253165,1.384615385,4.064102564,3.936708861,3.743589744,1.898734177,5.202531646,1.544303797,2.423076923,4.569620253,4.708860759,1.683544304,3.936708861,2.106002919,2.029133465,0.848011089,2.209639265,2.24959876,0.62174175,2.237809125,1.083893526,2.235137019,1.9238168,2.224047424,1.60603778,1.976657025,1.047554764,1.776610159,1.978626462,2.332336227,1.35442583,1.9238168,79,Neutral,1,1,1,5.202531646,2.423076923,4.708860759,0,0,True
2191_midj_as.jpg,2.432432432,2.918918919,1.397260274,2.567567568,1.931506849,1.418918919,2.837837838,1.243243243,3.068493151,4.533333333,2.810810811,1.702702703,4.621621622,1.702702703,1.878378378,4.191780822,4.186666667,1.794520548,4.533333333,1.851183117,1.949757672,1.050657546,1.972975509,1.584024122,1.08548022,2.007022104,0.615124685,1.931671463,2.068641892,2.045212758,1.341944303,2.011628542,1.268476918,1.423411902,1.990655491,2.147867159,1.290552252,2.068641892,76,Neutral,1,1,1,4.621621622,1.878378378,4.186666667,1,1,True
2191_midj_euna.jpg,2.844155844,3.077922078,1.155844156,3.051948052,2.714285714,1.181818182,2.987012987,1.25974026,3.447368421,4.714285714,3.026315789,1.315789474,5.052631579,1.333333333,2.526315789,4.306666667,4.066666667,1.710526316,4.714285714,2.084181873,1.998461472,0.51465203,2.235456529,2.012180951,0.601035789,2.197447721,0.894465401,2.10012531,1.80538043,2.190730071,0.88257995,1.704071492,0.84363008,1.976351414,1.945009785,2.101050788,1.495020976,1.80538043,77,Neutral,1,1,1,5.052631579,2.526315789,4.066666667,1,1,True
2191_midj_sa.jpg,2.532467532,2.684210526,1.168831169,2.532467532,2.298701299,1.131578947,2.558441558,1.168831169,2.894736842,4.649350649,2.662337662,1.539473684,4.753246753,1.506493506,1.896103896,4.103896104,4.0,1.454545455,4.649350649,1.895870968,1.760382734,0.523213688,1.832344024,1.622740819,0.499122036,1.86726303,0.593885453,1.8005847,1.7753149,1.853945931,1.182548541,1.694851679,0.968223776,1.382069535,1.690409601,2.0,0.881766387,1.7753149,78,Neutral,1,1,1,4.753246753,1.896103896,4.0,1,1,True
2377_midj.jpg,2.928571429,2.557142857,1.086956522,2.628571429,1.871428571,1.057971014,2.652173913,1.214285714,3.434782609,3.714285714,2.342857143,1.242857143,4.942857143,1.285714286,1.957142857,4.144927536,4.714285714,1.514285714,3.714285714,2.142201418,2.089557989,0.445207501,1.97206159,1.676101659,0.337989644,1.861578133,0.69974855,1.882412883,2.161205093,1.856330448,0.690215557,1.977303934,0.801137907,1.458962449,2.143906291,2.134213069,1.271115648,2.161205093,70,Neutral,1,1,1,4.942857143,1.957142857,4.714285714,0,1,True
2384_midj.jpg,2.784810127,2.303797468,1.35443038,2.329113924,1.987179487,1.455696203,2.269230769,1.455696203,2.82278481,3.683544304,2.025316456,2.012658228,3.835443038,2.139240506,1.848101266,3.949367089,3.392405063,2.1625,3.683544304,1.985013635,1.704853031,0.961275524,1.86548625,1.790984564,0.888638664,1.740824382,0.997400061,1.774170038,2.003486089,1.593051286,1.480589547,1.897571861,1.456498939,1.477077916,2.099442748,2.084237065,1.610438654,2.003486089,80,Neutral,1,1,1,3.835443038,1.848101266,3.392405063,0,1,True
2384_midj_af.jpg,3.6,3.283783784,1.236111111,2.932432432,1.972972973,1.082191781,3.506849315,1.150684932,3.767123288,3.77027027,2.753424658,1.361111111,5.293333333,1.391891892,2.109589041,4.891891892,4.391891892,1.459459459,3.77027027,2.04013778,1.941050911,0.638948422,2.089314504,1.534739039,0.276557441,1.944531418,0.396905841,1.78357123,1.898429757,2.026085593,0.983032898,1.343385531,0.773137489,1.550641837,1.708701081,1.991884683,0.924390791,1.898429757,75,Neutral,1,1,1,5.293333333,2.109589041,4.391891892,0,1,True
2384_midj_as.jpg,2.851851852,3.648148148,1.148148148,2.388888889,2.320754717,1.166666667,3.12962963,1.388888889,3.685185185,3.907407407,2.055555556,1.735849057,5.018867925,1.396226415,1.886792453,5.096153846,4.396226415,1.711538462,3.907407407,1.887470179,1.924591674,0.407820133,1.720209143,1.929264357,0.423373692,1.759570019,0.762732592,1.830806339,1.696483806,1.618485976,1.273259648,1.512646255,0.742646583,1.476226704,1.72932737,1.843279087,1.257706261,1.696483806,54,Neutral,1,1,1,5.018867925,1.886792453,4.396226415,0,1,True
2384_midj_euna.jpg,3.774647887,3.414285714,1.214285714,3.042857143,2.2,1.228571429,3.647887324,1.347826087,4.294117647,3.985507246,2.632352941,1.47826087,5.563380282,1.394366197,1.901408451,5.507042254,4.873239437,1.633802817,3.985507246,2.036784462,1.861064501,0.587129029,1.921923209,1.699104624,0.684643747,1.860096707,0.782644216,1.845194028,1.936436643,1.843944602,0.933190222,1.421592612,0.886064706,1.415777722,1.566371963,1.796262608,1.300982449,1.936436643,72,Neutral,1,1,1,5.563380282,1.901408451,4.873239437,0,0,True
2384_midj_sa.jpg,3.232876712,3.763888889,1.291666667,3.082191781,2.465753425,1.369863014,3.479452055,1.561643836,4.2,3.410958904,2.878378378,1.506849315,5.24,1.424657534,2.513513514,5.178082192,4.666666667,1.616438356,3.410958904,1.896784911,1.87265764,0.862970631,1.956140081,1.78793947,1.020713929,1.756808889,1.07994729,1.619142249,1.899090546,1.894134441,0.987748389,1.626137855,0.880621754,1.606862366,1.521534914,1.742422462,1.308414403,1.899090546,75,Neutral,1,1,1,5.24,2.513513514,4.666666667,0,0,True
5395_midj.jpg,2.585714286,2.855072464,1.614285714,2.142857143,1.710144928,2.142857143,2.628571429,2.457142857,2.371428571,4.246376812,2.0,1.826086957,2.957142857,2.542857143,2.157142857,2.577464789,2.657142857,2.985714286,4.246376812,1.853260794,1.800942256,1.231151895,1.617707398,1.340560125,1.599689411,1.770707126,1.791167656,1.72089822,1.988243365,1.514634493,1.40332087,1.772868913,1.733604056,1.664947353,1.635865623,1.879606143,1.967068422,1.988243365,71,Neutral,1,1,1,2.957142857,2.157142857,2.657142857,1,1,True
5471_midj.jpg,2.2,2.657142857,1.142857143,1.714285714,1.514285714,1.3,2.471428571,1.628571429,2.328571429,4.463768116,1.579710145,1.462686567,3.285714286,1.771428571,1.9,2.608695652,2.828571429,2.157142857,4.463768116,1.900419481,1.932826377,0.459543387,1.342103661,1.326899591,0.804876442,1.733902598,1.181640086,1.576286487,2.367548435,1.310655394,1.00496281,2.022646115,1.181640086,1.425949976,1.742356343,1.985245785,1.830781209,2.367548435,70,Neutral,1,1,1,3.285714286,1.9,2.828571429,1,1,True
5875_midj.jpg,3.0,3.355263158,1.215189873,3.675,2.405063291,1.202531646,3.075949367,1.243589744,4.397435897,3.525641026,3.743589744,2.012658228,5.25,1.53164557,2.037974684,5.101265823,4.653846154,1.46835443,3.525641026,1.881079886,1.957576375,0.613332346,1.940735865,1.938271682,0.722881464,1.906615688,0.759115983,1.775297623,1.763440844,2.002828503,1.418681863,1.488351394,1.048019415,1.436190099,1.565615605,1.912548603,0.917569854,1.763440844,80,Neutral,1,1,1,5.25,2.037974684,4.653846154,0,0,True
5875_midj_af.jpg,2.639344262,3.557377049,1.716666667,3.049180328,2.114754098,1.557377049,2.983606557,1.672131148,3.0,3.229508197,3.409836066,3.083333333,4.183333333,2.716666667,2.3,4.05,4.133333333,2.483333333,3.229508197,1.983538815,2.077856188,1.391154461,2.116807577,2.033866274,1.360448335,2.00409417,1.350571626,2.152517905,2.108660259,2.170845067,2.157302668,2.182299104,2.009230114,1.959764773,2.028817807,2.070508549,1.970044021,2.108660259,61,Neutral,1,1,1,4.183333333,2.3,4.133333333,0,0,True
5875_midj_as.jpg,2.446428571,3.181818182,1.214285714,2.75,1.642857143,1.107142857,2.607142857,1.339285714,3.767857143,3.428571429,2.857142857,2.285714286,4.982142857,1.714285714,1.678571429,5.087719298,4.660714286,1.625,3.428571429,1.704748906,1.87666873,0.8025932,2.099783539,1.470047265,0.412468023,1.884661257,1.066460343,1.838883766,1.895997151,1.920497771,1.55755386,1.710832561,1.260797521,1.349843666,1.693271366,1.851552525,1.342487515,1.895997151,57,Neutral,1,1,1,4.982142857,1.678571429,4.660714286,0,0,True
5875_midj_euna.jpg,2.144927536,2.550724638,1.231884058,2.246376812,1.579710145,1.289855072,1.985507246,1.710144928,2.382352941,4.014492754,2.485294118,2.898550725,3.470588235,2.449275362,1.735294118,3.420289855,3.15942029,2.231884058,4.014492754,1.592956577,1.711004451,0.621784139,1.639635873,1.332907008,0.841941895,1.509701506,1.164441917,1.666432527,1.913518115,1.872763518,1.986312927,1.82413822,1.640805325,1.388843039,1.980833137,1.883544753,1.664021772,1.913518115,69,Neutral,1,1,1,3.470588235,1.735294118,3.15942029,1,1,True
5875_midj_sa.jpg,2.614285714,3.214285714,1.214285714,3.0,2.157142857,1.157142857,2.585714286,1.285714286,3.585714286,3.6,3.114285714,2.057142857,5.0,1.571428571,1.882352941,4.478873239,4.285714286,1.657142857,3.6,2.01654646,1.902651522,0.657021323,2.18028053,1.733186011,0.651324499,1.914800153,0.980133933,1.756914762,2.122344889,2.255703606,1.44348325,1.849402567,1.043564524,1.540783012,1.948326424,2.220737945,1.226349766,2.122344889,71,Neutral,1,1,1,5.0,1.882352941,4.285714286,0,1,True
7000_midj.jpg,2.260869565,1.671428571,1.128571429,1.637681159,2.542857143,1.114285714,2.014285714,1.101449275,2.231884058,4.557142857,1.757142857,1.285714286,3.428571429,1.5,1.514285714,3.242857143,3.385714286,1.557142857,4.557142857,1.737579231,1.441832857,0.50851955,1.382357476,1.831176974,0.467582656,1.546317338,0.458415671,1.619231186,2.362973528,1.555129095,0.782838706,1.982323542,1.100065874,1.163986866,2.081218388,2.15549757,1.199465029,2.362973528,70,Neutral,1,1,1,3.428571429,1.514285714,3.385714286,1,1,True
7001_midj.jpg,2.971014493,2.614285714,1.357142857,2.328571429,1.9,1.285714286,2.585714286,1.271428571,2.8,4.352112676,2.285714286,1.376811594,3.913043478,1.557142857,1.942028986,3.471428571,3.3,1.928571429,4.352112676,2.134940518,1.851696106,0.99324843,1.924076504,1.543100587,0.68403867,1.83755396,0.720736913,1.80659019,2.098289041,1.842673366,0.80625221,1.812855486,1.001964943,1.598566067,1.931594135,1.980704018,1.477575654,2.098289041,71,Neutral,1,1,1,3.913043478,1.942028986,3.3,1,1,True
7033_midj.jpg,2.506329114,2.512820513,1.311688312,1.898734177,1.759493671,1.294871795,2.810126582,1.443037975,2.756410256,4.5375,1.848101266,1.430379747,4.0,1.683544304,1.974683544,2.898734177,3.46835443,1.91025641,4.5375,1.966862774,1.726369885,1.042008944,1.581908428,1.495421987,1.094365431,1.935339031,1.059109876,1.866908671,2.04347526,1.585904317,1.151181604,2.050640925,1.256208212,1.535683958,1.912140274,2.099056217,1.621173997,2.04347526,80,Neutral,1,1,1,4.0,1.974683544,3.46835443,1,1,True
7033_midj_af.jpg,3.0,2.779220779,1.430379747,2.717948718,2.282051282,1.506493506,3.303797468,1.848101266,3.153846154,4.46835443,2.797468354,1.784810127,3.898734177,2.0,2.063291139,3.35443038,3.620253165,2.303797468,4.46835443,2.075498087,1.8036759,0.857598679,2.185533522,1.973180147,1.059088196,2.046600874,1.441941423,2.076941577,2.25226634,2.186085055,1.47344778,2.163774816,1.520423728,1.67440592,2.112465898,2.17976591,1.756704595,2.25226634,79,Neutral,1,1,1,3.898734177,2.063291139,3.620253165,1,1,True
7033_midj_as.jpg,2.986666667,3.445945946,1.266666667,2.094594595,2.026666667,1.293333333,3.473684211,1.459459459,3.094594595,4.405405405,2.08,1.453333333,4.726027397,1.780821918,2.297297297,3.520547945,4.054794521,2.0,4.405405405,2.016776484,2.08150296,0.703914409,1.83697875,1.867020558,0.712311299,2.029605441,0.953568484,1.966632049,2.207824932,1.745728377,0.976664668,1.718043735,1.145602405,1.693903086,1.986828776,2.074249603,1.510526445,2.207824932,76,Neutral,1,1,1,4.726027397,2.297297297,4.054794521,1,1,True
7033_midj_euna.jpg,3.12987013,3.649350649,1.12987013,2.857142857,2.454545455,1.184210526,3.441558442,1.545454545,3.883116883,3.87012987,2.831168831,1.789473684,5.12987013,1.558441558,2.636363636,4.896103896,4.736842105,1.688311688,3.87012987,2.092283123,1.991866579,0.408806007,2.186768138,2.106040526,0.626323161,2.035820709,1.198084596,1.849423993,1.908089768,2.117611598,1.225460887,1.516146859,1.032288037,1.925651571,1.728890849,1.871672486,1.330410901,1.908089768,77,Neutral,1,1,1,5.12987013,2.636363636,4.736842105,0,0,True
7033_midj_sa.jpg,2.881578947,2.884615385,1.220779221,2.324675325,2.12987013,1.155844156,3.144736842,1.38961039,3.324675325,4.194805195,2.233766234,1.394736842,4.883116883,1.675324675,2.194805195,4.461538462,4.285714286,1.74025974,4.194805195,1.952551188,1.933845971,0.598756972,1.873931685,1.816232722,0.539613289,1.830875546,0.89082818,1.859835579,2.00682363,1.692833998,0.833929611,1.654133785,1.196943019,1.513439452,1.95197075,1.862773419,1.250290465,2.00682363,78,Neutral,1,1,1,4.883116883,2.194805195,4.285714286,1,1,True
7036_midj.jpg,2.042253521,2.557142857,1.347222222,1.5,1.319444444,1.291666667,1.972222222,1.929577465,1.791666667,4.555555556,1.5,1.666666667,2.75,2.027777778,1.633802817,1.888888889,2.458333333,2.555555556,4.555555556,1.52537227,1.647446107,0.995195815,1.174853902,0.901116504,0.795010851,1.321248047,1.46700807,1.288491858,2.244799241,1.221866501,1.310843186,1.701283691,1.510267416,1.267612341,1.284310036,1.669422604,1.82231001,2.244799241,72,Neutral,1,1,1,2.75,1.633802817,2.458333333,1,1,True
7041_midj.jpg,2.043478261,1.9,1.171428571,1.771428571,1.871428571,1.314285714,2.128571429,1.294117647,2.228571429,5.1,2.042857143,1.385714286,3.3,1.614285714,1.757142857,3.102941176,2.928571429,1.671428571,5.1,1.557097437,1.436077589,0.613174883,1.36383335,1.493186735,0.877130651,1.649957651,0.898735821,1.607693717,2.167948339,1.697702747,0.952386128,1.898512003,1.133071459,1.366638893,1.861949756,2.066442918,1.293477826,2.167948339,70,Neutral,1,1,1,3.3,1.757142857,2.928571429,1,1,True
7080_midj.jpg,1.646341463,1.682926829,1.170731707,1.390243902,1.93902439,1.134146341,1.634146341,1.268292683,1.646341463,5.390243902,1.37804878,1.172839506,2.827160494,1.481481481,1.548780488,2.719512195,2.87804878,1.792682927,5.390243902,1.373217823,1.489701675,0.562289808,1.141323658,1.574076731,0.538910541,1.435976848,0.90333785,1.299306094,2.135855555,1.09589857,0.587156782,1.787387223,1.013793755,1.156329218,2.020111171,2.063140623,1.521352589,2.135855555,82,Neutral,1,1,1,2.827160494,1.548780488,2.87804878,1,1,True
7100_midj.jpg,1.7125,1.461538462,1.278481013,1.430379747,1.417721519,1.405063291,1.556962025,1.202531646,1.53164557,5.215189873,1.493670886,1.443037975,2.7,2.025316456,1.455696203,2.628205128,2.367088608,1.82278481,5.215189873,1.284708015,0.921493814,0.714980883,1.033832108,1.161427006,0.967669515,1.173935256,0.740404374,1.130412258,2.042314462,1.164357617,1.034616682,1.823892069,1.395732356,1.05972261,1.954740986,1.703519849,1.32780418,2.042314462,80,Neutral,1,1,1,2.7,1.455696203,2.367088608,1,1,True
7140_midj.jpg,3.821917808,3.246575342,1.291666667,2.630136986,2.616438356,1.305555556,3.958333333,1.547945205,4.178082192,3.902777778,2.506849315,1.575342466,5.01369863,1.547945205,2.369863014,4.109589041,4.625,2.095890411,3.902777778,2.002376822,1.956334596,0.812533856,1.961482215,1.955264524,0.944053127,1.916845266,1.155194739,1.828345228,1.922144652,1.993902425,1.039735653,1.602889324,0.972412462,1.486110222,1.79166003,1.974752614,1.733368458,1.922144652,73,Neutral,1,1,1,5.01369863,2.369863014,4.625,0,0,True
7500_midj.jpg,2.521126761,2.722222222,1.436619718,1.75,1.638888889,1.430555556,2.25,1.671428571,2.236111111,4.541666667,1.791666667,1.915492958,3.541666667,2.027777778,1.718309859,3.027777778,3.388888889,2.055555556,4.541666667,1.865928761,1.870619557,1.192025819,1.340065166,1.397236262,1.01851022,1.709542398,1.35904302,1.674103128,2.122564885,1.38337717,1.518895077,1.920515629,1.565222589,1.255651209,1.661258832,2.106699946,1.546362282,2.122564885,72,Neutral,1,1,1,3.541666667,1.718309859,3.388888889,1,1,True
7560_midj.jpg,2.8,3.271428571,1.914285714,2.285714286,2.071428571,1.929577465,2.614285714,2.428571429,2.571428571,3.971428571,2.3,2.147058824,3.391304348,2.542857143,2.5,2.542857143,2.898550725,3.225352113,3.971428571,2.096235411,1.848786743,1.548658673,1.818925126,1.679556779,1.447401057,1.913285793,1.690308509,2.025714607,1.918418949,1.883182628,1.650551295,2.038002131,1.708340277,2.048329118,1.870330625,2.101434577,2.057718453,1.918418949,71,Neutral,1,1,1,3.391304348,2.5,2.898550725,0,1,True
7705_midj.jpg,1.5,1.345679012,1.074074074,1.43902439,1.256097561,1.073170732,1.5,1.12345679,1.575,5.320987654,1.512195122,1.207317073,2.814814815,1.543209877,1.345679012,2.703703704,2.716049383,1.777777778,5.320987654,1.135836017,0.910501151,0.307318149,1.248184469,0.953369277,0.262019121,1.209530059,0.457785868,1.300194727,2.206961489,1.316972796,0.603238275,2.000694324,1.04939724,1.026651034,1.853675028,2.038593681,1.360147051,2.206961489,82,Neutral,1,1,1,2.814814815,1.345679012,2.716049383,1,1,True
n041_midj.jpg,2.060240964,1.903614458,1.34939759,1.86746988,1.597560976,1.382716049,1.855421687,1.698795181,1.719512195,4.686746988,1.590361446,2.144578313,2.670731707,2.390243902,1.698795181,2.554216867,2.409638554,2.457831325,4.686746988,1.587676609,1.550880614,0.847287421,1.487927715,1.109551751,0.799498299,1.423946167,1.30416724,1.372340438,2.146623616,1.137349771,1.725932269,1.872839516,1.638699406,1.165928289,1.726783363,1.732305278,1.63275321,2.146623616,83,Neutral,1,1,1,2.670731707,1.698795181,2.409638554,1,1,True
n070_midj.jpg,2.064516129,2.216666667,1.241935484,1.629032258,1.467741935,1.258064516,2.096774194,1.161290323,2.147540984,4.629032258,1.806451613,1.245901639,3.327868852,1.508196721,1.885245902,3.183333333,3.262295082,1.590163934,4.629032258,1.566775615,1.688361624,0.739638456,1.244448274,1.082161497,0.766843303,1.467792783,0.485648068,1.58992731,2.174621663,1.388934132,0.649505907,1.868344289,0.95956502,1.450268488,1.995687441,2.040438183,1.188515169,2.174621663,62,Neutral,1,1,1,3.327868852,1.885245902,3.262295082,1,1,True
1710_midj.jpg,4.397590361,3.614457831,1.172839506,4.240963855,2.317073171,1.146341463,4.168674699,1.313253012,5.395061728,2.228915663,4.756097561,1.243902439,6.06097561,1.180722892,2.759036145,4.481927711,5.698795181,1.240963855,4.756097561,2.041877179,2.207698975,0.587156782,2.17855603,1.993062342,0.687129496,1.879408814,0.961803576,1.420202559,1.62544779,1.947210576,0.676975401,1.279926319,0.607766369,1.884405589,1.8699253,1.543949163,0.655006264,1.947210576,83,Nurturant love,1,1,1,6.06097561,2.759036145,5.698795181,0,0,True
animals_166_v_midj.jpg,4.657142857,3.536231884,1.1,5.029411765,2.457142857,1.101449275,4.414285714,1.114285714,5.757142857,2.557142857,4.873239437,1.161764706,6.485714286,1.101449275,2.414285714,5.579710145,5.929577465,1.5,4.873239437,2.225580623,2.446965168,0.514992613,2.136887039,2.08990475,0.458415671,2.074642327,0.55280201,1.418671703,1.85437762,2.090314928,0.58870701,0.959209474,0.51862169,2.1023993,1.556823662,1.624138837,1.293797914,2.090314928,71,Nurturant love,1,1,1,6.485714286,2.414285714,5.929577465,0,0,True
baby1_midj.jpg,3.128571429,3.428571429,1.028571429,4.642857143,2.47826087,1.142857143,3.471428571,1.333333333,4.47826087,2.814285714,5.260869565,1.405797101,5.742857143,1.3,2.457142857,5.0,4.785714286,1.405797101,5.260869565,2.152998775,2.190701222,0.167801519,2.167184203,2.240067591,0.490066966,2.204878836,0.851757123,1.929711161,1.763501599,2.004789661,1.033538192,1.733604056,1.026461489,1.968488821,1.823054967,2.192826626,0.944314887,2.004789661,70,Nurturant love,1,1,1,5.742857143,2.457142857,4.785714286,0,0,True
baby5_midj.jpg,3.76,3.175675676,1.094594595,3.986666667,1.783783784,1.164383562,3.297297297,1.22972973,4.702702703,2.702702703,4.706666667,1.162162162,5.780821918,1.22972973,1.72972973,4.386666667,4.626666667,1.702702703,4.706666667,2.24716037,2.295666603,0.705534266,2.298609058,1.581314437,0.850060433,2.249686308,0.868746496,2.052260563,2.091926619,2.071514222,0.844434268,1.660376257,0.868746496,1.455243681,2.14912511,2.173385287,1.477963517,2.071514222,75,Nurturant love,1,1,1,5.780821918,1.72972973,4.626666667,0,0,True
baby_1_midj_af.jpg,3.320512821,3.743589744,1.141025641,5.0,2.487179487,1.155844156,4.0,1.220779221,5.155844156,3.105263158,5.358974359,1.243589744,6.051282051,1.269230769,2.350649351,5.25974026,5.155844156,1.538461538,5.358974359,2.264884904,2.079185014,0.52778289,2.070196678,2.118217762,0.629639309,2.070196678,0.788459134,1.777527371,2.036853438,1.808883985,0.628043704,1.394771646,0.84780966,1.917826578,1.809351421,2.033048884,1.325987088,1.808883985,78,Nurturant love,1,1,1,6.051282051,2.350649351,5.155844156,0,0,True
baby_1_midj_as.jpg,3.136363636,3.172413793,1.090909091,4.545454545,1.850574713,1.147727273,3.147727273,1.125,4.659090909,3.590909091,5.02247191,1.183908046,5.764044944,1.193181818,2.08045977,4.954545455,4.806818182,1.488636364,5.02247191,2.123658837,2.064128267,0.41898519,2.078400639,1.52901196,0.634990682,2.231126579,0.602914378,2.078274946,2.109836643,2.072424624,0.800126961,1.595608119,0.658419468,1.786372125,1.831456244,2.050275869,1.114113412,2.072424624,89,Nurturant love,1,1,1,5.764044944,2.08045977,4.806818182,0,0,True
baby_1_midj_euna.jpg,3.547945205,3.930555556,1.069444444,4.830985915,2.191780822,1.068493151,3.397260274,1.191780822,5.150684932,2.739726027,5.464788732,1.291666667,6.095890411,1.150684932,2.219178082,5.095890411,5.136986301,1.643835616,5.464788732,2.315653831,1.988179073,0.255992346,1.985561565,1.976652152,0.585205736,2.203152577,0.680227377,1.838411398,1.929503371,1.779494197,0.777092813,1.386085451,0.544447551,1.86522694,1.842133301,1.924369078,1.367985776,1.779494197,73,Nurturant love,1,1,1,6.095890411,2.219178082,5.136986301,0,0,True
baby_1_midj_sa.jpg,3.151898734,3.5,1.153846154,4.128205128,1.897435897,1.128205128,2.935897436,1.246753247,4.384615385,3.207792208,4.756410256,1.246753247,5.4625,1.282051282,2.037974684,4.658227848,4.493670886,1.658227848,4.756410256,2.15483123,2.043361122,0.428737896,2.269841658,1.632381287,0.543174277,2.084822977,0.89082818,1.988478301,1.921743057,2.163366169,0.631536225,1.68345448,0.754164815,1.764631421,2.080964249,2.165424206,1.319344009,2.163366169,80,Nurturant love,1,1,1,5.4625,2.037974684,4.493670886,0,0,True
baby_5_midj_af.jpg,3.720588235,3.880597015,1.223880597,4.641791045,2.865671642,1.358208955,4.136363636,1.313432836,4.909090909,3.223880597,5.121212121,1.257575758,5.808823529,1.492537313,2.358208955,4.373134328,4.910447761,1.776119403,5.121212121,2.264888309,2.259809512,0.755202071,2.186054232,2.347761812,0.995466885,2.204096631,1.032926927,1.99018571,1.905501569,1.973011377,0.770825852,1.695096994,1.223174389,1.781227807,2.159095075,2.206954183,1.525747661,1.973011377,69,Nurturant love,1,1,1,5.808823529,2.358208955,4.910447761,0,0,True
baby_5_midj_as.jpg,3.690909091,3.5,1.259259259,3.763636364,1.981818182,1.236363636,3.472727273,1.277777778,4.745454545,3.218181818,4.927272727,1.181818182,5.454545455,1.4,2.0,4.272727273,4.745454545,1.781818182,4.927272727,2.259733902,2.279937106,1.049441634,2.13405922,1.726599195,0.792642939,2.158999644,0.810698899,1.983433068,1.902151891,1.923100751,0.696310624,1.730105775,1.011050059,1.610152972,1.994943102,2.056770048,1.272077756,1.923100751,55,Nurturant love,1,1,1,5.454545455,2.0,4.745454545,0,0,True
baby_5_midj_euna.jpg,3.293478261,3.10989011,1.098901099,3.543478261,1.97826087,1.131868132,2.858695652,1.088888889,4.318681319,3.3,4.373626374,1.123595506,5.384615385,1.4,2.10989011,3.967032967,4.296703297,1.655555556,4.373626374,2.099387893,2.213346132,0.495646493,2.369276996,1.839602566,0.561917179,2.181750088,0.286177616,2.190277105,1.951375199,2.003598716,0.495897367,1.818236207,1.047200656,1.822394941,2.131512501,2.218580655,1.30823761,2.003598716,92,Nurturant love,1,1,1,5.384615385,2.10989011,4.296703297,0,0,True
baby_5_midj_sa.jpg,3.957746479,3.154929577,1.14084507,3.577464789,2.14084507,1.14084507,3.225352113,1.211267606,4.611111111,3.267605634,4.464788732,1.14084507,5.402777778,1.295774648,2.157142857,3.76056338,4.732394366,1.563380282,4.464788732,2.200237778,2.265567651,0.661076495,2.400368852,1.966111279,0.568098951,2.085303562,0.826619501,2.024884316,2.07679524,2.110050683,0.568098951,1.765552399,0.931885434,1.647446107,1.967338948,1.949049193,1.16781107,2.110050683,72,Nurturant love,1,1,1,5.402777778,2.157142857,4.732394366,0,0,True
cat5_midj.jpg,4.694444444,3.76,1.136986301,4.540540541,1.932432432,1.0,3.567567568,1.067567568,5.378378378,2.216216216,4.972972973,1.054054054,6.216216216,1.054054054,2.0,5.32,5.260273973,1.256756757,4.972972973,1.976188456,2.306512519,0.787313796,2.081814206,1.800540871,0.0,2.09422612,0.302096831,1.593675021,1.769376256,1.887035604,0.366093479,1.076145713,0.281478089,1.621769708,1.939350685,2.088509551,0.907515211,1.887035604,75,Nurturant love,1,1,1,6.216216216,2.0,5.260273973,0,0,True
cat_5_midj_af.jpg,4.447761194,4.223880597,1.358208955,4.47761194,2.492537313,1.308823529,4.059701493,1.343283582,4.970149254,3.102941176,4.753846154,1.268656716,5.880597015,1.485294118,2.348484848,4.808823529,5.0,1.47761194,4.753846154,2.190084972,2.013747415,1.137534449,2.084271611,2.155845713,0.950370752,2.073502359,0.862558541,1.808818041,1.885844408,1.837378986,0.641543819,1.581353353,1.298594499,1.868709339,1.822392662,1.969463856,1.063986343,1.837378986,69,Nurturant love,1,1,1,5.880597015,2.348484848,5.0,0,0,True
cat_5_midj_as.jpg,3.745454545,3.763636364,1.272727273,4.055555556,2.188679245,1.148148148,3.6,1.236363636,4.781818182,2.836363636,4.690909091,1.2,5.648148148,1.333333333,2.094339623,4.759259259,5.222222222,1.481481481,4.690909091,2.153534406,2.227468555,0.911948371,2.20989769,2.010133977,0.595815832,2.014760348,0.71914652,1.872717466,1.697095955,1.783387614,0.64978629,1.519153282,0.990521113,1.63217824,1.902681179,1.839469434,1.193389666,1.783387614,55,Nurturant love,1,1,1,5.648148148,2.094339623,5.222222222,0,0,True
cat_5_midj_euna.jpg,3.901098901,3.604395604,1.233333333,3.912087912,1.912087912,1.315217391,3.1,1.247191011,4.582417582,2.573033708,4.516483516,1.197802198,5.483516484,1.456521739,1.967032967,4.43956044,4.736263736,1.582417582,4.516483516,2.011383963,2.118065789,0.654285784,2.058307566,1.502947856,1.147662199,1.977684493,0.758001242,1.850320897,1.594647585,1.916957296,0.581564561,1.688935479,1.180547866,1.448758468,1.99002396,2.064704256,1.291561794,1.916957296,92,Nurturant love,1,1,1,5.483516484,1.967032967,4.736263736,0,0,True
cat_5_midj_sa.jpg,4.225352113,3.347222222,1.070422535,3.746478873,1.732394366,1.183098592,3.014084507,1.23943662,4.8,2.85915493,4.253521127,1.130434783,5.722222222,1.38028169,1.901408451,4.042253521,4.718309859,1.563380282,4.253521127,2.043786284,2.208560313,0.390016251,2.195568978,1.393430981,0.661380788,1.930898812,0.706395048,1.782361241,1.884491403,1.925159065,0.450915522,1.680226529,1.073927334,1.435816637,2.024398462,2.078344799,1.227452581,1.925159065,72,Nurturant love,1,1,1,5.722222222,1.901408451,4.718309859,0,0,True
dog12_midj.jpg,4.545454545,3.686567164,1.121212121,4.212121212,2.184615385,1.166666667,4.430769231,1.424242424,5.318181818,2.666666667,4.651515152,1.227272727,5.910447761,1.242424242,2.4,4.53030303,5.373134328,1.439393939,4.651515152,2.054502135,2.237483403,0.328874609,2.14486974,1.943678115,0.692450128,2.08393581,1.053355168,1.550772422,1.667179408,1.93344988,0.697147033,1.474339537,0.878120476,2.037154879,1.782130937,1.721836765,1.039656569,1.93344988,67,Nurturant love,1,1,1,5.910447761,2.4,5.373134328,0,0,True
dog4_midj.jpg,4.148648649,3.561643836,1.136986301,4.189189189,2.067567568,1.135135135,3.2,1.164383562,5.135135135,2.643835616,4.72972973,1.246575342,5.986666667,1.283783784,2.094594595,5.216216216,5.459459459,1.391891892,4.72972973,2.193904585,2.303296559,0.838568034,2.156072505,1.960787381,0.782064782,2.118132783,0.799543249,1.738558089,2.064043113,1.911015633,0.878458592,1.502190593,1.104415425,1.859215617,1.903639415,2.068612063,1.280170874,1.911015633,75,Nurturant love,1,1,1,5.986666667,2.094594595,5.459459459,0,0,True
dog6_midj.jpg,5.125,4.097222222,1.194444444,4.847222222,2.513888889,1.178082192,4.561643836,1.211267606,5.777777778,2.605633803,4.802816901,1.342465753,6.328767123,1.125,2.444444444,4.458333333,5.888888889,1.541666667,4.802816901,1.927835391,2.189345019,0.70489014,2.039467772,2.041768465,0.71380175,1.900192252,0.73514805,1.445948416,1.768606176,2.095026207,1.016792043,1.269894949,0.408966406,1.751368792,1.814941896,1.724353772,1.310171476,2.095026207,73,Nurturant love,1,1,1,6.328767123,2.444444444,5.888888889,0,0,True
dog_6_midj_af.jpg,4.3625,3.860759494,1.1375,4.75,2.7125,1.175,4.4625,1.3875,5.17721519,3.151898734,5.135802469,1.253164557,5.987341772,1.2625,3.0,4.7125,5.567901235,1.291139241,5.135802469,2.171412362,2.158668733,0.4966661,2.022030562,2.217272529,0.611596789,2.187095351,1.037203519,1.6928166,2.07604535,1.730267945,0.912426385,1.305743436,0.68885798,1.909337482,1.829392581,1.802347578,0.907968975,1.730267945,81,Nurturant love,1,1,1,5.987341772,3.0,5.567901235,0,0,True
dog_6_midj_as.jpg,4.212121212,3.46969697,1.276923077,4.53030303,2.742424242,1.257575758,4.121212121,1.227272727,5.268656716,2.769230769,4.656716418,1.242424242,5.666666667,1.363636364,2.523076923,4.439393939,5.23880597,1.409090909,4.656716418,2.187482934,2.387271999,0.760503376,2.247868713,2.214015538,0.729817808,2.180438569,0.489755184,1.754492844,1.637158655,2.071101587,0.583374957,1.572194286,0.83456785,2.016399113,1.898410573,1.97015268,0.911081736,2.071101587,67,Nurturant love,1,1,1,5.666666667,2.523076923,5.23880597,0,0,True
dog_6_midj_euna.jpg,4.730769231,3.820512821,1.141025641,4.423076923,2.220779221,1.115384615,4.192307692,1.141025641,5.142857143,2.948051948,4.730769231,1.141025641,5.922077922,1.246753247,2.415584416,4.727272727,5.631578947,1.233766234,4.730769231,2.099307721,2.166711493,0.597056829,2.230364426,1.970996119,0.455294089,2.1864856,0.551841286,1.917470138,2.031955915,2.166288806,0.551841286,1.493549585,0.797295497,1.8306646,1.930614598,1.882141371,0.723589443,2.166288806,78,Nurturant love,1,1,1,5.922077922,2.415584416,5.631578947,0,0,True
dog_6_midj_sa.jpg,4.071428571,3.180722892,1.214285714,4.166666667,2.178571429,1.166666667,3.662650602,1.261904762,5.142857143,2.554216867,4.69047619,1.156626506,5.988095238,1.285714286,2.457831325,4.554216867,5.488095238,1.416666667,4.69047619,1.980542181,2.019083216,0.677903013,2.205323971,1.976736475,0.577350269,1.995587257,0.837653746,1.651161381,1.747841959,2.041592755,0.480901788,1.256252292,0.631911016,1.727123683,1.782386808,1.646420342,1.05520321,2.041592755,84,Nurturant love,1,1,1,5.988095238,2.457831325,5.488095238,0,0,True
h001_midj.jpg,3.571428571,4.014492754,1.314285714,4.887323944,2.828571429,1.246376812,3.871428571,1.333333333,5.0,3.228571429,5.428571429,1.68115942,5.857142857,1.457142857,2.714285714,5.371428571,5.385714286,1.811594203,5.428571429,2.268699612,2.096865684,0.843437706,1.96067988,2.258455472,0.829702234,2.2323149,0.94971616,1.992633492,2.079377196,1.681712624,1.344845865,1.457471647,1.175667732,2.099985211,1.686875412,2.052166456,1.656319115,1.681712624,71,Nurturant love,1,1,1,5.857142857,2.714285714,5.385714286,0,0,True
h090_midj.jpg,3.903614458,3.048780488,1.325301205,3.590361446,1.891566265,1.228915663,3.204819277,1.325301205,4.722891566,2.341463415,4.170731707,1.634146341,5.493975904,1.626506024,2.084337349,3.804878049,4.756097561,1.493975904,4.170731707,2.039933391,2.011709175,0.898622709,2.22533168,1.57737083,0.754261086,2.117056379,0.925366555,1.755223931,1.693994565,2.047611545,1.048363747,1.517165955,1.123049457,1.617019384,1.815155841,1.959849929,1.140961233,2.047611545,83,Nurturant love,1,1,1,5.493975904,2.084337349,4.756097561,0,0,True
maps145_midj.jpg,3.625,3.171428571,1.319444444,4.185714286,2.056338028,1.323943662,3.527777778,1.555555556,4.597222222,3.027777778,3.728571429,1.571428571,5.361111111,1.76056338,2.211267606,3.637681159,4.013888889,2.125,3.728571429,2.152217985,2.186728273,0.836262458,2.094110839,1.819633589,1.011005834,2.181692212,1.149266623,1.983450701,1.891211864,2.112224108,1.280527841,1.825527557,1.428933556,1.611702675,2.028988552,2.229716432,1.743700937,2.112224108,72,Nurturant love,1,1,1,5.361111111,2.211267606,4.013888889,0,0,True
maps160_midj.jpg,4.037974684,3.628205128,1.088607595,4.797468354,2.607594937,1.075949367,3.734177215,1.101265823,5.333333333,2.797468354,4.743589744,1.215189873,5.948717949,1.278481013,2.324675325,4.46835443,5.037974684,1.620253165,4.743589744,2.15693894,2.089609262,0.398390139,2.034193262,2.034432583,0.311001356,2.313332931,0.303608077,1.680032983,1.720016002,2.182789217,0.497967306,1.528070134,0.876132364,1.852747309,1.886765262,2.065858225,1.274038576,2.182789217,79,Nurturant love,1,1,1,5.948717949,2.324675325,5.037974684,0,0,True
maps252_midj.jpg,4.157142857,3.811594203,1.231884058,4.704225352,2.771428571,1.205882353,3.943661972,1.173913043,5.154929577,2.768115942,4.816901408,1.2,5.774647887,1.385714286,3.043478261,4.485714286,5.157142857,1.471428571,4.816901408,2.319643365,2.171170478,0.788612474,2.167252152,2.353975537,0.681500179,2.323097218,0.617312051,1.939424711,1.848249788,2.133473755,0.604332186,1.790428385,0.921449034,2.245484244,2.151796399,2.197730808,1.003203977,2.133473755,71,Nurturant love,1,1,1,5.774647887,3.043478261,5.157142857,0,0,True
p030_midj.jpg,3.063291139,3.088607595,1.17721519,4.088607595,2.265822785,1.240506329,3.075949367,1.227848101,4.628205128,3.3625,4.405063291,1.278481013,5.35443038,1.316455696,2.012658228,4.1125,4.230769231,1.784810127,4.405063291,2.156336947,2.293747764,0.65553841,2.354427762,2.042552832,0.754731908,2.346695177,0.815701163,2.1265726,1.988853432,2.312280411,0.904925395,1.935087454,0.824998894,1.58108751,2.164113231,2.351695033,1.48212327,2.312280411,80,Nurturant love,1,1,1,5.35443038,2.012658228,4.230769231,0,0,True
p030_midj_af.jpg,4.051724138,3.706896552,1.224137931,5.051724138,2.105263158,1.228070175,3.875,1.275862069,5.410714286,3.245614035,5.120689655,1.607142857,6.051724138,1.448275862,2.465517241,4.706896552,5.438596491,1.413793103,5.120689655,2.327730721,2.278877999,0.701954751,2.04701249,1.838906998,1.035400955,2.216159659,0.91369893,1.581446814,2.072616546,1.983065023,1.509708839,1.099001362,1.078862523,2.145705767,1.891890549,1.783030565,0.817237168,1.983065023,58,Nurturant love,1,1,1,6.051724138,2.465517241,5.438596491,0,0,True
p030_midj_as.jpg,3.691176471,3.367647059,1.191176471,4.426470588,2.343283582,1.208955224,3.426470588,1.161764706,4.405797101,3.397058824,4.426470588,1.343283582,5.260869565,1.411764706,2.176470588,4.188405797,4.358208955,1.647058824,4.426470588,2.194003721,2.23876573,0.629080185,2.187591714,1.981369581,0.807865002,2.254787123,0.506975054,1.994985188,1.845848152,2.11826581,1.008332539,1.787638715,1.040024313,1.836131368,2.15758145,2.206749238,1.278580205,2.11826581,69,Nurturant love,1,1,1,5.260869565,2.176470588,4.358208955,0,0,True
p030_midj_euna.jpg,3.282352941,2.917647059,1.130952381,4.435294118,2.235294118,1.178571429,3.235294118,1.214285714,4.729411765,3.611764706,4.341176471,1.202380952,5.654761905,1.270588235,2.235294118,4.305882353,4.494117647,1.55952381,4.341176471,2.067962908,1.84010717,0.509659984,2.020414024,1.842921198,0.624031091,2.163809795,0.712562465,1.815201913,1.915439261,2.090528192,0.576231252,1.435303986,0.762018549,1.736492488,1.858209132,2.102286337,1.112374974,2.090528192,85,Nurturant love,1,1,1,5.654761905,2.235294118,4.494117647,0,0,True
p030_midj_sa.jpg,3.841269841,3.262295082,1.180327869,4.1875,2.0,1.095238095,3.306451613,1.111111111,4.8125,2.857142857,4.111111111,1.222222222,5.451612903,1.241935484,2.193548387,4.112903226,4.360655738,1.444444444,4.111111111,2.057295039,1.922685963,0.562974147,1.942629538,1.684847078,0.389966323,1.955142104,0.364165467,1.670234277,1.693032618,1.893206114,0.580446003,1.478561766,0.563521826,1.617919223,1.765840149,2.049656775,1.059180721,1.893206114,64,Nurturant love,1,1,1,5.451612903,2.193548387,4.360655738,0,0,True
p035_midj.jpg,4.371428571,3.585714286,1.014285714,3.971428571,2.057142857,1.142857143,3.671428571,1.1,4.652173913,2.328571429,4.557142857,1.314285714,5.828571429,1.314285714,2.228571429,4.214285714,4.714285714,1.557142857,4.557142857,2.188053391,2.54520212,0.119522861,2.472875628,1.932826377,0.707838397,2.351203383,0.386361699,2.113166616,1.81556418,2.319643365,1.070593187,1.88026693,1.161494005,1.835017107,2.238612777,2.32280975,1.440971032,2.319643365,70,Nurturant love,1,1,1,5.828571429,2.228571429,4.714285714,0,0,True
penguins2_midj.jpg,4.612903226,4.387096774,1.14516129,4.967741935,2.629032258,1.096774194,4.161290323,1.177419355,5.540983607,2.68852459,5.403225806,1.274193548,6.193548387,1.419354839,2.5,5.129032258,5.596774194,1.209677419,5.403225806,2.098827453,2.264152856,0.568194558,1.991520895,2.001916057,0.534381132,2.034082936,0.665895023,1.618371306,2.029293667,1.796715377,0.681592995,1.225931692,1.167151318,1.853220502,1.833064897,1.894423892,0.792114762,1.796715377,62,Nurturant love,1,1,1,6.193548387,2.5,5.596774194,0,0,True
posmidsoc_18_midj.jpg,4.4,3.528571429,1.042857143,4.571428571,2.328571429,1.115942029,4.328571429,1.114285714,5.614285714,2.652173913,4.826086957,1.185714286,6.328571429,1.142857143,2.536231884,4.757142857,5.485714286,1.542857143,4.826086957,2.080969674,2.332638169,0.203997321,2.26230246,2.191693334,0.529601179,2.083207036,0.362873282,1.417211562,1.908387732,1.773634701,0.572126902,1.125738773,0.490066966,2.139129222,1.829197292,1.870773359,1.200069011,1.773634701,71,Nurturant love,1,1,1,6.328571429,2.536231884,5.485714286,0,0,True
posmidsoc_23_midj.jpg,4.197530864,2.8625,1.088607595,4.6375,2.222222222,1.098765432,3.6875,1.17721519,5.333333333,2.65,4.913580247,1.3375,6.259259259,1.05,2.135802469,4.5125,5.2,1.333333333,4.93902439,1.860240261,1.846952673,0.682939976,1.96323003,1.843908891,0.681999602,2.047497701,0.888090629,1.702938637,1.75094911,1.93776631,0.992933896,1.126696252,0.219320008,1.625984982,1.793050932,1.944808083,0.935414347,1.939502042,82,Nurturant love,1,1,1,6.259259259,2.135802469,5.2,0,0,True
posmidsoc_25_midj.jpg,3.410958904,3.671232877,1.305555556,5.125,2.694444444,1.183098592,3.875,1.430555556,5.04109589,3.136986301,4.986111111,1.597222222,5.736111111,1.5,2.361111111,4.084507042,5.054794521,2.068493151,4.986111111,2.326392155,2.082031557,1.056687475,2.02753927,2.146985367,0.703254864,2.08237067,1.11110133,1.851713592,1.828137094,2.08612489,1.307181919,1.686675667,1.087703356,1.833226629,2.012436184,2.114043065,1.820628456,2.08612489,73,Nurturant love,1,1,1,5.736111111,2.361111111,5.054794521,0,0,True
posmidsoc_2_midj.jpg,3.8,3.869565217,1.2,4.594202899,2.171428571,1.042857143,4.142857143,1.342857143,4.957142857,2.31884058,4.6,1.457142857,6.0,1.428571429,2.565217391,3.434782609,4.528571429,1.485714286,4.6,2.338090389,2.332084674,0.753734663,2.365927505,2.056953062,0.203997321,2.336141463,0.866204687,2.142974462,1.744678916,2.248348831,0.927607399,1.532261755,0.956615843,2.010840188,2.16576478,2.357359297,1.059708152,2.248348831,70,Nurturant love,1,1,1,6.0,2.565217391,4.528571429,0,0,True
2455_midj.jpg,2.514285714,3.085714286,1.637681159,4.550724638,2.214285714,1.342857143,2.405797101,2.585714286,2.774647887,3.0,4.405797101,3.757142857,3.718309859,3.157142857,2.585714286,3.347826087,4.171428571,2.528571429,3.757142857,1.946701835,1.968909484,1.259913798,2.047496548,1.932879935,0.930726914,1.674364151,1.82964998,1.845435938,1.888178326,2.024256149,1.914367601,2.165859108,1.877677522,1.95227743,2.195088682,2.091885139,1.855047392,1.914367601,71,Sadness,0,1,0,3.157142857,2.585714286,2.528571429,0,0,True
2480_midj.jpg,1.731707317,1.975308642,1.345679012,2.487804878,1.530864198,1.073170732,1.6875,1.585365854,1.93902439,3.512195122,2.93902439,3.792682927,3.195121951,2.707317073,1.573170732,3.170731707,3.512195122,2.451219512,3.792682927,1.499372548,1.588830613,0.777182312,1.772519323,1.194638227,0.305524758,1.392509346,1.175377213,1.510028705,1.951535656,1.76626523,2.083075865,1.933710208,1.629116286,1.257378105,1.910367285,2.132892908,1.778836067,2.083075865,82,Sadness,0,1,0,2.707317073,1.573170732,2.451219512,0,1,True
2480_midj_af.jpg,2.792207792,3.116883117,1.512820513,3.448717949,2.17721519,1.316455696,3.088607595,1.683544304,3.35443038,4.076923077,4.050632911,2.582278481,4.358974359,2.151898734,2.126582278,3.871794872,4.202531646,1.848101266,2.582278481,2.104741904,2.096199732,1.203281118,2.339094263,1.985585838,0.793310231,2.16729699,1.363858627,2.219020197,2.112235418,2.117683387,1.938857679,2.150048981,1.477077916,1.682238196,2.040874363,2.126630577,1.485732208,1.938857679,79,Sadness,0,1,0,2.151898734,2.126582278,1.848101266,0,0,True
2480_midj_as.jpg,2.554054054,3.337837838,1.297297297,3.426666667,1.959459459,1.337837838,2.783783784,1.547945205,3.452054795,3.684931507,3.351351351,3.081081081,4.369863014,2.486486486,1.797297297,4.68,4.378378378,1.905405405,3.081081081,1.945432951,2.029083247,0.917556758,2.119238347,1.731569794,1.024053549,1.939285776,1.067722081,2.081940173,1.899391074,2.116034236,1.998333256,2.017333563,1.792245421,1.323959708,2.014541729,2.124241703,1.386519432,1.998333256,76,Sadness,0,1,0,2.486486486,1.797297297,1.905405405,0,0,True
2480_midj_euna.jpg,2.311688312,2.493506494,1.363636364,3.285714286,1.883116883,1.207792208,2.558441558,1.714285714,2.519480519,4.131578947,3.532467532,3.168831169,3.363636364,2.675324675,2.246753247,3.545454545,3.558441558,2.545454545,3.168831169,1.893616286,1.944109704,0.857000444,2.229332818,1.776854302,0.614253127,2.067884162,1.244536934,2.087622607,2.028740859,2.09375271,1.894608676,2.012520617,1.838488785,1.836442816,2.016676882,2.02285303,1.773677821,1.894608676,77,Sadness,0,1,0,2.675324675,2.246753247,2.545454545,0,0,True
2480_midj_sa.jpg,2.051948052,2.584415584,1.402597403,2.884615385,1.61038961,1.350649351,2.155844156,1.857142857,2.5,3.38961039,3.103896104,3.077922078,3.662337662,2.545454545,1.779220779,3.948717949,3.61038961,2.311688312,3.077922078,1.613235584,1.719475512,0.963269382,1.913592998,1.258192565,0.823443248,1.522333174,1.448359196,1.732050808,1.850717103,1.984044352,1.84081099,1.896051226,1.618523162,1.198940065,1.871851892,2.084755723,1.741594402,1.84081099,78,Sadness,0,1,0,2.545454545,1.779220779,2.311688312,0,0,True
9470_midj.jpg,1.35443038,2.253164557,3.679487179,1.576923077,1.181818182,3.025641026,1.441558442,4.576923077,1.090909091,2.141025641,1.692307692,4.835443038,1.139240506,5.666666667,2.333333333,1.197368421,1.769230769,4.858974359,4.835443038,0.920395326,1.720676331,2.135011723,1.179029215,0.720512842,2.174076063,0.95274543,2.041893893,0.331734603,1.535082036,1.360936388,2.009148179,0.473237004,1.40191582,1.784978203,0.673691064,1.502578536,2.225731218,2.009148179,79,Sadness,0,1,0,5.666666667,2.333333333,4.858974359,0,1,True
9530_midj.jpg,1.417721519,2.128205128,4.075949367,2.594936709,1.455696203,3.481012658,1.506329114,3.569620253,1.291139241,2.1125,3.435897436,5.164556962,1.53164557,5.329113924,2.101265823,1.544303797,2.743589744,3.9,5.164556962,1.116399833,1.565529447,2.080262261,1.822361017,1.196120528,1.940530984,1.060641046,2.085871547,0.803069412,1.359390686,2.061330699,1.79336655,1.107497098,1.781108262,1.581908428,1.083648495,2.0729294,2.155945562,1.79336655,80,Sadness,0,1,0,5.329113924,2.101265823,3.9,0,1,True
9530_midj_af.jpg,2.078125,2.193548387,3.96875,3.292307692,1.65625,3.109375,2.047619048,3.1875,1.859375,2.53968254,3.723076923,5.015873016,2.03125,4.984375,2.246153846,1.918032787,3.359375,3.4375,5.015873016,1.962381833,1.781864097,2.218026794,2.241114935,1.514152809,2.116579957,1.912847661,2.099697635,1.79829891,1.721078027,2.161507665,2.019997313,1.85992618,2.14913927,1.854308911,1.744468228,2.242215369,2.280872849,2.019997313,66,Sadness,0,1,0,4.984375,2.246153846,3.4375,1,1,True
9530_midj_as.jpg,1.363636364,2.025974026,3.487179487,2.328947368,1.233766234,2.688311688,1.402597403,2.974358974,1.311688312,2.194805195,3.038961039,4.526315789,1.679487179,4.961038961,1.87012987,1.506493506,2.623376623,3.506493506,4.526315789,0.841506964,1.504152375,2.081106036,1.806566968,0.646775482,1.771557004,1.091350446,2.057449935,1.091350446,1.451305774,2.092854752,1.900692395,1.353145347,1.816891203,1.533405647,1.131177503,1.9401503,2.106527303,1.900692395,78,Sadness,0,1,0,4.961038961,1.87012987,3.506493506,1,1,True
9530_midj_euna.jpg,1.426666667,1.88,3.716216216,2.133333333,1.253333333,2.906666667,1.333333333,3.506666667,1.253333333,2.08,2.88,5.094594595,1.573333333,5.157894737,2.013333333,1.346666667,2.613333333,3.733333333,5.094594595,1.092645356,1.413831291,1.861802561,1.605171822,0.790027939,1.839310486,0.84363008,1.773478284,0.772733536,1.205393286,1.874148455,1.631613362,1.187472143,1.523615276,1.4749561,0.725842164,1.866441428,1.891183909,1.631613362,76,Sadness,0,1,0,5.157894737,2.013333333,3.733333333,1,1,True
9530_midj_sa.jpg,1.691176471,2.117647059,3.25,2.382352941,1.441176471,2.588235294,1.602941176,2.764705882,1.455882353,2.397058824,3.264705882,4.462686567,1.955882353,4.470588235,1.926470588,1.544117647,2.676470588,3.338235294,4.462686567,1.384965681,1.550439627,1.696132563,1.657451845,1.070393329,1.694902754,1.024180865,1.693866433,1.013841866,1.28295026,1.775602879,1.752300291,1.429265791,1.634247175,1.38559946,1.028458106,1.765686002,1.959365524,1.752300291,68,Sadness,0,1,0,4.470588235,1.926470588,3.338235294,1,1,True
9561_midj.jpg,1.485714286,2.014285714,3.558823529,3.171428571,1.585714286,3.114285714,1.471428571,3.085714286,1.428571429,2.371428571,4.0,4.814285714,1.885714286,4.857142857,2.114285714,1.428571429,3.271428571,3.1,4.814285714,1.017853057,1.681035371,2.396404975,2.186728273,1.449566223,2.312805293,1.138539983,2.158521079,1.043564524,1.91992926,2.290497066,2.234725008,1.469919224,2.114722131,1.773744562,1.015409228,2.466714229,2.316606714,2.234725008,70,Sadness,0,1,0,4.857142857,2.114285714,3.1,1,1,True
9941_midj.jpg,1.698630137,2.887323944,3.561643836,1.652777778,1.5,3.055555556,1.732394366,4.694444444,1.472222222,2.166666667,1.694444444,4.616438356,1.630136986,5.424657534,2.333333333,1.430555556,1.875,5.430555556,4.616438356,1.551745715,1.893970099,2.127768141,1.212141885,1.198590722,2.174687213,1.275681851,2.032405699,1.186451951,1.529061205,1.338896843,2.08586604,1.274829502,1.840273291,1.678362717,0.931852447,1.573884582,1.977524337,2.08586604,73,Sadness,0,1,0,5.424657534,2.333333333,5.430555556,0,0,True
a039_midj.jpg,2.771428571,3.371428571,3.171428571,2.927536232,1.7,2.816901408,2.289855072,3.704225352,1.942857143,2.47826087,3.014285714,4.128571429,2.797101449,4.352112676,2.585714286,2.044117647,2.742857143,4.185714286,4.128571429,2.044231393,1.95730833,1.99979295,1.965278311,1.417795799,1.822947842,1.627895152,2.120608849,1.413041886,1.711627155,1.959686881,2.19961412,2.047808801,2.091469692,1.937373518,1.530133381,2.040784975,2.336185775,2.19961412,71,Sadness,0,1,0,4.352112676,2.585714286,4.185714286,1,1,True
a059_midj.jpg,2.455696203,2.962025316,2.17721519,2.797468354,1.544303797,2.341772152,2.307692308,2.358974359,2.41025641,3.215189873,2.860759494,2.833333333,3.153846154,2.987179487,1.974358974,2.512820513,3.320512821,2.628205128,2.833333333,1.831333186,1.842817227,1.851953187,1.89722974,1.217368625,2.005671931,1.677255739,1.858461583,1.678248139,1.851339682,1.844841576,1.989692051,1.907448987,1.841044239,1.450251738,1.703652225,1.950648176,1.887133292,1.989692051,79,Sadness,0,1,0,2.987179487,1.974358974,2.628205128,0,0,True
animals_077_h_midj.jpg,1.885714286,1.985714286,3.728571429,2.928571429,1.528571429,3.15942029,1.897058824,3.571428571,1.782608696,2.314285714,3.084507042,4.642857143,2.31884058,4.414285714,2.442857143,1.814285714,3.253521127,3.814285714,4.642857143,1.58382089,1.637361408,2.23879774,1.95841868,1.259415882,1.952548775,1.477590878,2.223533085,1.370589882,1.574643803,2.109478465,2.064438123,1.898085364,2.122978883,2.004601332,1.37569858,2.129509064,2.373115467,2.064438123,71,Sadness,0,1,0,4.414285714,2.442857143,3.814285714,1,1,True
deadbodies2_midj.jpg,1.113924051,1.897435897,3.860759494,1.316455696,1.115384615,3.935897436,1.215189873,4.474358974,1.113924051,1.898734177,1.886075949,5.556962025,1.113924051,5.860759494,2.227848101,1.192307692,1.379746835,5.225,5.556962025,0.480046519,1.550783159,2.080028212,0.968004871,0.534055039,2.170281827,0.691910882,2.06846677,0.71588822,1.573783101,1.53578963,1.692720731,0.357603913,1.574916988,1.797072884,0.665625227,1.029112108,2.332896282,1.692720731,80,Sadness,0,1,0,5.860759494,2.227848101,5.225,0,1,True
dog24_midj.jpg,1.424242424,1.712121212,3.227272727,3.015151515,1.492307692,2.818181818,1.560606061,2.969230769,1.393939394,1.757575758,4.03125,5.194029851,1.621212121,5.015151515,1.848484848,1.53030303,3.878787879,2.954545455,5.194029851,1.110240529,1.422512961,1.967391514,2.09389166,1.238989973,1.928802665,1.178379433,1.952316179,1.065237971,1.277745684,2.130420258,1.794256881,1.147105407,1.686985698,1.42766538,1.126187537,2.201504042,2.063841215,1.794256881,67,Sadness,0,1,0,5.015151515,1.848484848,2.954545455,0,1,True
dog26_midj.jpg,1.136363636,1.446153846,4.287878788,2.393939394,1.363636364,3.909090909,1.227272727,3.5,1.287878788,1.803030303,3.757575758,5.731343284,1.242424242,5.552238806,1.893939394,1.151515152,3.166666667,3.409090909,5.731343284,0.762311538,1.090165831,2.110524189,1.830332361,1.184987681,2.230745117,0.697147033,2.213594362,0.98863,1.303482873,2.233042809,1.572318203,0.823885841,1.588629885,1.618439779,0.827274008,2.270773053,2.320326719,1.572318203,67,Sadness,0,1,0,5.552238806,1.893939394,3.409090909,0,1,True
dog31_midj.jpg,1.577464789,1.957746479,4.125,2.971830986,1.338028169,3.169014085,1.542857143,2.958333333,1.472222222,2.084507042,3.61971831,5.014285714,1.666666667,5.194444444,1.957142857,1.591549296,3.458333333,3.319444444,5.014285714,1.316510234,1.685540352,2.068799066,1.82812809,0.999194847,2.151317971,1.21208545,1.988966042,1.087343607,1.738196758,2.044967322,1.989048692,1.414213562,1.820376752,1.582840176,1.326407229,2.238821999,2.269369764,1.989048692,72,Sadness,0,1,0,5.194444444,1.957142857,3.319444444,0,1,True
dr11.eu_civil_protection_and_humanitarian_aid_operations-ccbyncnd2.0_midj.jpg,1.547945205,2.178082192,3.643835616,1.657534247,1.287671233,4.547945205,1.342465753,3.767123288,1.225352113,2.194444444,1.986111111,5.486111111,1.246575342,5.684931507,2.109589041,1.301369863,1.739726027,5.164383562,5.486111111,1.354427881,1.718708056,2.188161729,1.406524263,0.964357185,1.818432597,0.869533369,2.085136206,0.848480711,1.597876133,1.682495259,1.661435452,0.662084711,1.413002244,1.799395298,0.739461732,1.490967222,2.007027228,1.661435452,73,Sadness,0,1,0,5.684931507,2.109589041,5.164383562,0,1,True
dr20.luca_de_vito-ccbyncnd2.0_midj.jpg,2.071428571,2.657142857,3.357142857,3.442857143,1.657142857,2.571428571,2.014285714,2.542857143,1.927536232,2.342857143,4.130434783,4.901408451,2.442857143,4.929577465,2.4,2.072463768,3.623188406,3.144927536,4.901408451,1.755500082,1.792785173,1.841830487,2.204315361,1.381930117,2.025714607,1.698190487,1.682697233,1.691838893,1.623073791,2.092796071,2.043490918,1.893051476,1.869483838,1.747876559,1.700508925,2.203616341,2.164386629,2.043490918,71,Sadness,0,1,0,4.929577465,2.4,3.144927536,0,1,True
dr25.padre_djacy_brasileiro-ccbyncnd2.0_midj.jpg,1.333333333,2.013333333,4.386666667,1.426666667,1.013333333,4.173333333,1.150684932,4.0,1.053333333,1.702702703,2.213333333,5.666666667,1.2,5.786666667,1.586666667,1.337837838,1.68,5.133333333,5.666666667,1.106898923,1.774392422,2.211110357,1.15282653,0.115470054,2.075424628,0.569386436,2.04013778,0.226210458,1.246691289,1.78804841,1.912500368,0.805387266,1.76522974,1.242200895,0.940373389,1.337201596,1.968215911,1.912500368,75,Sadness,0,1,0,5.786666667,1.586666667,5.133333333,0,1,True
faces_172_midj.jpg,1.323943662,1.718309859,2.828571429,2.083333333,1.333333333,2.222222222,1.291666667,2.652777778,1.225352113,2.375,2.718309859,4.847222222,1.777777778,4.402777778,1.661971831,1.485714286,2.569444444,3.464788732,4.847222222,0.841336486,1.436096879,1.910849485,1.441341316,0.87210285,1.549395359,0.829686858,1.785384499,0.65894251,1.673635665,1.876037607,1.820537935,1.258461191,1.725204395,1.094710163,1.113069358,1.806298752,2.013035987,1.820537935,72,Sadness,0,1,0,4.402777778,1.661971831,3.464788732,1,1,True
faces_172_midj_af.jpg,1.61971831,2.056338028,2.38028169,2.605633803,1.267605634,2.098591549,1.422535211,3.180555556,1.394366197,2.771428571,2.830985915,4.75,2.309859155,4.375,1.591549296,1.685714286,2.777777778,3.375,4.75,1.467419476,1.54815396,1.67644349,1.900968725,0.861190977,1.559807035,1.064518293,1.893847629,0.886064706,1.835017107,1.941913015,1.859501675,1.825154,1.98187207,1.1411456,1.21037612,2.036444168,2.197549852,1.859501675,73,Sadness,0,1,0,4.375,1.591549296,3.375,1,1,True
faces_172_midj_as.jpg,1.833333333,2.180555556,1.555555556,2.486111111,1.347222222,1.444444444,1.5,2.388888889,1.763888889,3.958333333,2.972222222,3.458333333,3.0,3.438356164,1.569444444,2.478873239,2.958333333,3.028169014,3.458333333,1.50117325,1.550341979,1.005462389,1.744149622,0.98094123,0.947775585,0.974307632,1.55242251,1.204370627,1.946014345,1.791782669,1.830396709,1.678362717,1.589778997,1.148500417,1.672117177,1.763778754,1.820296922,1.830396709,73,Sadness,0,1,0,3.438356164,1.569444444,3.028169014,0,0,True
faces_172_midj_euna.jpg,1.388888889,1.972222222,2.069444444,2.236111111,1.208333333,2.180555556,1.319444444,3.305555556,1.333333333,2.605633803,2.652777778,4.591549296,1.986111111,4.319444444,1.625,1.666666667,2.180555556,3.819444444,4.591549296,1.157407929,1.556198168,1.485387879,1.62283924,0.749412916,1.366875628,0.836262458,2.032405699,0.855800424,1.580947937,1.645820333,1.832854641,1.378844746,1.806298752,1.155970417,1.162803799,1.456664035,1.908663635,1.832854641,72,Sadness,0,1,0,4.319444444,1.625,3.819444444,1,1,True
faces_172_midj_sa.jpg,1.405797101,1.768115942,1.956521739,2.101449275,1.188405797,2.028985507,1.462686567,2.463768116,1.391304348,3.405797101,2.391304348,3.714285714,2.144927536,3.764705882,1.47826087,1.724637681,2.463768116,3.220588235,3.714285714,1.047670253,1.296430933,1.344211803,1.486655618,0.670280063,1.283045716,1.00496281,1.539477663,0.861213086,1.809442883,1.637945191,1.858336931,1.263461193,1.821248113,1.008911697,1.148964469,1.762182054,2.064957,1.858336931,70,Sadness,0,1,0,3.764705882,1.47826087,3.220588235,0,1,True
faces_363_v_midj.jpg,1.073170732,1.634146341,4.219512195,2.792682927,1.146341463,2.914634146,1.12195122,3.530864198,1.024691358,1.426829268,3.329268293,5.890243902,1.329268293,5.580246914,2.197530864,1.219512195,2.743902439,3.926829268,5.890243902,0.465620197,1.374478084,2.266363761,2.106649114,0.590499918,2.144192383,0.616446285,2.197079993,0.156149659,0.981690251,2.266529833,1.602514209,0.861449798,1.709270294,1.742266865,0.609075199,2.198826711,2.292125478,1.602514209,82,Sadness,0,1,0,5.580246914,2.197530864,3.926829268,0,1,True
maps330_midj.jpg,1.314285714,1.882352941,5.492753623,1.971428571,1.328571429,4.885714286,1.271428571,5.2,1.028985507,1.4,2.814285714,6.3,1.014285714,6.420289855,2.376811594,1.260869565,2.485714286,4.507042254,6.3,1.14894857,1.766431699,2.118706517,1.809567396,0.958885654,2.223346851,0.946717113,2.096235411,0.168994822,0.907297308,2.215183816,1.397202173,0.119522861,1.2993867,2.072945115,0.851506864,2.237641468,2.64506678,1.397202173,71,Sadness,0,1,0,6.420289855,2.376811594,4.507042254,0,1,True
maps330_midj_af.jpg,1.302325581,1.8,5.151162791,2.23255814,1.034883721,4.058139535,1.127906977,4.639534884,1.058823529,1.651162791,2.620689655,6.094117647,1.174418605,6.022988506,2.139534884,1.139534884,2.523255814,4.729411765,6.094117647,1.127931657,1.688899332,2.199023537,1.926132477,0.23998404,2.224751942,0.69952104,2.124992959,0.357002774,1.378553734,2.114410024,1.563143425,0.654250545,1.677324915,1.92911312,0.597303563,2.162388354,2.290707082,1.563143425,87,Sadness,0,1,0,6.022988506,2.139534884,4.729411765,0,1,True
maps330_midj_as.jpg,1.282051282,1.692307692,4.153846154,1.807692308,1.102564103,4.051282051,1.166666667,4.333333333,1.08974359,1.641025641,2.282051282,5.384615385,1.320512821,5.782051282,1.948717949,1.192307692,2.025641026,4.948717949,5.384615385,1.149787512,1.505899156,2.330358219,1.644018614,0.57184467,2.368063683,0.590326053,2.31127483,0.488461604,1.2376597,1.829750078,1.908496173,1.211348822,1.67213555,1.82263856,0.773887007,1.879308791,2.155617463,1.908496173,78,Sadness,0,1,0,5.782051282,1.948717949,4.948717949,0,1,True
maps330_midj_euna.jpg,1.263888889,1.583333333,5.263888889,1.888888889,1.083333333,4.347222222,1.152777778,4.666666667,1.056338028,1.472222222,2.805555556,5.972222222,1.125,6.236111111,2.194444444,1.097222222,1.75,5.722222222,5.972222222,1.048043859,1.535954078,1.964423404,1.605935781,0.365790674,2.150399388,0.464507075,2.109669222,0.232214429,1.255660112,2.10056256,1.519564636,0.603685862,1.53359612,1.797015436,0.449090543,1.391624848,1.696908724,1.519564636,72,Sadness,0,1,0,6.236111111,2.194444444,5.722222222,0,1,True
maps330_midj_sa.jpg,1.158536585,1.756097561,4.817073171,1.646341463,1.049382716,4.345679012,1.207317073,4.304878049,1.036585366,1.670731707,3.048192771,5.548780488,1.231707317,6.12195122,2.12195122,1.048780488,2.048192771,5.085365854,5.548780488,0.777293694,1.710973844,2.085387425,1.534556285,0.269315548,2.26473229,0.715572893,2.112216228,0.188896859,1.457673421,2.2518481,1.950956961,1.1363661,1.460511021,1.766563546,0.267703495,1.999412197,2.20101671,1.950956961,83,Sadness,0,1,0,6.12195122,2.12195122,5.085365854,0,1,True
miserable_pose_3_midj_af.jpg,1.360465116,1.823529412,3.459770115,1.906976744,1.162790698,3.105882353,1.166666667,3.847058824,1.139534884,2.11627907,2.360465116,5.694117647,1.441860465,5.379310345,1.894117647,1.38372093,2.406976744,4.476744186,5.694117647,1.061772001,1.481444522,2.208885848,1.561506866,0.764821627,2.214796182,0.708525252,2.29131841,0.41053167,1.655071384,1.933681589,1.772968518,1.184256045,1.995584541,1.683417226,1.042266813,2.042938524,2.284097166,1.772968518,87,Sadness,0,1,0,5.379310345,1.894117647,4.476744186,1,1,True
miserable_pose_3_midj_as.jpg,1.448717949,1.714285714,2.371794872,1.935897436,1.192307692,2.487179487,1.166666667,3.205128205,1.103896104,2.355263158,2.08974359,4.789473684,1.769230769,4.461538462,1.641025641,1.717948718,2.256410256,4.102564103,4.789473684,1.255092855,1.346116665,1.927982421,1.614381339,0.703565914,1.835745998,0.494559142,1.976215551,0.446754836,1.555240152,1.629165171,1.849798472,1.511196971,1.821176355,1.376749031,1.32799464,1.963537078,2.07389303,1.849798472,78,Sadness,0,1,0,4.461538462,1.641025641,4.102564103,1,1,True
miserable_pose_3_midj_euna.jpg,1.25,1.597222222,4.169014085,2.013888889,1.152777778,3.527777778,1.333333333,4.305555556,1.183098592,1.583333333,2.833333333,5.861111111,1.25,6.069444444,2.0,1.222222222,1.972222222,4.944444444,5.861111111,0.834974909,1.349592763,2.223163226,1.49640937,0.664167852,2.149170965,0.855800424,2.046218697,0.616669839,1.241875002,2.11633486,1.466101043,0.899921749,1.303585401,1.609828965,0.654824398,1.510267416,1.934773626,1.466101043,72,Sadness,0,1,0,6.069444444,2.0,4.944444444,0,1,True
miserable_pose_3_midj_sa.jpg,1.182926829,1.719512195,2.341463415,2.012195122,1.06097561,2.231707317,1.170731707,3.219512195,1.073170732,2.146341463,2.804878049,5.277108434,1.414634146,5.109756098,1.963414634,1.365853659,2.451219512,4.204819277,5.277108434,0.890665569,1.476351779,1.649687679,1.567367081,0.240758112,1.604767438,0.583833184,2.120006931,0.262019121,1.580138697,1.952769634,1.789626293,1.132583843,1.677785854,1.426773291,1.07165725,1.912612066,2.070460277,1.789626293,83,Sadness,0,1,0,5.109756098,1.963414634,4.204819277,1,1,True
miserablepose3_midj.jpg,1.289156627,1.962962963,2.759036145,1.951807229,1.390243902,2.397590361,1.421686747,3.402439024,1.228915663,1.915662651,2.638554217,5.597560976,1.686746988,4.759036145,1.913580247,1.475609756,2.585365854,3.37804878,5.597560976,0.819430505,1.600347185,1.922843178,1.480800825,0.978233449,1.724569646,1.105644961,1.961731133,0.668549599,1.354349986,2.021701247,1.720319781,1.228996327,1.858338895,1.509946447,1.033101644,1.987312967,2.123590274,1.720319781,83,Sadness,0,1,0,4.759036145,1.913580247,3.37804878,1,1,True
